/*******************************************************************************
 * Size: 32 px
 * Bpp: 8
 * Opts: --bpp 8 --size 32 --no-compress --stride 1 --align 1 --font Inter_28pt-Medium.ttf --range 32-127 --format lvgl -o inter_medium_32.c
 ******************************************************************************/

#ifdef __has_include
    #if __has_include("lvgl.h")
        #ifndef LV_LVGL_H_INCLUDE_SIMPLE
            #define LV_LVGL_H_INCLUDE_SIMPLE
        #endif
    #endif
#endif

#ifdef LV_LVGL_H_INCLUDE_SIMPLE
    #include "lvgl.h"
#else
    #include "lvgl/lvgl.h"
#endif

#if !LV_VERSION_CHECK(9, 3, 0)
#error "At least LVGL v9.3 is required to use the stride attribute of the fonts"
#endif

#ifndef INTER_MEDIUM_32
#define INTER_MEDIUM_32 1
#endif

#if INTER_MEDIUM_32

/*-----------------
 *    BITMAPS
 *----------------*/

/*Store the image of the glyphs*/
static LV_ATTRIBUTE_LARGE_CONST const uint8_t glyph_bitmap[] = {
    /* U+0020 " " */

    /* U+0021 "!" */
    0x00, 0xe2, 0xff, 0xff, 0xba, 0x00,
    0x00, 0xde, 0xff, 0xff, 0xb6, 0x00,
    0x00, 0xda, 0xff, 0xff, 0xb2, 0x00,
    0x00, 0xd6, 0xff, 0xff, 0xae, 0x00,
    0x00, 0xd2, 0xff, 0xff, 0xaa, 0x00,
    0x00, 0xce, 0xff, 0xff, 0xa5, 0x00,
    0x00, 0xca, 0xff, 0xff, 0xa1, 0x00,
    0x00, 0xc5, 0xff, 0xff, 0x9d, 0x00,
    0x00, 0xc1, 0xff, 0xff, 0x99, 0x00,
    0x00, 0xbd, 0xff, 0xff, 0x95, 0x00,
    0x00, 0xb9, 0xff, 0xff, 0x91, 0x00,
    0x00, 0xb5, 0xff, 0xff, 0x8d, 0x00,
    0x00, 0xb1, 0xff, 0xff, 0x89, 0x00,
    0x00, 0xad, 0xff, 0xff, 0x85, 0x00,
    0x00, 0xa9, 0xff, 0xff, 0x80, 0x00,
    0x00, 0xa5, 0xff, 0xff, 0x7c, 0x00,
    0x00, 0x5b, 0x90, 0x90, 0x44, 0x00,
    0x00, 0x00, 0x00, 0x00, 0x00, 0x00,
    0x00, 0x0a, 0x58, 0x50, 0x04, 0x00,
    0x06, 0xcf, 0xff, 0xff, 0xaf, 0x00,
    0x42, 0xff, 0xff, 0xff, 0xff, 0x18,
    0x2a, 0xff, 0xff, 0xff, 0xf6, 0x0b,
    0x00, 0x72, 0xf1, 0xe8, 0x55, 0x00,

    /* U+0022 "\"" */
    0x3f, 0xff, 0xff, 0xef, 0x00, 0x00, 0xcf, 0xff, 0xff, 0x5f,
    0x34, 0xff, 0xff, 0xe4, 0x00, 0x00, 0xc4, 0xff, 0xff, 0x54,
    0x29, 0xff, 0xff, 0xd8, 0x00, 0x00, 0xb9, 0xff, 0xff, 0x48,
    0x1d, 0xff, 0xff, 0xcd, 0x00, 0x00, 0xad, 0xff, 0xff, 0x3d,
    0x13, 0xff, 0xff, 0xc3, 0x00, 0x00, 0xa3, 0xff, 0xff, 0x33,
    0x08, 0xff, 0xff, 0xb8, 0x00, 0x00, 0x98, 0xff, 0xff, 0x28,
    0x00, 0xfd, 0xff, 0xac, 0x00, 0x00, 0x8d, 0xff, 0xff, 0x1c,
    0x00, 0xf1, 0xff, 0xa1, 0x00, 0x00, 0x81, 0xff, 0xff, 0x11,
    0x00, 0x58, 0x60, 0x3a, 0x00, 0x00, 0x2e, 0x60, 0x60, 0x04,

    /* U+0023 "#" */
    0x00, 0x00, 0x00, 0x00, 0x00, 0x00, 0xc5, 0xff, 0xeb, 0x00, 0x00, 0x00, 0x00, 0x00, 0x95, 0xff, 0xff, 0x1b, 0x00, 0x00,
    0x00, 0x00, 0x00, 0x00, 0x00, 0x00, 0xf0, 0xff, 0xc0, 0x00, 0x00, 0x00, 0x00, 0x00, 0xc0, 0xff, 0xf0, 0x00, 0x00, 0x00,
    0x00, 0x00, 0x00, 0x00, 0x00, 0x1b, 0xff, 0xff, 0x95, 0x00, 0x00, 0x00, 0x00, 0x00, 0xeb, 0xff, 0xc5, 0x00, 0x00, 0x00,
    0x00, 0x00, 0x00, 0x00, 0x00, 0x45, 0xff, 0xff, 0x6c, 0x00, 0x00, 0x00, 0x00, 0x15, 0xff, 0xff, 0x9b, 0x00, 0x00, 0x00,
    0x00, 0x00, 0x00, 0x00, 0x00, 0x6f, 0xff, 0xff, 0x41, 0x00, 0x00, 0x00, 0x00, 0x41, 0xff, 0xff, 0x70, 0x00, 0x00, 0x00,
    0x00, 0x00, 0x00, 0x00, 0x00, 0x99, 0xff, 0xff, 0x17, 0x00, 0x00, 0x00, 0x00, 0x6c, 0xff, 0xff, 0x45, 0x00, 0x00, 0x00,
    0x00, 0x25, 0xff, 0xff, 0xff, 0xff, 0xff, 0xff, 0xff, 0xff, 0xff, 0xff, 0xff, 0xff, 0xff, 0xff, 0xff, 0xff, 0xff, 0x74,
    0x00, 0x50, 0xff, 0xff, 0xff, 0xff, 0xff, 0xff, 0xff, 0xff, 0xff, 0xff, 0xff, 0xff, 0xff, 0xff, 0xff, 0xff, 0xff, 0x4c,
    0x00, 0x53, 0xb4, 0xb4, 0xc1, 0xff, 0xff, 0xdf, 0xb4, 0xb4, 0xb4, 0xb4, 0xb4, 0xff, 0xff, 0xea, 0xb4, 0xb4, 0xb4, 0x1e,
    0x00, 0x00, 0x00, 0x00, 0x43, 0xff, 0xff, 0x6d, 0x00, 0x00, 0x00, 0x00, 0x17, 0xff, 0xff, 0x9b, 0x00, 0x00, 0x00, 0x00,
    0x00, 0x00, 0x00, 0x00, 0x6d, 0xff, 0xff, 0x43, 0x00, 0x00, 0x00, 0x00, 0x41, 0xff, 0xff, 0x70, 0x00, 0x00, 0x00, 0x00,
    0x00, 0x00, 0x00, 0x00, 0x98, 0xff, 0xff, 0x18, 0x00, 0x00, 0x00, 0x00, 0x6c, 0xff, 0xff, 0x45, 0x00, 0x00, 0x00, 0x00,
    0x00, 0x00, 0x00, 0x00, 0xc3, 0xff, 0xed, 0x00, 0x00, 0x00, 0x00, 0x00, 0x97, 0xff, 0xff, 0x1b, 0x00, 0x00, 0x00, 0x00,
    0x00, 0x00, 0x00, 0x00, 0xed, 0xff, 0xc3, 0x00, 0x00, 0x00, 0x00, 0x00, 0xc1, 0xff, 0xf1, 0x00, 0x00, 0x00, 0x00, 0x00,
    0x86, 0xff, 0xff, 0xff, 0xff, 0xff, 0xff, 0xff, 0xff, 0xff, 0xff, 0xff, 0xff, 0xff, 0xff, 0xff, 0xff, 0xff, 0x1b, 0x00,
    0xb2, 0xff, 0xff, 0xff, 0xff, 0xff, 0xff, 0xff, 0xff, 0xff, 0xff, 0xff, 0xff, 0xff, 0xff, 0xff, 0xff, 0xf1, 0x00, 0x00,
    0x90, 0xac, 0xac, 0xd5, 0xff, 0xff, 0xbe, 0xac, 0xac, 0xac, 0xac, 0xc8, 0xff, 0xff, 0xce, 0xac, 0xac, 0x8b, 0x00, 0x00,
    0x00, 0x00, 0x00, 0x97, 0xff, 0xff, 0x19, 0x00, 0x00, 0x00, 0x00, 0x6d, 0xff, 0xff, 0x47, 0x00, 0x00, 0x00, 0x00, 0x00,
    0x00, 0x00, 0x00, 0xc1, 0xff, 0xef, 0x00, 0x00, 0x00, 0x00, 0x00, 0x98, 0xff, 0xff, 0x1c, 0x00, 0x00, 0x00, 0x00, 0x00,
    0x00, 0x00, 0x00, 0xec, 0xff, 0xc4, 0x00, 0x00, 0x00, 0x00, 0x00, 0xc3, 0xff, 0xf1, 0x00, 0x00, 0x00, 0x00, 0x00, 0x00,
    0x00, 0x00, 0x17, 0xff, 0xff, 0x9a, 0x00, 0x00, 0x00, 0x00, 0x00, 0xed, 0xff, 0xc7, 0x00, 0x00, 0x00, 0x00, 0x00, 0x00,
    0x00, 0x00, 0x40, 0xff, 0xff, 0x70, 0x00, 0x00, 0x00, 0x00, 0x18, 0xff, 0xff, 0x9c, 0x00, 0x00, 0x00, 0x00, 0x00, 0x00,
    0x00, 0x00, 0x6b, 0xff, 0xff, 0x45, 0x00, 0x00, 0x00, 0x00, 0x43, 0xff, 0xff, 0x72, 0x00, 0x00, 0x00, 0x00, 0x00, 0x00,

    /* U+0024 "$" */
    0x00, 0x00, 0x00, 0x00, 0x00, 0x00, 0x00, 0x20, 0xff, 0xff, 0x5c, 0x00, 0x00, 0x00, 0x00, 0x00, 0x00, 0x00,
    0x00, 0x00, 0x00, 0x00, 0x00, 0x00, 0x00, 0x20, 0xff, 0xff, 0x5c, 0x00, 0x00, 0x00, 0x00, 0x00, 0x00, 0x00,
    0x00, 0x00, 0x00, 0x00, 0x00, 0x00, 0x00, 0x20, 0xff, 0xff, 0x5c, 0x00, 0x00, 0x00, 0x00, 0x00, 0x00, 0x00,
    0x00, 0x00, 0x00, 0x00, 0x00, 0x00, 0x00, 0x20, 0xff, 0xff, 0x5c, 0x00, 0x00, 0x00, 0x00, 0x00, 0x00, 0x00,
    0x00, 0x00, 0x00, 0x00, 0x1b, 0x79, 0xbc, 0xe9, 0xff, 0xff, 0xf0, 0xc2, 0x7e, 0x1d, 0x00, 0x00, 0x00, 0x00,
    0x00, 0x00, 0x04, 0x85, 0xf9, 0xff, 0xff, 0xff, 0xff, 0xff, 0xff, 0xff, 0xff, 0xfa, 0x85, 0x04, 0x00, 0x00,
    0x00, 0x03, 0xb1, 0xff, 0xff, 0xff, 0xff, 0xff, 0xff, 0xff, 0xff, 0xff, 0xff, 0xff, 0xff, 0xa9, 0x01, 0x00,
    0x00, 0x74, 0xff, 0xff, 0xff, 0xf0, 0x80, 0x51, 0xff, 0xff, 0x83, 0x7d, 0xf0, 0xff, 0xff, 0xff, 0x6a, 0x00,
    0x02, 0xe7, 0xff, 0xff, 0xe9, 0x22, 0x00, 0x20, 0xff, 0xff, 0x5c, 0x00, 0x22, 0xe6, 0xff, 0xff, 0xe2, 0x02,
    0x24, 0xff, 0xff, 0xff, 0x6e, 0x00, 0x00, 0x20, 0xff, 0xff, 0x5c, 0x00, 0x00, 0x5e, 0xff, 0xff, 0xff, 0x30,
    0x36, 0xff, 0xff, 0xff, 0x49, 0x00, 0x00, 0x20, 0xff, 0xff, 0x5c, 0x00, 0x00, 0x13, 0xe4, 0xe4, 0xe4, 0x49,
    0x1c, 0xff, 0xff, 0xff, 0x8e, 0x00, 0x00, 0x20, 0xff, 0xff, 0x5c, 0x00, 0x00, 0x00, 0x00, 0x00, 0x00, 0x00,
    0x00, 0xd0, 0xff, 0xff, 0xfe, 0x84, 0x0d, 0x20, 0xff, 0xff, 0x5c, 0x00, 0x00, 0x00, 0x00, 0x00, 0x00, 0x00,
    0x00, 0x3c, 0xfa, 0xff, 0xff, 0xff, 0xf2, 0xb3, 0xff, 0xff, 0x5c, 0x00, 0x00, 0x00, 0x00, 0x00, 0x00, 0x00,
    0x00, 0x00, 0x45, 0xe8, 0xff, 0xff, 0xff, 0xff, 0xff, 0xff, 0xea, 0xa4, 0x5d, 0x0f, 0x00, 0x00, 0x00, 0x00,
    0x00, 0x00, 0x00, 0x0e, 0x78, 0xdb, 0xff, 0xff, 0xff, 0xff, 0xff, 0xff, 0xff, 0xf6, 0x97, 0x16, 0x00, 0x00,
    0x00, 0x00, 0x00, 0x00, 0x00, 0x00, 0x2a, 0x7c, 0xff, 0xff, 0xff, 0xff, 0xff, 0xff, 0xff, 0xeb, 0x3d, 0x00,
    0x00, 0x00, 0x00, 0x00, 0x00, 0x00, 0x00, 0x20, 0xff, 0xff, 0x7b, 0x6e, 0xd2, 0xff, 0xff, 0xff, 0xf0, 0x1e,
    0x00, 0x00, 0x00, 0x00, 0x00, 0x00, 0x00, 0x20, 0xff, 0xff, 0x5c, 0x00, 0x02, 0x79, 0xff, 0xff, 0xff, 0x96,
    0x4c, 0x6c, 0x6c, 0x55, 0x00, 0x00, 0x00, 0x20, 0xff, 0xff, 0x5c, 0x00, 0x00, 0x00, 0xc0, 0xff, 0xff, 0xd7,
    0xa7, 0xff, 0xff, 0xe2, 0x00, 0x00, 0x00, 0x20, 0xff, 0xff, 0x5c, 0x00, 0x00, 0x00, 0x94, 0xff, 0xff, 0xea,
    0x7a, 0xff, 0xff, 0xff, 0x3c, 0x00, 0x00, 0x20, 0xff, 0xff, 0x5c, 0x00, 0x00, 0x00, 0xc8, 0xff, 0xff, 0xd4,
    0x26, 0xfe, 0xff, 0xff, 0xda, 0x1c, 0x00, 0x20, 0xff, 0xff, 0x5c, 0x00, 0x00, 0x70, 0xff, 0xff, 0xff, 0x91,
    0x00, 0x9b, 0xff, 0xff, 0xff, 0xef, 0x83, 0x55, 0xff, 0xff, 0x75, 0x53, 0xb6, 0xff, 0xff, 0xff, 0xf5, 0x21,
    0x00, 0x0b, 0xc4, 0xff, 0xff, 0xff, 0xff, 0xff, 0xff, 0xff, 0xff, 0xff, 0xff, 0xff, 0xff, 0xfb, 0x51, 0x00,
    0x00, 0x00, 0x08, 0x8e, 0xfa, 0xff, 0xff, 0xff, 0xff, 0xff, 0xff, 0xff, 0xff, 0xff, 0xd6, 0x3c, 0x00, 0x00,
    0x00, 0x00, 0x00, 0x00, 0x1d, 0x78, 0xba, 0xe8, 0xff, 0xff, 0xf6, 0xd2, 0x9c, 0x4b, 0x02, 0x00, 0x00, 0x00,
    0x00, 0x00, 0x00, 0x00, 0x00, 0x00, 0x00, 0x20, 0xff, 0xff, 0x5c, 0x00, 0x00, 0x00, 0x00, 0x00, 0x00, 0x00,
    0x00, 0x00, 0x00, 0x00, 0x00, 0x00, 0x00, 0x20, 0xff, 0xff, 0x5c, 0x00, 0x00, 0x00, 0x00, 0x00, 0x00, 0x00,
    0x00, 0x00, 0x00, 0x00, 0x00, 0x00, 0x00, 0x20, 0xff, 0xff, 0x5c, 0x00, 0x00, 0x00, 0x00, 0x00, 0x00, 0x00,

    /* U+0025 "%" */
    0x00, 0x00, 0x3e, 0xb6, 0xf0, 0xfc, 0xe0, 0x8f, 0x14, 0x00, 0x00, 0x00, 0x00, 0x00, 0x00, 0x00, 0x00, 0x00, 0x71, 0xff, 0xff, 0x7a, 0x00, 0x00, 0x00,
    0x00, 0x67, 0xfe, 0xff, 0xff, 0xff, 0xff, 0xff, 0xe0, 0x1c, 0x00, 0x00, 0x00, 0x00, 0x00, 0x00, 0x00, 0x2c, 0xf8, 0xff, 0xc5, 0x03, 0x00, 0x00, 0x00,
    0x22, 0xf9, 0xff, 0xee, 0x6e, 0x50, 0xa0, 0xff, 0xff, 0xb0, 0x00, 0x00, 0x00, 0x00, 0x00, 0x00, 0x06, 0xcf, 0xff, 0xf4, 0x22, 0x00, 0x00, 0x00, 0x00,
    0x7e, 0xff, 0xff, 0x52, 0x00, 0x00, 0x00, 0xbe, 0xff, 0xfe, 0x14, 0x00, 0x00, 0x00, 0x00, 0x00, 0x87, 0xff, 0xff, 0x65, 0x00, 0x00, 0x00, 0x00, 0x00,
    0xa6, 0xff, 0xff, 0x0c, 0x00, 0x00, 0x00, 0x78, 0xff, 0xff, 0x3a, 0x00, 0x00, 0x00, 0x00, 0x3c, 0xfd, 0xff, 0xb2, 0x00, 0x00, 0x00, 0x00, 0x00, 0x00,
    0xaa, 0xff, 0xff, 0x07, 0x00, 0x00, 0x00, 0x73, 0xff, 0xff, 0x3d, 0x00, 0x00, 0x00, 0x0e, 0xde, 0xff, 0xea, 0x17, 0x00, 0x00, 0x00, 0x00, 0x00, 0x00,
    0x90, 0xff, 0xff, 0x31, 0x00, 0x00, 0x00, 0x9e, 0xff, 0xff, 0x24, 0x00, 0x00, 0x00, 0x9d, 0xff, 0xff, 0x4e, 0x00, 0x00, 0x00, 0x00, 0x00, 0x00, 0x00,
    0x40, 0xff, 0xff, 0xc7, 0x25, 0x07, 0x57, 0xfa, 0xff, 0xd7, 0x00, 0x00, 0x00, 0x51, 0xff, 0xff, 0x9b, 0x00, 0x00, 0x00, 0x00, 0x00, 0x00, 0x00, 0x00,
    0x00, 0xa8, 0xff, 0xff, 0xff, 0xff, 0xff, 0xff, 0xfc, 0x42, 0x00, 0x00, 0x17, 0xea, 0xff, 0xde, 0x0c, 0x00, 0x00, 0x00, 0x00, 0x00, 0x00, 0x00, 0x00,
    0x00, 0x06, 0x8e, 0xf8, 0xff, 0xff, 0xff, 0xdc, 0x45, 0x00, 0x00, 0x00, 0xb3, 0xff, 0xfd, 0x3b, 0x00, 0x00, 0x00, 0x00, 0x00, 0x00, 0x00, 0x00, 0x00,
    0x00, 0x00, 0x00, 0x0e, 0x41, 0x4c, 0x30, 0x01, 0x00, 0x00, 0x00, 0x66, 0xff, 0xff, 0x86, 0x00, 0x00, 0x00, 0x00, 0x00, 0x00, 0x00, 0x00, 0x00, 0x00,
    0x00, 0x00, 0x00, 0x00, 0x00, 0x00, 0x00, 0x00, 0x00, 0x00, 0x25, 0xf4, 0xff, 0xce, 0x06, 0x00, 0x00, 0x01, 0x2c, 0x44, 0x31, 0x04, 0x00, 0x00, 0x00,
    0x00, 0x00, 0x00, 0x00, 0x00, 0x00, 0x00, 0x00, 0x00, 0x03, 0xc6, 0xff, 0xf8, 0x2a, 0x00, 0x00, 0x46, 0xdc, 0xff, 0xff, 0xff, 0xe6, 0x5a, 0x00, 0x00,
    0x00, 0x00, 0x00, 0x00, 0x00, 0x00, 0x00, 0x00, 0x00, 0x7d, 0xff, 0xff, 0x6e, 0x00, 0x00, 0x46, 0xfc, 0xff, 0xff, 0xff, 0xff, 0xff, 0xff, 0x5f, 0x00,
    0x00, 0x00, 0x00, 0x00, 0x00, 0x00, 0x00, 0x00, 0x33, 0xfb, 0xff, 0xbd, 0x01, 0x00, 0x02, 0xdb, 0xff, 0xf7, 0x4e, 0x07, 0x3c, 0xec, 0xff, 0xee, 0x0b,
    0x00, 0x00, 0x00, 0x00, 0x00, 0x00, 0x00, 0x09, 0xd7, 0xff, 0xef, 0x1c, 0x00, 0x00, 0x37, 0xff, 0xff, 0x8c, 0x00, 0x00, 0x00, 0x71, 0xff, 0xff, 0x50,
    0x00, 0x00, 0x00, 0x00, 0x00, 0x00, 0x00, 0x92, 0xff, 0xff, 0x5a, 0x00, 0x00, 0x00, 0x61, 0xff, 0xff, 0x52, 0x00, 0x00, 0x00, 0x3a, 0xff, 0xff, 0x78,
    0x00, 0x00, 0x00, 0x00, 0x00, 0x00, 0x46, 0xff, 0xff, 0xa7, 0x00, 0x00, 0x00, 0x00, 0x67, 0xff, 0xff, 0x49, 0x00, 0x00, 0x00, 0x31, 0xff, 0xff, 0x7f,
    0x00, 0x00, 0x00, 0x00, 0x00, 0x12, 0xe5, 0xff, 0xe4, 0x11, 0x00, 0x00, 0x00, 0x00, 0x59, 0xff, 0xff, 0x5c, 0x00, 0x00, 0x00, 0x44, 0xff, 0xff, 0x70,
    0x00, 0x00, 0x00, 0x00, 0x00, 0xa9, 0xff, 0xff, 0x43, 0x00, 0x00, 0x00, 0x00, 0x00, 0x25, 0xff, 0xff, 0xae, 0x00, 0x00, 0x00, 0x94, 0xff, 0xff, 0x3d,
    0x00, 0x00, 0x00, 0x00, 0x5a, 0xff, 0xff, 0x92, 0x00, 0x00, 0x00, 0x00, 0x00, 0x00, 0x00, 0xbb, 0xff, 0xff, 0x9c, 0x56, 0x8e, 0xfe, 0xff, 0xd3, 0x01,
    0x00, 0x00, 0x00, 0x1d, 0xf0, 0xff, 0xd6, 0x08, 0x00, 0x00, 0x00, 0x00, 0x00, 0x00, 0x00, 0x1f, 0xe3, 0xff, 0xff, 0xff, 0xff, 0xff, 0xef, 0x30, 0x00,
    0x00, 0x00, 0x02, 0xbd, 0xff, 0xfb, 0x33, 0x00, 0x00, 0x00, 0x00, 0x00, 0x00, 0x00, 0x00, 0x00, 0x17, 0x95, 0xe4, 0xfc, 0xe9, 0xa2, 0x22, 0x00, 0x00,

    /* U+0026 "&" */
    0x00, 0x00, 0x00, 0x00, 0x26, 0x97, 0xdc, 0xfa, 0xf9, 0xd8, 0x91, 0x1e, 0x00, 0x00, 0x00, 0x00, 0x00, 0x00, 0x00, 0x00,
    0x00, 0x00, 0x00, 0x59, 0xf9, 0xff, 0xff, 0xff, 0xff, 0xff, 0xff, 0xf3, 0x47, 0x00, 0x00, 0x00, 0x00, 0x00, 0x00, 0x00,
    0x00, 0x00, 0x2e, 0xfa, 0xff, 0xff, 0xfe, 0xd4, 0xd8, 0xff, 0xff, 0xff, 0xf2, 0x1a, 0x00, 0x00, 0x00, 0x00, 0x00, 0x00,
    0x00, 0x00, 0xa4, 0xff, 0xff, 0xe6, 0x2f, 0x00, 0x00, 0x37, 0xee, 0xff, 0xff, 0x7f, 0x00, 0x00, 0x00, 0x00, 0x00, 0x00,
    0x00, 0x00, 0xe2, 0xff, 0xff, 0x62, 0x00, 0x00, 0x00, 0x00, 0x80, 0xff, 0xff, 0xad, 0x00, 0x00, 0x00, 0x00, 0x00, 0x00,
    0x00, 0x00, 0xf0, 0xff, 0xff, 0x3d, 0x00, 0x00, 0x00, 0x00, 0x75, 0xff, 0xff, 0xa6, 0x00, 0x00, 0x00, 0x00, 0x00, 0x00,
    0x00, 0x00, 0xd0, 0xff, 0xff, 0x6f, 0x00, 0x00, 0x00, 0x09, 0xd7, 0xff, 0xff, 0x6a, 0x00, 0x00, 0x00, 0x00, 0x00, 0x00,
    0x00, 0x00, 0x7c, 0xff, 0xff, 0xe5, 0x11, 0x00, 0x12, 0xba, 0xff, 0xff, 0xe2, 0x0c, 0x00, 0x00, 0x00, 0x00, 0x00, 0x00,
    0x00, 0x00, 0x0f, 0xe8, 0xff, 0xff, 0xb3, 0x4a, 0xe5, 0xff, 0xff, 0xf4, 0x37, 0x00, 0x00, 0x00, 0x00, 0x00, 0x00, 0x00,
    0x00, 0x00, 0x00, 0x4a, 0xff, 0xff, 0xff, 0xff, 0xff, 0xff, 0xe2, 0x34, 0x00, 0x00, 0x00, 0x00, 0x00, 0x00, 0x00, 0x00,
    0x00, 0x00, 0x00, 0x00, 0xa1, 0xff, 0xff, 0xff, 0xff, 0xa9, 0x11, 0x00, 0x00, 0x00, 0x00, 0x00, 0x00, 0x00, 0x00, 0x00,
    0x00, 0x00, 0x01, 0x78, 0xfc, 0xff, 0xff, 0xff, 0xff, 0x3e, 0x00, 0x00, 0x00, 0x00, 0x00, 0x00, 0x00, 0x00, 0x00, 0x00,
    0x00, 0x05, 0xa5, 0xff, 0xff, 0xff, 0xfb, 0xff, 0xff, 0xed, 0x25, 0x00, 0x00, 0x00, 0x2e, 0x84, 0x84, 0x5c, 0x00, 0x00,
    0x00, 0xa4, 0xff, 0xff, 0xff, 0x86, 0x20, 0xe4, 0xff, 0xff, 0xdb, 0x13, 0x00, 0x00, 0x6b, 0xff, 0xff, 0xa9, 0x00, 0x00,
    0x50, 0xff, 0xff, 0xff, 0x6f, 0x00, 0x00, 0x2e, 0xf2, 0xff, 0xff, 0xc2, 0x07, 0x00, 0x9c, 0xff, 0xff, 0x8c, 0x00, 0x00,
    0xaf, 0xff, 0xff, 0xc4, 0x00, 0x00, 0x00, 0x00, 0x45, 0xfb, 0xff, 0xff, 0xa4, 0x09, 0xeb, 0xff, 0xff, 0x56, 0x00, 0x00,
    0xd5, 0xff, 0xff, 0x89, 0x00, 0x00, 0x00, 0x00, 0x00, 0x64, 0xff, 0xff, 0xff, 0xca, 0xff, 0xff, 0xf6, 0x0f, 0x00, 0x00,
    0xc8, 0xff, 0xff, 0xa9, 0x00, 0x00, 0x00, 0x00, 0x00, 0x00, 0x84, 0xff, 0xff, 0xff, 0xff, 0xff, 0x97, 0x00, 0x00, 0x00,
    0x94, 0xff, 0xff, 0xfa, 0x30, 0x00, 0x00, 0x00, 0x00, 0x00, 0x01, 0xb4, 0xff, 0xff, 0xff, 0xeb, 0x15, 0x00, 0x00, 0x00,
    0x2e, 0xfd, 0xff, 0xff, 0xee, 0x5d, 0x06, 0x00, 0x00, 0x1a, 0x87, 0xf9, 0xff, 0xff, 0xff, 0xef, 0x26, 0x00, 0x00, 0x00,
    0x00, 0x7a, 0xff, 0xff, 0xff, 0xff, 0xf5, 0xd3, 0xe0, 0xff, 0xff, 0xff, 0xff, 0xff, 0xff, 0xff, 0xdb, 0x13, 0x00, 0x00,
    0x00, 0x00, 0x6d, 0xf6, 0xff, 0xff, 0xff, 0xff, 0xff, 0xff, 0xff, 0xff, 0xbd, 0x41, 0xe9, 0xff, 0xff, 0xc4, 0x07, 0x00,
    0x00, 0x00, 0x00, 0x1a, 0x7e, 0xc6, 0xee, 0xfd, 0xf5, 0xd2, 0x95, 0x3c, 0x00, 0x00, 0x36, 0xf6, 0xff, 0xff, 0xa4, 0x01,

    /* U+0027 "'" */
    0x3f, 0xff, 0xff, 0xef,
    0x34, 0xff, 0xff, 0xe4,
    0x29, 0xff, 0xff, 0xd8,
    0x1d, 0xff, 0xff, 0xcd,
    0x13, 0xff, 0xff, 0xc3,
    0x08, 0xff, 0xff, 0xb8,
    0x00, 0xfd, 0xff, 0xac,
    0x00, 0xf1, 0xff, 0xa1,
    0x00, 0x58, 0x60, 0x3a,

    /* U+0028 "(" */
    0x00, 0x00, 0x00, 0x1c, 0xec, 0xf4, 0xf4, 0x2e,
    0x00, 0x00, 0x00, 0x98, 0xff, 0xff, 0xbf, 0x00,
    0x00, 0x00, 0x15, 0xf8, 0xff, 0xff, 0x56, 0x00,
    0x00, 0x00, 0x74, 0xff, 0xff, 0xee, 0x07, 0x00,
    0x00, 0x00, 0xd1, 0xff, 0xff, 0x9f, 0x00, 0x00,
    0x00, 0x21, 0xff, 0xff, 0xff, 0x4f, 0x00, 0x00,
    0x00, 0x69, 0xff, 0xff, 0xfa, 0x0b, 0x00, 0x00,
    0x00, 0xa8, 0xff, 0xff, 0xc4, 0x00, 0x00, 0x00,
    0x00, 0xe2, 0xff, 0xff, 0x8a, 0x00, 0x00, 0x00,
    0x14, 0xff, 0xff, 0xff, 0x56, 0x00, 0x00, 0x00,
    0x3e, 0xff, 0xff, 0xff, 0x29, 0x00, 0x00, 0x00,
    0x60, 0xff, 0xff, 0xfe, 0x06, 0x00, 0x00, 0x00,
    0x7c, 0xff, 0xff, 0xe8, 0x00, 0x00, 0x00, 0x00,
    0x8e, 0xff, 0xff, 0xd2, 0x00, 0x00, 0x00, 0x00,
    0x98, 0xff, 0xff, 0xc8, 0x00, 0x00, 0x00, 0x00,
    0x9a, 0xff, 0xff, 0xc6, 0x00, 0x00, 0x00, 0x00,
    0x91, 0xff, 0xff, 0xce, 0x00, 0x00, 0x00, 0x00,
    0x7f, 0xff, 0xff, 0xe1, 0x00, 0x00, 0x00, 0x00,
    0x65, 0xff, 0xff, 0xfc, 0x04, 0x00, 0x00, 0x00,
    0x3f, 0xff, 0xff, 0xff, 0x27, 0x00, 0x00, 0x00,
    0x12, 0xff, 0xff, 0xff, 0x5b, 0x00, 0x00, 0x00,
    0x00, 0xd6, 0xff, 0xff, 0x97, 0x00, 0x00, 0x00,
    0x00, 0x95, 0xff, 0xff, 0xde, 0x00, 0x00, 0x00,
    0x00, 0x46, 0xff, 0xff, 0xff, 0x2e, 0x00, 0x00,
    0x00, 0x05, 0xe9, 0xff, 0xff, 0x85, 0x00, 0x00,
    0x00, 0x00, 0x8b, 0xff, 0xff, 0xe2, 0x03, 0x00,
    0x00, 0x00, 0x1f, 0xfc, 0xff, 0xff, 0x4c, 0x00,
    0x00, 0x00, 0x00, 0xa0, 0xff, 0xff, 0xba, 0x00,
    0x00, 0x00, 0x00, 0x1f, 0xf7, 0xff, 0xff, 0x2d,

    /* U+0029 ")" */
    0x02, 0xcf, 0xf4, 0xf4, 0x64, 0x00, 0x00, 0x00,
    0x00, 0x6a, 0xff, 0xff, 0xe7, 0x08, 0x00, 0x00,
    0x00, 0x0d, 0xf4, 0xff, 0xff, 0x63, 0x00, 0x00,
    0x00, 0x00, 0xa0, 0xff, 0xff, 0xcb, 0x00, 0x00,
    0x00, 0x00, 0x47, 0xff, 0xff, 0xff, 0x25, 0x00,
    0x00, 0x00, 0x06, 0xf1, 0xff, 0xff, 0x76, 0x00,
    0x00, 0x00, 0x00, 0xad, 0xff, 0xff, 0xbe, 0x00,
    0x00, 0x00, 0x00, 0x6c, 0xff, 0xff, 0xf8, 0x06,
    0x00, 0x00, 0x00, 0x32, 0xff, 0xff, 0xff, 0x37,
    0x00, 0x00, 0x00, 0x05, 0xf9, 0xff, 0xff, 0x6a,
    0x00, 0x00, 0x00, 0x00, 0xd2, 0xff, 0xff, 0x94,
    0x00, 0x00, 0x00, 0x00, 0xac, 0xff, 0xff, 0xb8,
    0x00, 0x00, 0x00, 0x00, 0x91, 0xff, 0xff, 0xd3,
    0x00, 0x00, 0x00, 0x00, 0x7b, 0xff, 0xff, 0xe6,
    0x00, 0x00, 0x00, 0x00, 0x71, 0xff, 0xff, 0xf0,
    0x00, 0x00, 0x00, 0x00, 0x6e, 0xff, 0xff, 0xf2,
    0x00, 0x00, 0x00, 0x00, 0x76, 0xff, 0xff, 0xe8,
    0x00, 0x00, 0x00, 0x00, 0x8a, 0xff, 0xff, 0xd7,
    0x00, 0x00, 0x00, 0x00, 0xa9, 0xff, 0xff, 0xbe,
    0x00, 0x00, 0x00, 0x00, 0xd3, 0xff, 0xff, 0x97,
    0x00, 0x00, 0x00, 0x0a, 0xfb, 0xff, 0xff, 0x69,
    0x00, 0x00, 0x00, 0x44, 0xff, 0xff, 0xff, 0x30,
    0x00, 0x00, 0x00, 0x8b, 0xff, 0xff, 0xeb, 0x02,
    0x00, 0x00, 0x00, 0xd9, 0xff, 0xff, 0x9f, 0x00,
    0x00, 0x00, 0x31, 0xff, 0xff, 0xff, 0x46, 0x00,
    0x00, 0x00, 0x90, 0xff, 0xff, 0xe2, 0x02, 0x00,
    0x00, 0x09, 0xee, 0xff, 0xff, 0x73, 0x00, 0x00,
    0x00, 0x65, 0xff, 0xff, 0xeb, 0x0c, 0x00, 0x00,
    0x02, 0xd8, 0xff, 0xff, 0x6a, 0x00, 0x00, 0x00,

    /* U+002A "*" */
    0x00, 0x00, 0x00, 0x00, 0x00, 0x3e, 0xff, 0xff, 0x2a, 0x00, 0x00, 0x00, 0x00, 0x00,
    0x00, 0x00, 0x00, 0x00, 0x00, 0x33, 0xff, 0xff, 0x1f, 0x00, 0x00, 0x00, 0x00, 0x00,
    0x00, 0x43, 0x6e, 0x02, 0x00, 0x27, 0xff, 0xff, 0x13, 0x00, 0x05, 0x7c, 0x34, 0x00,
    0x03, 0xd3, 0xff, 0xc6, 0x2b, 0x1b, 0xff, 0xff, 0x07, 0x34, 0xd1, 0xff, 0xc2, 0x00,
    0x1b, 0xc8, 0xff, 0xff, 0xf9, 0x8d, 0xff, 0xfd, 0x8c, 0xfd, 0xff, 0xff, 0xbd, 0x11,
    0x00, 0x00, 0x48, 0xca, 0xff, 0xff, 0xff, 0xff, 0xff, 0xff, 0xc0, 0x40, 0x00, 0x00,
    0x00, 0x00, 0x00, 0x01, 0x8a, 0xff, 0xff, 0xff, 0xff, 0x77, 0x00, 0x00, 0x00, 0x00,
    0x00, 0x00, 0x38, 0xba, 0xff, 0xff, 0xff, 0xff, 0xff, 0xff, 0xb0, 0x2f, 0x00, 0x00,
    0x19, 0xb3, 0xff, 0xff, 0xfd, 0x98, 0xff, 0xfd, 0x99, 0xff, 0xff, 0xfe, 0xa9, 0x10,
    0x06, 0xdc, 0xff, 0xd2, 0x34, 0x1b, 0xff, 0xff, 0x07, 0x3f, 0xdc, 0xff, 0xcc, 0x02,
    0x00, 0x4b, 0x7e, 0x05, 0x00, 0x27, 0xff, 0xff, 0x12, 0x00, 0x0a, 0x8b, 0x3b, 0x00,
    0x00, 0x00, 0x00, 0x00, 0x00, 0x32, 0xff, 0xff, 0x1e, 0x00, 0x00, 0x00, 0x00, 0x00,
    0x00, 0x00, 0x00, 0x00, 0x00, 0x3e, 0xff, 0xff, 0x29, 0x00, 0x00, 0x00, 0x00, 0x00,
    0x00, 0x00, 0x00, 0x00, 0x00, 0x03, 0x0c, 0x0c, 0x02, 0x00, 0x00, 0x00, 0x00, 0x00,

    /* U+002B "+" */
    0x00, 0x00, 0x00, 0x00, 0x00, 0x00, 0x34, 0xff, 0xff, 0xd0, 0x00, 0x00, 0x00, 0x00, 0x00, 0x00,
    0x00, 0x00, 0x00, 0x00, 0x00, 0x00, 0x34, 0xff, 0xff, 0xd0, 0x00, 0x00, 0x00, 0x00, 0x00, 0x00,
    0x00, 0x00, 0x00, 0x00, 0x00, 0x00, 0x34, 0xff, 0xff, 0xd0, 0x00, 0x00, 0x00, 0x00, 0x00, 0x00,
    0x00, 0x00, 0x00, 0x00, 0x00, 0x00, 0x34, 0xff, 0xff, 0xd0, 0x00, 0x00, 0x00, 0x00, 0x00, 0x00,
    0x00, 0x00, 0x00, 0x00, 0x00, 0x00, 0x34, 0xff, 0xff, 0xd0, 0x00, 0x00, 0x00, 0x00, 0x00, 0x00,
    0x00, 0x00, 0x00, 0x00, 0x00, 0x00, 0x34, 0xff, 0xff, 0xd0, 0x00, 0x00, 0x00, 0x00, 0x00, 0x00,
    0x56, 0xe4, 0xe4, 0xe4, 0xe4, 0xe4, 0xeb, 0xff, 0xff, 0xfd, 0xe4, 0xe4, 0xe4, 0xe4, 0xe4, 0xdd,
    0x60, 0xff, 0xff, 0xff, 0xff, 0xff, 0xff, 0xff, 0xff, 0xff, 0xff, 0xff, 0xff, 0xff, 0xff, 0xf8,
    0x60, 0xff, 0xff, 0xff, 0xff, 0xff, 0xff, 0xff, 0xff, 0xff, 0xff, 0xff, 0xff, 0xff, 0xff, 0xf8,
    0x00, 0x00, 0x00, 0x00, 0x00, 0x00, 0x34, 0xff, 0xff, 0xd0, 0x00, 0x00, 0x00, 0x00, 0x00, 0x00,
    0x00, 0x00, 0x00, 0x00, 0x00, 0x00, 0x34, 0xff, 0xff, 0xd0, 0x00, 0x00, 0x00, 0x00, 0x00, 0x00,
    0x00, 0x00, 0x00, 0x00, 0x00, 0x00, 0x34, 0xff, 0xff, 0xd0, 0x00, 0x00, 0x00, 0x00, 0x00, 0x00,
    0x00, 0x00, 0x00, 0x00, 0x00, 0x00, 0x34, 0xff, 0xff, 0xd0, 0x00, 0x00, 0x00, 0x00, 0x00, 0x00,
    0x00, 0x00, 0x00, 0x00, 0x00, 0x00, 0x34, 0xff, 0xff, 0xd0, 0x00, 0x00, 0x00, 0x00, 0x00, 0x00,
    0x00, 0x00, 0x00, 0x00, 0x00, 0x00, 0x34, 0xff, 0xff, 0xd0, 0x00, 0x00, 0x00, 0x00, 0x00, 0x00,
    0x00, 0x00, 0x00, 0x00, 0x00, 0x00, 0x1a, 0x80, 0x80, 0x68, 0x00, 0x00, 0x00, 0x00, 0x00, 0x00,

    /* U+002C "," */
    0x00, 0x21, 0x34, 0x34, 0x2a,
    0x00, 0xb8, 0xff, 0xff, 0xa4,
    0x00, 0xe2, 0xff, 0xff, 0x59,
    0x0c, 0xff, 0xff, 0xfd, 0x13,
    0x34, 0xff, 0xff, 0xc5, 0x00,
    0x5c, 0xff, 0xff, 0x7c, 0x00,
    0x86, 0xff, 0xff, 0x31, 0x00,
    0xae, 0xff, 0xe6, 0x01, 0x00,
    0xd8, 0xff, 0x9e, 0x00, 0x00,

    /* U+002D "-" */
    0x19, 0xe4, 0xe4, 0xe4, 0xe4, 0xe4, 0xe4, 0xe4, 0xe4, 0xe4, 0xe4, 0x2e,
    0x1c, 0xff, 0xff, 0xff, 0xff, 0xff, 0xff, 0xff, 0xff, 0xff, 0xff, 0x34,
    0x1c, 0xff, 0xff, 0xff, 0xff, 0xff, 0xff, 0xff, 0xff, 0xff, 0xff, 0x34,

    /* U+002E "." */
    0x00, 0x0a, 0x58, 0x4f, 0x04, 0x00,
    0x06, 0xcf, 0xff, 0xff, 0xab, 0x00,
    0x41, 0xff, 0xff, 0xff, 0xff, 0x14,
    0x28, 0xff, 0xff, 0xff, 0xf4, 0x09,
    0x00, 0x71, 0xf0, 0xe7, 0x51, 0x00,

    /* U+002F "/" */
    0x00, 0x00, 0x00, 0x00, 0x00, 0x00, 0x00, 0x5e, 0xff, 0xff, 0xa2,
    0x00, 0x00, 0x00, 0x00, 0x00, 0x00, 0x00, 0xa3, 0xff, 0xff, 0x5d,
    0x00, 0x00, 0x00, 0x00, 0x00, 0x00, 0x01, 0xe7, 0xff, 0xff, 0x19,
    0x00, 0x00, 0x00, 0x00, 0x00, 0x00, 0x2d, 0xff, 0xff, 0xd3, 0x00,
    0x00, 0x00, 0x00, 0x00, 0x00, 0x00, 0x71, 0xff, 0xff, 0x8f, 0x00,
    0x00, 0x00, 0x00, 0x00, 0x00, 0x00, 0xb5, 0xff, 0xff, 0x4b, 0x00,
    0x00, 0x00, 0x00, 0x00, 0x00, 0x06, 0xf4, 0xff, 0xfa, 0x0c, 0x00,
    0x00, 0x00, 0x00, 0x00, 0x00, 0x3e, 0xff, 0xff, 0xc2, 0x00, 0x00,
    0x00, 0x00, 0x00, 0x00, 0x00, 0x83, 0xff, 0xff, 0x7d, 0x00, 0x00,
    0x00, 0x00, 0x00, 0x00, 0x00, 0xc6, 0xff, 0xff, 0x3a, 0x00, 0x00,
    0x00, 0x00, 0x00, 0x00, 0x0f, 0xfd, 0xff, 0xf1, 0x03, 0x00, 0x00,
    0x00, 0x00, 0x00, 0x00, 0x51, 0xff, 0xff, 0xaf, 0x00, 0x00, 0x00,
    0x00, 0x00, 0x00, 0x00, 0x95, 0xff, 0xff, 0x6b, 0x00, 0x00, 0x00,
    0x00, 0x00, 0x00, 0x00, 0xda, 0xff, 0xff, 0x26, 0x00, 0x00, 0x00,
    0x00, 0x00, 0x00, 0x1e, 0xff, 0xff, 0xe2, 0x00, 0x00, 0x00, 0x00,
    0x00, 0x00, 0x00, 0x63, 0xff, 0xff, 0x9d, 0x00, 0x00, 0x00, 0x00,
    0x00, 0x00, 0x00, 0xa8, 0xff, 0xff, 0x58, 0x00, 0x00, 0x00, 0x00,
    0x00, 0x00, 0x02, 0xeb, 0xff, 0xfe, 0x15, 0x00, 0x00, 0x00, 0x00,
    0x00, 0x00, 0x31, 0xff, 0xff, 0xcf, 0x00, 0x00, 0x00, 0x00, 0x00,
    0x00, 0x00, 0x75, 0xff, 0xff, 0x8b, 0x00, 0x00, 0x00, 0x00, 0x00,
    0x00, 0x00, 0xba, 0xff, 0xff, 0x46, 0x00, 0x00, 0x00, 0x00, 0x00,
    0x00, 0x08, 0xf6, 0xff, 0xf8, 0x0a, 0x00, 0x00, 0x00, 0x00, 0x00,
    0x00, 0x43, 0xff, 0xff, 0xbd, 0x00, 0x00, 0x00, 0x00, 0x00, 0x00,
    0x00, 0x86, 0xff, 0xff, 0x7a, 0x00, 0x00, 0x00, 0x00, 0x00, 0x00,
    0x00, 0xcc, 0xff, 0xff, 0x34, 0x00, 0x00, 0x00, 0x00, 0x00, 0x00,
    0x13, 0xfe, 0xff, 0xed, 0x02, 0x00, 0x00, 0x00, 0x00, 0x00, 0x00,
    0x55, 0xff, 0xff, 0xab, 0x00, 0x00, 0x00, 0x00, 0x00, 0x00, 0x00,
    0x9a, 0xff, 0xff, 0x66, 0x00, 0x00, 0x00, 0x00, 0x00, 0x00, 0x00,

    /* U+0030 "0" */
    0x00, 0x00, 0x00, 0x00, 0x00, 0x38, 0x9e, 0xdd, 0xfa, 0xfc, 0xe3, 0xaa, 0x4d, 0x01, 0x00, 0x00, 0x00, 0x00,
    0x00, 0x00, 0x00, 0x0a, 0xa3, 0xff, 0xff, 0xff, 0xff, 0xff, 0xff, 0xff, 0xff, 0xbe, 0x18, 0x00, 0x00, 0x00,
    0x00, 0x00, 0x07, 0xc0, 0xff, 0xff, 0xff, 0xff, 0xfc, 0xfa, 0xff, 0xff, 0xff, 0xff, 0xdd, 0x17, 0x00, 0x00,
    0x00, 0x00, 0x91, 0xff, 0xff, 0xff, 0xc0, 0x3c, 0x03, 0x01, 0x2d, 0xa9, 0xff, 0xff, 0xff, 0xbc, 0x01, 0x00,
    0x00, 0x2a, 0xfd, 0xff, 0xff, 0xb0, 0x04, 0x00, 0x00, 0x00, 0x00, 0x00, 0x8c, 0xff, 0xff, 0xff, 0x52, 0x00,
    0x00, 0x9c, 0xff, 0xff, 0xed, 0x11, 0x00, 0x00, 0x00, 0x00, 0x00, 0x00, 0x04, 0xd3, 0xff, 0xff, 0xc7, 0x00,
    0x06, 0xf0, 0xff, 0xff, 0x85, 0x00, 0x00, 0x00, 0x00, 0x00, 0x00, 0x00, 0x00, 0x5d, 0xff, 0xff, 0xff, 0x1f,
    0x39, 0xff, 0xff, 0xff, 0x30, 0x00, 0x00, 0x00, 0x00, 0x00, 0x00, 0x00, 0x00, 0x0d, 0xfa, 0xff, 0xff, 0x61,
    0x68, 0xff, 0xff, 0xf4, 0x02, 0x00, 0x00, 0x00, 0x00, 0x00, 0x00, 0x00, 0x00, 0x00, 0xce, 0xff, 0xff, 0x91,
    0x87, 0xff, 0xff, 0xd1, 0x00, 0x00, 0x00, 0x00, 0x00, 0x00, 0x00, 0x00, 0x00, 0x00, 0xaa, 0xff, 0xff, 0xaf,
    0x99, 0xff, 0xff, 0xbc, 0x00, 0x00, 0x00, 0x00, 0x00, 0x00, 0x00, 0x00, 0x00, 0x00, 0x94, 0xff, 0xff, 0xc1,
    0xa0, 0xff, 0xff, 0xb6, 0x00, 0x00, 0x00, 0x00, 0x00, 0x00, 0x00, 0x00, 0x00, 0x00, 0x8e, 0xff, 0xff, 0xc7,
    0x99, 0xff, 0xff, 0xbc, 0x00, 0x00, 0x00, 0x00, 0x00, 0x00, 0x00, 0x00, 0x00, 0x00, 0x94, 0xff, 0xff, 0xc1,
    0x88, 0xff, 0xff, 0xd1, 0x00, 0x00, 0x00, 0x00, 0x00, 0x00, 0x00, 0x00, 0x00, 0x00, 0xa9, 0xff, 0xff, 0xb0,
    0x68, 0xff, 0xff, 0xf4, 0x02, 0x00, 0x00, 0x00, 0x00, 0x00, 0x00, 0x00, 0x00, 0x00, 0xce, 0xff, 0xff, 0x91,
    0x39, 0xff, 0xff, 0xff, 0x30, 0x00, 0x00, 0x00, 0x00, 0x00, 0x00, 0x00, 0x00, 0x0d, 0xfa, 0xff, 0xff, 0x61,
    0x06, 0xf1, 0xff, 0xff, 0x85, 0x00, 0x00, 0x00, 0x00, 0x00, 0x00, 0x00, 0x00, 0x5e, 0xff, 0xff, 0xff, 0x21,
    0x00, 0x9f, 0xff, 0xff, 0xee, 0x12, 0x00, 0x00, 0x00, 0x00, 0x00, 0x00, 0x04, 0xd4, 0xff, 0xff, 0xc7, 0x00,
    0x00, 0x2d, 0xfe, 0xff, 0xff, 0xb5, 0x05, 0x00, 0x00, 0x00, 0x00, 0x00, 0x8e, 0xff, 0xff, 0xff, 0x57, 0x00,
    0x00, 0x00, 0x92, 0xff, 0xff, 0xff, 0xc2, 0x3c, 0x03, 0x01, 0x2e, 0xa9, 0xff, 0xff, 0xff, 0xbf, 0x01, 0x00,
    0x00, 0x00, 0x08, 0xc1, 0xff, 0xff, 0xff, 0xff, 0xfb, 0xfa, 0xff, 0xff, 0xff, 0xff, 0xde, 0x18, 0x00, 0x00,
    0x00, 0x00, 0x00, 0x0a, 0xa3, 0xff, 0xff, 0xff, 0xff, 0xff, 0xff, 0xff, 0xff, 0xc1, 0x1a, 0x00, 0x00, 0x00,
    0x00, 0x00, 0x00, 0x00, 0x00, 0x3b, 0x9f, 0xdd, 0xfa, 0xfc, 0xe3, 0xab, 0x4d, 0x01, 0x00, 0x00, 0x00, 0x00,

    /* U+0031 "1" */
    0x00, 0x00, 0x00, 0x00, 0x00, 0x54, 0xe9, 0xff, 0xff, 0xf8,
    0x00, 0x00, 0x00, 0x16, 0xaa, 0xff, 0xff, 0xff, 0xff, 0xf8,
    0x00, 0x00, 0x58, 0xec, 0xff, 0xff, 0xff, 0xff, 0xff, 0xf8,
    0x0a, 0xae, 0xff, 0xff, 0xff, 0xec, 0xb5, 0xff, 0xff, 0xf8,
    0x20, 0xff, 0xff, 0xff, 0xac, 0x17, 0x6c, 0xff, 0xff, 0xf8,
    0x20, 0xff, 0xe9, 0x54, 0x00, 0x00, 0x6c, 0xff, 0xff, 0xf8,
    0x20, 0xa6, 0x14, 0x00, 0x00, 0x00, 0x6c, 0xff, 0xff, 0xf8,
    0x01, 0x00, 0x00, 0x00, 0x00, 0x00, 0x6c, 0xff, 0xff, 0xf8,
    0x00, 0x00, 0x00, 0x00, 0x00, 0x00, 0x6c, 0xff, 0xff, 0xf8,
    0x00, 0x00, 0x00, 0x00, 0x00, 0x00, 0x6c, 0xff, 0xff, 0xf8,
    0x00, 0x00, 0x00, 0x00, 0x00, 0x00, 0x6c, 0xff, 0xff, 0xf8,
    0x00, 0x00, 0x00, 0x00, 0x00, 0x00, 0x6c, 0xff, 0xff, 0xf8,
    0x00, 0x00, 0x00, 0x00, 0x00, 0x00, 0x6c, 0xff, 0xff, 0xf8,
    0x00, 0x00, 0x00, 0x00, 0x00, 0x00, 0x6c, 0xff, 0xff, 0xf8,
    0x00, 0x00, 0x00, 0x00, 0x00, 0x00, 0x6c, 0xff, 0xff, 0xf8,
    0x00, 0x00, 0x00, 0x00, 0x00, 0x00, 0x6c, 0xff, 0xff, 0xf8,
    0x00, 0x00, 0x00, 0x00, 0x00, 0x00, 0x6c, 0xff, 0xff, 0xf8,
    0x00, 0x00, 0x00, 0x00, 0x00, 0x00, 0x6c, 0xff, 0xff, 0xf8,
    0x00, 0x00, 0x00, 0x00, 0x00, 0x00, 0x6c, 0xff, 0xff, 0xf8,
    0x00, 0x00, 0x00, 0x00, 0x00, 0x00, 0x6c, 0xff, 0xff, 0xf8,
    0x00, 0x00, 0x00, 0x00, 0x00, 0x00, 0x6c, 0xff, 0xff, 0xf8,
    0x00, 0x00, 0x00, 0x00, 0x00, 0x00, 0x6c, 0xff, 0xff, 0xf8,
    0x00, 0x00, 0x00, 0x00, 0x00, 0x00, 0x6c, 0xff, 0xff, 0xf8,

    /* U+0032 "2" */
    0x00, 0x00, 0x00, 0x00, 0x28, 0x8e, 0xd0, 0xf3, 0xfc, 0xee, 0xc3, 0x7a, 0x15, 0x00, 0x00, 0x00, 0x00,
    0x00, 0x00, 0x04, 0x8b, 0xfd, 0xff, 0xff, 0xff, 0xff, 0xff, 0xff, 0xff, 0xf3, 0x63, 0x00, 0x00, 0x00,
    0x00, 0x01, 0xa8, 0xff, 0xff, 0xff, 0xff, 0xfd, 0xf4, 0xff, 0xff, 0xff, 0xff, 0xff, 0x6f, 0x00, 0x00,
    0x00, 0x61, 0xff, 0xff, 0xff, 0xc9, 0x43, 0x06, 0x00, 0x10, 0x61, 0xe8, 0xff, 0xff, 0xfb, 0x2b, 0x00,
    0x02, 0xe0, 0xff, 0xff, 0xc5, 0x08, 0x00, 0x00, 0x00, 0x00, 0x00, 0x24, 0xf2, 0xff, 0xff, 0x9b, 0x00,
    0x35, 0xff, 0xff, 0xff, 0x34, 0x00, 0x00, 0x00, 0x00, 0x00, 0x00, 0x00, 0x8c, 0xff, 0xff, 0xdf, 0x00,
    0x62, 0xff, 0xff, 0xe9, 0x00, 0x00, 0x00, 0x00, 0x00, 0x00, 0x00, 0x00, 0x55, 0xff, 0xff, 0xfa, 0x00,
    0x4c, 0xa8, 0xa8, 0x89, 0x00, 0x00, 0x00, 0x00, 0x00, 0x00, 0x00, 0x00, 0x55, 0xff, 0xff, 0xf4, 0x00,
    0x00, 0x00, 0x00, 0x00, 0x00, 0x00, 0x00, 0x00, 0x00, 0x00, 0x00, 0x00, 0x8c, 0xff, 0xff, 0xc9, 0x00,
    0x00, 0x00, 0x00, 0x00, 0x00, 0x00, 0x00, 0x00, 0x00, 0x00, 0x00, 0x17, 0xf0, 0xff, 0xff, 0x72, 0x00,
    0x00, 0x00, 0x00, 0x00, 0x00, 0x00, 0x00, 0x00, 0x00, 0x00, 0x06, 0xbf, 0xff, 0xff, 0xe3, 0x0b, 0x00,
    0x00, 0x00, 0x00, 0x00, 0x00, 0x00, 0x00, 0x00, 0x00, 0x06, 0xb2, 0xff, 0xff, 0xfc, 0x40, 0x00, 0x00,
    0x00, 0x00, 0x00, 0x00, 0x00, 0x00, 0x00, 0x00, 0x0a, 0xb8, 0xff, 0xff, 0xff, 0x66, 0x00, 0x00, 0x00,
    0x00, 0x00, 0x00, 0x00, 0x00, 0x00, 0x00, 0x14, 0xca, 0xff, 0xff, 0xff, 0x71, 0x00, 0x00, 0x00, 0x00,
    0x00, 0x00, 0x00, 0x00, 0x00, 0x00, 0x22, 0xda, 0xff, 0xff, 0xfe, 0x69, 0x00, 0x00, 0x00, 0x00, 0x00,
    0x00, 0x00, 0x00, 0x00, 0x00, 0x31, 0xe8, 0xff, 0xff, 0xf9, 0x55, 0x00, 0x00, 0x00, 0x00, 0x00, 0x00,
    0x00, 0x00, 0x00, 0x00, 0x46, 0xf3, 0xff, 0xff, 0xf0, 0x40, 0x00, 0x00, 0x00, 0x00, 0x00, 0x00, 0x00,
    0x00, 0x00, 0x00, 0x5d, 0xfa, 0xff, 0xff, 0xe5, 0x2d, 0x00, 0x00, 0x00, 0x00, 0x00, 0x00, 0x00, 0x00,
    0x00, 0x00, 0x76, 0xff, 0xff, 0xff, 0xd7, 0x1e, 0x00, 0x00, 0x00, 0x00, 0x00, 0x00, 0x00, 0x00, 0x00,
    0x02, 0x92, 0xff, 0xff, 0xff, 0xc5, 0x13, 0x00, 0x00, 0x00, 0x00, 0x00, 0x00, 0x00, 0x00, 0x00, 0x00,
    0x6d, 0xff, 0xff, 0xff, 0xff, 0xfd, 0xfc, 0xfc, 0xfc, 0xfc, 0xfc, 0xfc, 0xfc, 0xfc, 0xfc, 0xfc, 0x2f,
    0x7c, 0xff, 0xff, 0xff, 0xff, 0xff, 0xff, 0xff, 0xff, 0xff, 0xff, 0xff, 0xff, 0xff, 0xff, 0xff, 0x30,
    0x7c, 0xff, 0xff, 0xff, 0xff, 0xff, 0xff, 0xff, 0xff, 0xff, 0xff, 0xff, 0xff, 0xff, 0xff, 0xff, 0x30,

    /* U+0033 "3" */
    0x00, 0x00, 0x00, 0x00, 0x19, 0x7b, 0xc2, 0xeb, 0xfd, 0xf8, 0xdb, 0xa6, 0x50, 0x02, 0x00, 0x00, 0x00, 0x00,
    0x00, 0x00, 0x01, 0x76, 0xf6, 0xff, 0xff, 0xff, 0xff, 0xff, 0xff, 0xff, 0xff, 0xd1, 0x2c, 0x00, 0x00, 0x00,
    0x00, 0x00, 0x8e, 0xff, 0xff, 0xff, 0xff, 0xfa, 0xe3, 0xed, 0xff, 0xff, 0xff, 0xff, 0xf2, 0x30, 0x00, 0x00,
    0x00, 0x48, 0xff, 0xff, 0xff, 0xd4, 0x4a, 0x06, 0x00, 0x00, 0x1c, 0x89, 0xfd, 0xff, 0xff, 0xd1, 0x01, 0x00,
    0x00, 0xba, 0xff, 0xff, 0xdc, 0x0e, 0x00, 0x00, 0x00, 0x00, 0x00, 0x00, 0x73, 0xff, 0xff, 0xff, 0x38, 0x00,
    0x01, 0xf6, 0xff, 0xff, 0x6f, 0x00, 0x00, 0x00, 0x00, 0x00, 0x00, 0x00, 0x0a, 0xfd, 0xff, 0xff, 0x62, 0x00,
    0x04, 0x64, 0x64, 0x64, 0x1f, 0x00, 0x00, 0x00, 0x00, 0x00, 0x00, 0x00, 0x05, 0xfb, 0xff, 0xff, 0x59, 0x00,
    0x00, 0x00, 0x00, 0x00, 0x00, 0x00, 0x00, 0x00, 0x00, 0x00, 0x00, 0x00, 0x65, 0xff, 0xff, 0xf9, 0x18, 0x00,
    0x00, 0x00, 0x00, 0x00, 0x00, 0x00, 0x00, 0x00, 0x00, 0x00, 0x1f, 0x87, 0xfc, 0xff, 0xff, 0x71, 0x00, 0x00,
    0x00, 0x00, 0x00, 0x00, 0x00, 0x00, 0x76, 0xd8, 0xd9, 0xeb, 0xff, 0xff, 0xff, 0xed, 0x62, 0x00, 0x00, 0x00,
    0x00, 0x00, 0x00, 0x00, 0x00, 0x00, 0x8c, 0xff, 0xff, 0xff, 0xff, 0xff, 0xc5, 0x32, 0x00, 0x00, 0x00, 0x00,
    0x00, 0x00, 0x00, 0x00, 0x00, 0x00, 0x8c, 0xff, 0xff, 0xff, 0xff, 0xff, 0xff, 0xff, 0xb0, 0x15, 0x00, 0x00,
    0x00, 0x00, 0x00, 0x00, 0x00, 0x00, 0x00, 0x00, 0x02, 0x14, 0x45, 0xa6, 0xff, 0xff, 0xff, 0xd5, 0x0e, 0x00,
    0x00, 0x00, 0x00, 0x00, 0x00, 0x00, 0x00, 0x00, 0x00, 0x00, 0x00, 0x00, 0x53, 0xfd, 0xff, 0xff, 0x8e, 0x00,
    0x00, 0x00, 0x00, 0x00, 0x00, 0x00, 0x00, 0x00, 0x00, 0x00, 0x00, 0x00, 0x00, 0x9d, 0xff, 0xff, 0xef, 0x02,
    0x4e, 0x94, 0x94, 0x8e, 0x00, 0x00, 0x00, 0x00, 0x00, 0x00, 0x00, 0x00, 0x00, 0x57, 0xff, 0xff, 0xff, 0x1f,
    0x73, 0xff, 0xff, 0xff, 0x0f, 0x00, 0x00, 0x00, 0x00, 0x00, 0x00, 0x00, 0x00, 0x5a, 0xff, 0xff, 0xff, 0x22,
    0x3f, 0xff, 0xff, 0xff, 0x5c, 0x00, 0x00, 0x00, 0x00, 0x00, 0x00, 0x00, 0x00, 0x9c, 0xff, 0xff, 0xf8, 0x06,
    0x03, 0xe1, 0xff, 0xff, 0xe2, 0x17, 0x00, 0x00, 0x00, 0x00, 0x00, 0x00, 0x41, 0xfb, 0xff, 0xff, 0xae, 0x00,
    0x00, 0x58, 0xff, 0xff, 0xff, 0xe3, 0x5e, 0x10, 0x00, 0x01, 0x25, 0x84, 0xf9, 0xff, 0xff, 0xf9, 0x2d, 0x00,
    0x00, 0x00, 0x8e, 0xff, 0xff, 0xff, 0xff, 0xff, 0xf0, 0xf7, 0xff, 0xff, 0xff, 0xff, 0xfd, 0x5a, 0x00, 0x00,
    0x00, 0x00, 0x00, 0x6b, 0xf3, 0xff, 0xff, 0xff, 0xff, 0xff, 0xff, 0xff, 0xff, 0xde, 0x42, 0x00, 0x00, 0x00,
    0x00, 0x00, 0x00, 0x00, 0x14, 0x75, 0xbe, 0xea, 0xfc, 0xf8, 0xde, 0xac, 0x5b, 0x06, 0x00, 0x00, 0x00, 0x00,

    /* U+0034 "4" */
    0x00, 0x00, 0x00, 0x00, 0x00, 0x00, 0x00, 0x00, 0x00, 0x00, 0xa3, 0xff, 0xff, 0xff, 0xff, 0x00, 0x00, 0x00, 0x00,
    0x00, 0x00, 0x00, 0x00, 0x00, 0x00, 0x00, 0x00, 0x00, 0x57, 0xff, 0xff, 0xff, 0xff, 0xff, 0x00, 0x00, 0x00, 0x00,
    0x00, 0x00, 0x00, 0x00, 0x00, 0x00, 0x00, 0x00, 0x1c, 0xee, 0xff, 0xff, 0xff, 0xff, 0xff, 0x00, 0x00, 0x00, 0x00,
    0x00, 0x00, 0x00, 0x00, 0x00, 0x00, 0x00, 0x02, 0xbd, 0xff, 0xff, 0xf8, 0xff, 0xff, 0xff, 0x00, 0x00, 0x00, 0x00,
    0x00, 0x00, 0x00, 0x00, 0x00, 0x00, 0x00, 0x73, 0xff, 0xff, 0xf5, 0x76, 0xff, 0xff, 0xff, 0x00, 0x00, 0x00, 0x00,
    0x00, 0x00, 0x00, 0x00, 0x00, 0x00, 0x2e, 0xf9, 0xff, 0xff, 0x67, 0x50, 0xff, 0xff, 0xff, 0x00, 0x00, 0x00, 0x00,
    0x00, 0x00, 0x00, 0x00, 0x00, 0x08, 0xd3, 0xff, 0xff, 0xb3, 0x01, 0x50, 0xff, 0xff, 0xff, 0x00, 0x00, 0x00, 0x00,
    0x00, 0x00, 0x00, 0x00, 0x00, 0x91, 0xff, 0xff, 0xea, 0x17, 0x00, 0x50, 0xff, 0xff, 0xff, 0x00, 0x00, 0x00, 0x00,
    0x00, 0x00, 0x00, 0x00, 0x45, 0xff, 0xff, 0xff, 0x4d, 0x00, 0x00, 0x50, 0xff, 0xff, 0xff, 0x00, 0x00, 0x00, 0x00,
    0x00, 0x00, 0x00, 0x13, 0xe6, 0xff, 0xff, 0x99, 0x00, 0x00, 0x00, 0x50, 0xff, 0xff, 0xff, 0x00, 0x00, 0x00, 0x00,
    0x00, 0x00, 0x00, 0xad, 0xff, 0xff, 0xda, 0x0b, 0x00, 0x00, 0x00, 0x50, 0xff, 0xff, 0xff, 0x00, 0x00, 0x00, 0x00,
    0x00, 0x00, 0x61, 0xff, 0xff, 0xfb, 0x36, 0x00, 0x00, 0x00, 0x00, 0x50, 0xff, 0xff, 0xff, 0x00, 0x00, 0x00, 0x00,
    0x00, 0x22, 0xf2, 0xff, 0xff, 0x7f, 0x00, 0x00, 0x00, 0x00, 0x00, 0x50, 0xff, 0xff, 0xff, 0x00, 0x00, 0x00, 0x00,
    0x04, 0xc5, 0xff, 0xff, 0xc6, 0x04, 0x00, 0x00, 0x00, 0x00, 0x00, 0x50, 0xff, 0xff, 0xff, 0x00, 0x00, 0x00, 0x00,
    0x7f, 0xff, 0xff, 0xf4, 0x22, 0x00, 0x00, 0x00, 0x00, 0x00, 0x00, 0x50, 0xff, 0xff, 0xff, 0x00, 0x00, 0x00, 0x00,
    0xf2, 0xff, 0xff, 0xff, 0xff, 0xff, 0xff, 0xff, 0xff, 0xff, 0xff, 0xff, 0xff, 0xff, 0xff, 0xff, 0xff, 0xff, 0x54,
    0xf4, 0xff, 0xff, 0xff, 0xff, 0xff, 0xff, 0xff, 0xff, 0xff, 0xff, 0xff, 0xff, 0xff, 0xff, 0xff, 0xff, 0xff, 0x54,
    0xe9, 0xf4, 0xf4, 0xf4, 0xf4, 0xf4, 0xf4, 0xf4, 0xf4, 0xf4, 0xf4, 0xfa, 0xff, 0xff, 0xff, 0xf4, 0xf4, 0xf4, 0x50,
    0x00, 0x00, 0x00, 0x00, 0x00, 0x00, 0x00, 0x00, 0x00, 0x00, 0x00, 0x54, 0xff, 0xff, 0xff, 0x00, 0x00, 0x00, 0x00,
    0x00, 0x00, 0x00, 0x00, 0x00, 0x00, 0x00, 0x00, 0x00, 0x00, 0x00, 0x54, 0xff, 0xff, 0xff, 0x00, 0x00, 0x00, 0x00,
    0x00, 0x00, 0x00, 0x00, 0x00, 0x00, 0x00, 0x00, 0x00, 0x00, 0x00, 0x54, 0xff, 0xff, 0xff, 0x00, 0x00, 0x00, 0x00,
    0x00, 0x00, 0x00, 0x00, 0x00, 0x00, 0x00, 0x00, 0x00, 0x00, 0x00, 0x54, 0xff, 0xff, 0xff, 0x00, 0x00, 0x00, 0x00,
    0x00, 0x00, 0x00, 0x00, 0x00, 0x00, 0x00, 0x00, 0x00, 0x00, 0x00, 0x54, 0xff, 0xff, 0xff, 0x00, 0x00, 0x00, 0x00,

    /* U+0035 "5" */
    0x00, 0x8a, 0xff, 0xff, 0xff, 0xff, 0xff, 0xff, 0xff, 0xff, 0xff, 0xff, 0xff, 0xff, 0xff, 0x30, 0x00,
    0x00, 0x9b, 0xff, 0xff, 0xff, 0xff, 0xff, 0xff, 0xff, 0xff, 0xff, 0xff, 0xff, 0xff, 0xff, 0x30, 0x00,
    0x00, 0xae, 0xff, 0xff, 0xfe, 0xfc, 0xfc, 0xfc, 0xfc, 0xfc, 0xfc, 0xfc, 0xfc, 0xfc, 0xfc, 0x2f, 0x00,
    0x00, 0xc0, 0xff, 0xff, 0x88, 0x00, 0x00, 0x00, 0x00, 0x00, 0x00, 0x00, 0x00, 0x00, 0x00, 0x00, 0x00,
    0x00, 0xd2, 0xff, 0xff, 0x70, 0x00, 0x00, 0x00, 0x00, 0x00, 0x00, 0x00, 0x00, 0x00, 0x00, 0x00, 0x00,
    0x00, 0xe6, 0xff, 0xff, 0x59, 0x00, 0x00, 0x00, 0x00, 0x00, 0x00, 0x00, 0x00, 0x00, 0x00, 0x00, 0x00,
    0x00, 0xf6, 0xff, 0xff, 0x42, 0x00, 0x00, 0x00, 0x00, 0x00, 0x00, 0x00, 0x00, 0x00, 0x00, 0x00, 0x00,
    0x0a, 0xff, 0xff, 0xff, 0x2a, 0x10, 0x72, 0xba, 0xdc, 0xde, 0xc1, 0x81, 0x1e, 0x00, 0x00, 0x00, 0x00,
    0x1c, 0xff, 0xff, 0xff, 0x5b, 0xeb, 0xff, 0xff, 0xff, 0xff, 0xff, 0xff, 0xf8, 0x74, 0x00, 0x00, 0x00,
    0x2e, 0xff, 0xff, 0xff, 0xfd, 0xff, 0xff, 0xff, 0xff, 0xff, 0xff, 0xff, 0xff, 0xff, 0x81, 0x00, 0x00,
    0x40, 0xff, 0xff, 0xff, 0xff, 0xbe, 0x4e, 0x15, 0x04, 0x1e, 0x73, 0xf4, 0xff, 0xff, 0xff, 0x3e, 0x00,
    0x52, 0xff, 0xff, 0xff, 0x8c, 0x00, 0x00, 0x00, 0x00, 0x00, 0x00, 0x33, 0xf4, 0xff, 0xff, 0xc2, 0x00,
    0x2c, 0x74, 0x74, 0x71, 0x04, 0x00, 0x00, 0x00, 0x00, 0x00, 0x00, 0x00, 0x7a, 0xff, 0xff, 0xff, 0x1e,
    0x00, 0x00, 0x00, 0x00, 0x00, 0x00, 0x00, 0x00, 0x00, 0x00, 0x00, 0x00, 0x1b, 0xff, 0xff, 0xff, 0x55,
    0x00, 0x00, 0x00, 0x00, 0x00, 0x00, 0x00, 0x00, 0x00, 0x00, 0x00, 0x00, 0x00, 0xf1, 0xff, 0xff, 0x6f,
    0x06, 0x08, 0x08, 0x06, 0x00, 0x00, 0x00, 0x00, 0x00, 0x00, 0x00, 0x00, 0x00, 0xef, 0xff, 0xff, 0x6f,
    0xa5, 0xff, 0xff, 0xc8, 0x00, 0x00, 0x00, 0x00, 0x00, 0x00, 0x00, 0x00, 0x17, 0xff, 0xff, 0xff, 0x54,
    0x76, 0xff, 0xff, 0xfd, 0x22, 0x00, 0x00, 0x00, 0x00, 0x00, 0x00, 0x00, 0x74, 0xff, 0xff, 0xff, 0x1b,
    0x22, 0xfd, 0xff, 0xff, 0xc3, 0x09, 0x00, 0x00, 0x00, 0x00, 0x00, 0x2b, 0xf1, 0xff, 0xff, 0xbd, 0x00,
    0x00, 0x95, 0xff, 0xff, 0xff, 0xd0, 0x4a, 0x07, 0x00, 0x0e, 0x66, 0xee, 0xff, 0xff, 0xfc, 0x33, 0x00,
    0x00, 0x08, 0xc1, 0xff, 0xff, 0xff, 0xff, 0xfc, 0xf0, 0xfe, 0xff, 0xff, 0xff, 0xff, 0x6b, 0x00, 0x00,
    0x00, 0x00, 0x08, 0x96, 0xfe, 0xff, 0xff, 0xff, 0xff, 0xff, 0xff, 0xff, 0xf0, 0x58, 0x00, 0x00, 0x00,
    0x00, 0x00, 0x00, 0x00, 0x2a, 0x8e, 0xcf, 0xf3, 0xfe, 0xef, 0xc3, 0x7a, 0x13, 0x00, 0x00, 0x00, 0x00,

    /* U+0036 "6" */
    0x00, 0x00, 0x00, 0x00, 0x00, 0x36, 0x9c, 0xd9, 0xf6, 0xfc, 0xe8, 0xbc, 0x6e, 0x0e, 0x00, 0x00, 0x00,
    0x00, 0x00, 0x00, 0x09, 0x9b, 0xff, 0xff, 0xff, 0xff, 0xff, 0xff, 0xff, 0xff, 0xea, 0x4e, 0x00, 0x00,
    0x00, 0x00, 0x04, 0xba, 0xff, 0xff, 0xff, 0xff, 0xfd, 0xf4, 0xff, 0xff, 0xff, 0xff, 0xfe, 0x54, 0x00,
    0x00, 0x00, 0x83, 0xff, 0xff, 0xff, 0x9f, 0x31, 0x02, 0x00, 0x13, 0x67, 0xf0, 0xff, 0xff, 0xf2, 0x14,
    0x00, 0x1e, 0xfa, 0xff, 0xff, 0x6d, 0x00, 0x00, 0x00, 0x00, 0x00, 0x00, 0x34, 0xfc, 0xff, 0xff, 0x73,
    0x00, 0x88, 0xff, 0xff, 0xb3, 0x00, 0x00, 0x00, 0x00, 0x00, 0x00, 0x00, 0x00, 0x6d, 0x90, 0x90, 0x5d,
    0x00, 0xde, 0xff, 0xff, 0x40, 0x00, 0x00, 0x00, 0x00, 0x00, 0x00, 0x00, 0x00, 0x00, 0x00, 0x00, 0x00,
    0x21, 0xff, 0xff, 0xf3, 0x03, 0x00, 0x40, 0x96, 0xc6, 0xd6, 0xc6, 0x94, 0x3c, 0x00, 0x00, 0x00, 0x00,
    0x54, 0xff, 0xff, 0xca, 0x13, 0xb8, 0xff, 0xff, 0xff, 0xff, 0xff, 0xff, 0xff, 0xad, 0x11, 0x00, 0x00,
    0x77, 0xff, 0xff, 0xbc, 0xcd, 0xff, 0xff, 0xff, 0xff, 0xff, 0xff, 0xff, 0xff, 0xff, 0xd1, 0x10, 0x00,
    0x8f, 0xff, 0xff, 0xfe, 0xff, 0xff, 0xb6, 0x3d, 0x08, 0x0e, 0x4d, 0xd0, 0xff, 0xff, 0xff, 0xa7, 0x00,
    0x9b, 0xff, 0xff, 0xff, 0xff, 0x89, 0x00, 0x00, 0x00, 0x00, 0x00, 0x08, 0xbd, 0xff, 0xff, 0xff, 0x33,
    0x9e, 0xff, 0xff, 0xff, 0xc9, 0x02, 0x00, 0x00, 0x00, 0x00, 0x00, 0x00, 0x1a, 0xf7, 0xff, 0xff, 0x91,
    0x96, 0xff, 0xff, 0xff, 0x5f, 0x00, 0x00, 0x00, 0x00, 0x00, 0x00, 0x00, 0x00, 0xab, 0xff, 0xff, 0xca,
    0x81, 0xff, 0xff, 0xff, 0x2d, 0x00, 0x00, 0x00, 0x00, 0x00, 0x00, 0x00, 0x00, 0x7c, 0xff, 0xff, 0xe6,
    0x5c, 0xff, 0xff, 0xff, 0x2b, 0x00, 0x00, 0x00, 0x00, 0x00, 0x00, 0x00, 0x00, 0x7d, 0xff, 0xff, 0xe7,
    0x24, 0xff, 0xff, 0xff, 0x5c, 0x00, 0x00, 0x00, 0x00, 0x00, 0x00, 0x00, 0x00, 0xac, 0xff, 0xff, 0xcd,
    0x00, 0xd7, 0xff, 0xff, 0xc1, 0x00, 0x00, 0x00, 0x00, 0x00, 0x00, 0x00, 0x1a, 0xf7, 0xff, 0xff, 0x92,
    0x00, 0x6f, 0xff, 0xff, 0xff, 0x73, 0x00, 0x00, 0x00, 0x00, 0x00, 0x07, 0xbb, 0xff, 0xff, 0xff, 0x34,
    0x00, 0x07, 0xd9, 0xff, 0xff, 0xff, 0x9b, 0x24, 0x00, 0x03, 0x3f, 0xc9, 0xff, 0xff, 0xff, 0xa6, 0x00,
    0x00, 0x00, 0x2d, 0xf0, 0xff, 0xff, 0xff, 0xff, 0xf3, 0xf8, 0xff, 0xff, 0xff, 0xff, 0xd0, 0x0f, 0x00,
    0x00, 0x00, 0x00, 0x2c, 0xd4, 0xff, 0xff, 0xff, 0xff, 0xff, 0xff, 0xff, 0xff, 0xac, 0x10, 0x00, 0x00,
    0x00, 0x00, 0x00, 0x00, 0x04, 0x5a, 0xb3, 0xe6, 0xfc, 0xfa, 0xdb, 0x9f, 0x3d, 0x00, 0x00, 0x00, 0x00,

    /* U+0037 "7" */
    0x18, 0xff, 0xff, 0xff, 0xff, 0xff, 0xff, 0xff, 0xff, 0xff, 0xff, 0xff, 0xff, 0xff, 0xff, 0xff, 0x48,
    0x18, 0xff, 0xff, 0xff, 0xff, 0xff, 0xff, 0xff, 0xff, 0xff, 0xff, 0xff, 0xff, 0xff, 0xff, 0xff, 0x48,
    0x18, 0xff, 0xff, 0xff, 0xff, 0xff, 0xff, 0xff, 0xff, 0xff, 0xff, 0xff, 0xff, 0xff, 0xff, 0xff, 0x48,
    0x01, 0x0c, 0x0c, 0x0c, 0x0c, 0x0c, 0x0c, 0x0c, 0x0c, 0x0c, 0x0c, 0x0c, 0x89, 0xff, 0xff, 0xf8, 0x1c,
    0x00, 0x00, 0x00, 0x00, 0x00, 0x00, 0x00, 0x00, 0x00, 0x00, 0x00, 0x12, 0xf1, 0xff, 0xff, 0x91, 0x00,
    0x00, 0x00, 0x00, 0x00, 0x00, 0x00, 0x00, 0x00, 0x00, 0x00, 0x00, 0x86, 0xff, 0xff, 0xf7, 0x19, 0x00,
    0x00, 0x00, 0x00, 0x00, 0x00, 0x00, 0x00, 0x00, 0x00, 0x00, 0x14, 0xf4, 0xff, 0xff, 0x8d, 0x00, 0x00,
    0x00, 0x00, 0x00, 0x00, 0x00, 0x00, 0x00, 0x00, 0x00, 0x00, 0x8d, 0xff, 0xff, 0xf4, 0x15, 0x00, 0x00,
    0x00, 0x00, 0x00, 0x00, 0x00, 0x00, 0x00, 0x00, 0x00, 0x19, 0xf7, 0xff, 0xff, 0x88, 0x00, 0x00, 0x00,
    0x00, 0x00, 0x00, 0x00, 0x00, 0x00, 0x00, 0x00, 0x00, 0x93, 0xff, 0xff, 0xf2, 0x12, 0x00, 0x00, 0x00,
    0x00, 0x00, 0x00, 0x00, 0x00, 0x00, 0x00, 0x00, 0x1e, 0xf9, 0xff, 0xff, 0x82, 0x00, 0x00, 0x00, 0x00,
    0x00, 0x00, 0x00, 0x00, 0x00, 0x00, 0x00, 0x00, 0x9b, 0xff, 0xff, 0xf0, 0x10, 0x00, 0x00, 0x00, 0x00,
    0x00, 0x00, 0x00, 0x00, 0x00, 0x00, 0x00, 0x22, 0xfb, 0xff, 0xff, 0x7c, 0x00, 0x00, 0x00, 0x00, 0x00,
    0x00, 0x00, 0x00, 0x00, 0x00, 0x00, 0x00, 0xa0, 0xff, 0xff, 0xec, 0x0e, 0x00, 0x00, 0x00, 0x00, 0x00,
    0x00, 0x00, 0x00, 0x00, 0x00, 0x00, 0x27, 0xfd, 0xff, 0xff, 0x78, 0x00, 0x00, 0x00, 0x00, 0x00, 0x00,
    0x00, 0x00, 0x00, 0x00, 0x00, 0x00, 0xa7, 0xff, 0xff, 0xe8, 0x0b, 0x00, 0x00, 0x00, 0x00, 0x00, 0x00,
    0x00, 0x00, 0x00, 0x00, 0x00, 0x2c, 0xfe, 0xff, 0xff, 0x71, 0x00, 0x00, 0x00, 0x00, 0x00, 0x00, 0x00,
    0x00, 0x00, 0x00, 0x00, 0x00, 0xaf, 0xff, 0xff, 0xe7, 0x09, 0x00, 0x00, 0x00, 0x00, 0x00, 0x00, 0x00,
    0x00, 0x00, 0x00, 0x00, 0x32, 0xff, 0xff, 0xff, 0x6c, 0x00, 0x00, 0x00, 0x00, 0x00, 0x00, 0x00, 0x00,
    0x00, 0x00, 0x00, 0x00, 0xb3, 0xff, 0xff, 0xe2, 0x07, 0x00, 0x00, 0x00, 0x00, 0x00, 0x00, 0x00, 0x00,
    0x00, 0x00, 0x00, 0x38, 0xff, 0xff, 0xff, 0x67, 0x00, 0x00, 0x00, 0x00, 0x00, 0x00, 0x00, 0x00, 0x00,
    0x00, 0x00, 0x00, 0xbc, 0xff, 0xff, 0xdf, 0x05, 0x00, 0x00, 0x00, 0x00, 0x00, 0x00, 0x00, 0x00, 0x00,
    0x00, 0x00, 0x3f, 0xff, 0xff, 0xff, 0x61, 0x00, 0x00, 0x00, 0x00, 0x00, 0x00, 0x00, 0x00, 0x00, 0x00,

    /* U+0038 "8" */
    0x00, 0x00, 0x00, 0x00, 0x23, 0x86, 0xca, 0xef, 0xfd, 0xf5, 0xd5, 0x98, 0x39, 0x00, 0x00, 0x00, 0x00,
    0x00, 0x00, 0x03, 0x88, 0xfc, 0xff, 0xff, 0xff, 0xff, 0xff, 0xff, 0xff, 0xff, 0xad, 0x10, 0x00, 0x00,
    0x00, 0x00, 0x9e, 0xff, 0xff, 0xff, 0xff, 0xf2, 0xdb, 0xe9, 0xff, 0xff, 0xff, 0xff, 0xca, 0x08, 0x00,
    0x00, 0x46, 0xff, 0xff, 0xff, 0xd6, 0x44, 0x02, 0x00, 0x00, 0x2b, 0xb7, 0xff, 0xff, 0xff, 0x7b, 0x00,
    0x00, 0xa4, 0xff, 0xff, 0xee, 0x16, 0x00, 0x00, 0x00, 0x00, 0x00, 0x04, 0xca, 0xff, 0xff, 0xd8, 0x00,
    0x00, 0xc8, 0xff, 0xff, 0xa3, 0x00, 0x00, 0x00, 0x00, 0x00, 0x00, 0x00, 0x6f, 0xff, 0xff, 0xfa, 0x00,
    0x00, 0xba, 0xff, 0xff, 0xa2, 0x00, 0x00, 0x00, 0x00, 0x00, 0x00, 0x00, 0x6e, 0xff, 0xff, 0xee, 0x00,
    0x00, 0x74, 0xff, 0xff, 0xed, 0x12, 0x00, 0x00, 0x00, 0x00, 0x00, 0x03, 0xc7, 0xff, 0xff, 0xa8, 0x00,
    0x00, 0x0b, 0xd8, 0xff, 0xff, 0xcf, 0x35, 0x00, 0x00, 0x00, 0x1f, 0xad, 0xff, 0xff, 0xf0, 0x25, 0x00,
    0x00, 0x00, 0x18, 0xbc, 0xff, 0xff, 0xff, 0xe4, 0xcb, 0xda, 0xff, 0xff, 0xff, 0xd7, 0x31, 0x00, 0x00,
    0x00, 0x00, 0x00, 0x05, 0x7f, 0xf3, 0xff, 0xff, 0xff, 0xff, 0xff, 0xfc, 0xa1, 0x12, 0x00, 0x00, 0x00,
    0x00, 0x00, 0x3e, 0xdd, 0xff, 0xff, 0xff, 0xff, 0xff, 0xff, 0xff, 0xff, 0xff, 0xf0, 0x60, 0x00, 0x00,
    0x00, 0x3e, 0xf8, 0xff, 0xff, 0xe4, 0x68, 0x1c, 0x04, 0x14, 0x53, 0xcd, 0xff, 0xff, 0xff, 0x6c, 0x00,
    0x06, 0xdf, 0xff, 0xff, 0xd6, 0x14, 0x00, 0x00, 0x00, 0x00, 0x00, 0x05, 0xae, 0xff, 0xff, 0xfa, 0x23,
    0x53, 0xff, 0xff, 0xff, 0x3b, 0x00, 0x00, 0x00, 0x00, 0x00, 0x00, 0x00, 0x12, 0xf4, 0xff, 0xff, 0x8d,
    0x8c, 0xff, 0xff, 0xeb, 0x00, 0x00, 0x00, 0x00, 0x00, 0x00, 0x00, 0x00, 0x00, 0xb8, 0xff, 0xff, 0xc8,
    0x9e, 0xff, 0xff, 0xde, 0x00, 0x00, 0x00, 0x00, 0x00, 0x00, 0x00, 0x00, 0x00, 0xaa, 0xff, 0xff, 0xd9,
    0x86, 0xff, 0xff, 0xfd, 0x15, 0x00, 0x00, 0x00, 0x00, 0x00, 0x00, 0x00, 0x01, 0xdc, 0xff, 0xff, 0xc1,
    0x42, 0xff, 0xff, 0xff, 0x9e, 0x00, 0x00, 0x00, 0x00, 0x00, 0x00, 0x00, 0x6a, 0xff, 0xff, 0xff, 0x7e,
    0x01, 0xc5, 0xff, 0xff, 0xff, 0xad, 0x2d, 0x00, 0x00, 0x00, 0x1a, 0x8b, 0xfe, 0xff, 0xff, 0xeb, 0x13,
    0x00, 0x1d, 0xe0, 0xff, 0xff, 0xff, 0xff, 0xec, 0xd7, 0xe4, 0xff, 0xff, 0xff, 0xff, 0xf6, 0x41, 0x00,
    0x00, 0x00, 0x18, 0xb1, 0xff, 0xff, 0xff, 0xff, 0xff, 0xff, 0xff, 0xff, 0xff, 0xd0, 0x32, 0x00, 0x00,
    0x00, 0x00, 0x00, 0x00, 0x36, 0x92, 0xce, 0xf1, 0xfd, 0xf6, 0xd8, 0xa0, 0x4c, 0x02, 0x00, 0x00, 0x00,

    /* U+0039 "9" */
    0x00, 0x00, 0x00, 0x00, 0x29, 0x8d, 0xce, 0xf1, 0xfd, 0xef, 0xc6, 0x7c, 0x14, 0x00, 0x00, 0x00, 0x00,
    0x00, 0x00, 0x07, 0x94, 0xfe, 0xff, 0xff, 0xff, 0xff, 0xff, 0xff, 0xff, 0xf2, 0x5d, 0x00, 0x00, 0x00,
    0x00, 0x06, 0xbb, 0xff, 0xff, 0xff, 0xff, 0xfc, 0xf0, 0xfe, 0xff, 0xff, 0xff, 0xff, 0x69, 0x00, 0x00,
    0x00, 0x84, 0xff, 0xff, 0xff, 0xde, 0x56, 0x09, 0x00, 0x0d, 0x62, 0xe9, 0xff, 0xff, 0xfb, 0x2f, 0x00,
    0x15, 0xf8, 0xff, 0xff, 0xd4, 0x12, 0x00, 0x00, 0x00, 0x00, 0x00, 0x1d, 0xe3, 0xff, 0xff, 0xb8, 0x00,
    0x62, 0xff, 0xff, 0xff, 0x34, 0x00, 0x00, 0x00, 0x00, 0x00, 0x00, 0x00, 0x4f, 0xff, 0xff, 0xff, 0x22,
    0x8f, 0xff, 0xff, 0xdb, 0x00, 0x00, 0x00, 0x00, 0x00, 0x00, 0x00, 0x00, 0x03, 0xf2, 0xff, 0xff, 0x70,
    0x9e, 0xff, 0xff, 0xbe, 0x00, 0x00, 0x00, 0x00, 0x00, 0x00, 0x00, 0x00, 0x00, 0xdb, 0xff, 0xff, 0xa7,
    0x8e, 0xff, 0xff, 0xdc, 0x00, 0x00, 0x00, 0x00, 0x00, 0x00, 0x00, 0x00, 0x06, 0xf6, 0xff, 0xff, 0xcc,
    0x5e, 0xff, 0xff, 0xff, 0x36, 0x00, 0x00, 0x00, 0x00, 0x00, 0x00, 0x00, 0x5e, 0xff, 0xff, 0xff, 0xe1,
    0x13, 0xf5, 0xff, 0xff, 0xd5, 0x13, 0x00, 0x00, 0x00, 0x00, 0x00, 0x2d, 0xee, 0xff, 0xff, 0xff, 0xea,
    0x00, 0x83, 0xff, 0xff, 0xff, 0xe1, 0x61, 0x17, 0x04, 0x22, 0x7b, 0xf4, 0xff, 0xff, 0xff, 0xff, 0xe6,
    0x00, 0x05, 0xb9, 0xff, 0xff, 0xff, 0xff, 0xff, 0xff, 0xff, 0xff, 0xff, 0xf5, 0xa0, 0xff, 0xff, 0xda,
    0x00, 0x00, 0x07, 0x94, 0xfe, 0xff, 0xff, 0xff, 0xff, 0xff, 0xff, 0xe1, 0x3a, 0x80, 0xff, 0xff, 0xc2,
    0x00, 0x00, 0x00, 0x00, 0x28, 0x86, 0xc1, 0xd7, 0xd3, 0xad, 0x64, 0x09, 0x00, 0xa2, 0xff, 0xff, 0x9d,
    0x00, 0x00, 0x00, 0x00, 0x00, 0x00, 0x00, 0x00, 0x00, 0x00, 0x00, 0x00, 0x00, 0xd8, 0xff, 0xff, 0x69,
    0x15, 0x2c, 0x2c, 0x28, 0x00, 0x00, 0x00, 0x00, 0x00, 0x00, 0x00, 0x00, 0x2b, 0xff, 0xff, 0xff, 0x27,
    0x5f, 0xff, 0xff, 0xfe, 0x1a, 0x00, 0x00, 0x00, 0x00, 0x00, 0x00, 0x00, 0xa3, 0xff, 0xff, 0xce, 0x00,
    0x17, 0xfb, 0xff, 0xff, 0xa4, 0x01, 0x00, 0x00, 0x00, 0x00, 0x00, 0x5e, 0xff, 0xff, 0xff, 0x5c, 0x00,
    0x00, 0x98, 0xff, 0xff, 0xff, 0xab, 0x2d, 0x01, 0x00, 0x24, 0x8e, 0xfd, 0xff, 0xff, 0xc4, 0x02, 0x00,
    0x00, 0x0d, 0xd3, 0xff, 0xff, 0xff, 0xff, 0xfa, 0xf7, 0xff, 0xff, 0xff, 0xff, 0xe4, 0x1e, 0x00, 0x00,
    0x00, 0x00, 0x14, 0xb7, 0xff, 0xff, 0xff, 0xff, 0xff, 0xff, 0xff, 0xff, 0xc7, 0x1f, 0x00, 0x00, 0x00,
    0x00, 0x00, 0x00, 0x00, 0x44, 0xa3, 0xde, 0xf9, 0xfa, 0xe4, 0xae, 0x55, 0x02, 0x00, 0x00, 0x00, 0x00,

    /* U+003A ":" */
    0x00, 0x0a, 0x59, 0x4f, 0x04, 0x00,
    0x07, 0xd0, 0xff, 0xff, 0xad, 0x00,
    0x41, 0xff, 0xff, 0xff, 0xff, 0x14,
    0x28, 0xff, 0xff, 0xff, 0xf4, 0x09,
    0x00, 0x71, 0xf0, 0xe7, 0x51, 0x00,
    0x00, 0x00, 0x00, 0x00, 0x00, 0x00,
    0x00, 0x00, 0x00, 0x00, 0x00, 0x00,
    0x00, 0x00, 0x00, 0x00, 0x00, 0x00,
    0x00, 0x00, 0x00, 0x00, 0x00, 0x00,
    0x00, 0x00, 0x00, 0x00, 0x00, 0x00,
    0x00, 0x00, 0x00, 0x00, 0x00, 0x00,
    0x00, 0x00, 0x00, 0x00, 0x00, 0x00,
    0x00, 0x0a, 0x58, 0x4f, 0x04, 0x00,
    0x06, 0xcf, 0xff, 0xff, 0xab, 0x00,
    0x41, 0xff, 0xff, 0xff, 0xff, 0x14,
    0x28, 0xff, 0xff, 0xff, 0xf4, 0x09,
    0x00, 0x71, 0xf0, 0xe7, 0x51, 0x00,

    /* U+003B ";" */
    0x00, 0x55, 0xe8, 0xf0, 0x72, 0x00,
    0x0b, 0xf6, 0xff, 0xff, 0xff, 0x26,
    0x19, 0xff, 0xff, 0xff, 0xff, 0x3d,
    0x00, 0xad, 0xff, 0xff, 0xcc, 0x05,
    0x00, 0x03, 0x4f, 0x58, 0x0a, 0x00,
    0x00, 0x00, 0x00, 0x00, 0x00, 0x00,
    0x00, 0x00, 0x00, 0x00, 0x00, 0x00,
    0x00, 0x00, 0x00, 0x00, 0x00, 0x00,
    0x00, 0x00, 0x00, 0x00, 0x00, 0x00,
    0x00, 0x00, 0x00, 0x00, 0x00, 0x00,
    0x00, 0x00, 0x00, 0x00, 0x00, 0x00,
    0x00, 0x00, 0x00, 0x00, 0x00, 0x00,
    0x00, 0x21, 0x34, 0x34, 0x2a, 0x00,
    0x00, 0xb8, 0xff, 0xff, 0xa4, 0x00,
    0x00, 0xe2, 0xff, 0xff, 0x59, 0x00,
    0x0c, 0xff, 0xff, 0xfd, 0x13, 0x00,
    0x34, 0xff, 0xff, 0xc5, 0x00, 0x00,
    0x5c, 0xff, 0xff, 0x7c, 0x00, 0x00,
    0x86, 0xff, 0xff, 0x31, 0x00, 0x00,
    0xae, 0xff, 0xe6, 0x01, 0x00, 0x00,
    0xd8, 0xff, 0x9e, 0x00, 0x00, 0x00,

    /* U+003C "<" */
    0x00, 0x00, 0x00, 0x00, 0x00, 0x00, 0x00, 0x00, 0x00, 0x00, 0x00, 0x00, 0x00, 0x00, 0x37, 0x46,
    0x00, 0x00, 0x00, 0x00, 0x00, 0x00, 0x00, 0x00, 0x00, 0x00, 0x00, 0x00, 0x3d, 0xba, 0xff, 0x7c,
    0x00, 0x00, 0x00, 0x00, 0x00, 0x00, 0x00, 0x00, 0x00, 0x00, 0x45, 0xc1, 0xff, 0xff, 0xff, 0x7c,
    0x00, 0x00, 0x00, 0x00, 0x00, 0x00, 0x00, 0x01, 0x4d, 0xc9, 0xff, 0xff, 0xff, 0xff, 0xff, 0x6c,
    0x00, 0x00, 0x00, 0x00, 0x00, 0x02, 0x54, 0xd0, 0xff, 0xff, 0xff, 0xff, 0xfd, 0xab, 0x38, 0x00,
    0x00, 0x00, 0x00, 0x04, 0x5c, 0xd6, 0xff, 0xff, 0xff, 0xff, 0xf5, 0x94, 0x22, 0x00, 0x00, 0x00,
    0x00, 0x06, 0x64, 0xdc, 0xff, 0xff, 0xff, 0xff, 0xe8, 0x7c, 0x12, 0x00, 0x00, 0x00, 0x00, 0x00,
    0x4f, 0xe2, 0xff, 0xff, 0xff, 0xff, 0xd6, 0x64, 0x08, 0x00, 0x00, 0x00, 0x00, 0x00, 0x00, 0x00,
    0x98, 0xff, 0xff, 0xff, 0xd0, 0x4d, 0x01, 0x00, 0x00, 0x00, 0x00, 0x00, 0x00, 0x00, 0x00, 0x00,
    0x98, 0xff, 0xff, 0xff, 0xf1, 0x8c, 0x1b, 0x00, 0x00, 0x00, 0x00, 0x00, 0x00, 0x00, 0x00, 0x00,
    0x29, 0xa8, 0xfd, 0xff, 0xff, 0xff, 0xfb, 0xa2, 0x2f, 0x00, 0x00, 0x00, 0x00, 0x00, 0x00, 0x00,
    0x00, 0x00, 0x27, 0x9f, 0xfb, 0xff, 0xff, 0xff, 0xff, 0xb9, 0x44, 0x00, 0x00, 0x00, 0x00, 0x00,
    0x00, 0x00, 0x00, 0x00, 0x21, 0x98, 0xf8, 0xff, 0xff, 0xff, 0xff, 0xcf, 0x5c, 0x05, 0x00, 0x00,
    0x00, 0x00, 0x00, 0x00, 0x00, 0x00, 0x1a, 0x90, 0xf5, 0xff, 0xff, 0xff, 0xff, 0xe1, 0x73, 0x0d,
    0x00, 0x00, 0x00, 0x00, 0x00, 0x00, 0x00, 0x00, 0x15, 0x87, 0xf2, 0xff, 0xff, 0xff, 0xff, 0x7c,
    0x00, 0x00, 0x00, 0x00, 0x00, 0x00, 0x00, 0x00, 0x00, 0x00, 0x11, 0x7f, 0xee, 0xff, 0xff, 0x7c,
    0x00, 0x00, 0x00, 0x00, 0x00, 0x00, 0x00, 0x00, 0x00, 0x00, 0x00, 0x00, 0x0d, 0x77, 0xe8, 0x7c,
    0x00, 0x00, 0x00, 0x00, 0x00, 0x00, 0x00, 0x00, 0x00, 0x00, 0x00, 0x00, 0x00, 0x00, 0x09, 0x26,

    /* U+003D "=" */
    0xec, 0xf4, 0xf4, 0xf4, 0xf4, 0xf4, 0xf4, 0xf4, 0xf4, 0xf4, 0xf4, 0xf4, 0xf4, 0xf4, 0x85,
    0xf8, 0xff, 0xff, 0xff, 0xff, 0xff, 0xff, 0xff, 0xff, 0xff, 0xff, 0xff, 0xff, 0xff, 0x8c,
    0xf8, 0xff, 0xff, 0xff, 0xff, 0xff, 0xff, 0xff, 0xff, 0xff, 0xff, 0xff, 0xff, 0xff, 0x8c,
    0x00, 0x00, 0x00, 0x00, 0x00, 0x00, 0x00, 0x00, 0x00, 0x00, 0x00, 0x00, 0x00, 0x00, 0x00,
    0x00, 0x00, 0x00, 0x00, 0x00, 0x00, 0x00, 0x00, 0x00, 0x00, 0x00, 0x00, 0x00, 0x00, 0x00,
    0x00, 0x00, 0x00, 0x00, 0x00, 0x00, 0x00, 0x00, 0x00, 0x00, 0x00, 0x00, 0x00, 0x00, 0x00,
    0x00, 0x00, 0x00, 0x00, 0x00, 0x00, 0x00, 0x00, 0x00, 0x00, 0x00, 0x00, 0x00, 0x00, 0x00,
    0xec, 0xf4, 0xf4, 0xf4, 0xf4, 0xf4, 0xf4, 0xf4, 0xf4, 0xf4, 0xf4, 0xf4, 0xf4, 0xf4, 0x85,
    0xf8, 0xff, 0xff, 0xff, 0xff, 0xff, 0xff, 0xff, 0xff, 0xff, 0xff, 0xff, 0xff, 0xff, 0x8c,
    0xf8, 0xff, 0xff, 0xff, 0xff, 0xff, 0xff, 0xff, 0xff, 0xff, 0xff, 0xff, 0xff, 0xff, 0x8c,

    /* U+003E ">" */
    0x6c, 0x11, 0x00, 0x00, 0x00, 0x00, 0x00, 0x00, 0x00, 0x00, 0x00, 0x00, 0x00, 0x00, 0x00, 0x00,
    0xe4, 0xf2, 0x87, 0x15, 0x00, 0x00, 0x00, 0x00, 0x00, 0x00, 0x00, 0x00, 0x00, 0x00, 0x00, 0x00,
    0xe4, 0xff, 0xff, 0xf5, 0x90, 0x1a, 0x00, 0x00, 0x00, 0x00, 0x00, 0x00, 0x00, 0x00, 0x00, 0x00,
    0xd5, 0xff, 0xff, 0xff, 0xff, 0xf8, 0x98, 0x1f, 0x00, 0x00, 0x00, 0x00, 0x00, 0x00, 0x00, 0x00,
    0x08, 0x65, 0xd9, 0xff, 0xff, 0xff, 0xff, 0xfb, 0x9e, 0x25, 0x00, 0x00, 0x00, 0x00, 0x00, 0x00,
    0x00, 0x00, 0x02, 0x4e, 0xc2, 0xff, 0xff, 0xff, 0xff, 0xfd, 0xa6, 0x2b, 0x00, 0x00, 0x00, 0x00,
    0x00, 0x00, 0x00, 0x00, 0x00, 0x36, 0xaa, 0xfc, 0xff, 0xff, 0xff, 0xfe, 0xaf, 0x31, 0x00, 0x00,
    0x00, 0x00, 0x00, 0x00, 0x00, 0x00, 0x00, 0x21, 0x92, 0xf5, 0xff, 0xff, 0xff, 0xff, 0xb6, 0x14,
    0x00, 0x00, 0x00, 0x00, 0x00, 0x00, 0x00, 0x00, 0x00, 0x11, 0x79, 0xf8, 0xff, 0xff, 0xff, 0x30,
    0x00, 0x00, 0x00, 0x00, 0x00, 0x00, 0x00, 0x00, 0x00, 0x44, 0xb9, 0xff, 0xff, 0xff, 0xff, 0x30,
    0x00, 0x00, 0x00, 0x00, 0x00, 0x00, 0x05, 0x5c, 0xd0, 0xff, 0xff, 0xff, 0xff, 0xe7, 0x76, 0x08,
    0x00, 0x00, 0x00, 0x00, 0x0e, 0x73, 0xe2, 0xff, 0xff, 0xff, 0xff, 0xe2, 0x6e, 0x09, 0x00, 0x00,
    0x00, 0x00, 0x1b, 0x8a, 0xf1, 0xff, 0xff, 0xff, 0xff, 0xdd, 0x64, 0x06, 0x00, 0x00, 0x00, 0x00,
    0x2e, 0xa1, 0xfb, 0xff, 0xff, 0xff, 0xff, 0xd7, 0x5d, 0x04, 0x00, 0x00, 0x00, 0x00, 0x00, 0x00,
    0xe4, 0xff, 0xff, 0xff, 0xff, 0xcf, 0x55, 0x02, 0x00, 0x00, 0x00, 0x00, 0x00, 0x00, 0x00, 0x00,
    0xe4, 0xff, 0xff, 0xc7, 0x4c, 0x01, 0x00, 0x00, 0x00, 0x00, 0x00, 0x00, 0x00, 0x00, 0x00, 0x00,
    0xe4, 0xc0, 0x44, 0x00, 0x00, 0x00, 0x00, 0x00, 0x00, 0x00, 0x00, 0x00, 0x00, 0x00, 0x00, 0x00,
    0x2f, 0x00, 0x00, 0x00, 0x00, 0x00, 0x00, 0x00, 0x00, 0x00, 0x00, 0x00, 0x00, 0x00, 0x00, 0x00,

    /* U+003F "?" */
    0x00, 0x00, 0x00, 0x19, 0x7d, 0xc7, 0xf0, 0xfd, 0xf2, 0xd0, 0x8d, 0x27, 0x00, 0x00, 0x00,
    0x00, 0x00, 0x61, 0xf3, 0xff, 0xff, 0xff, 0xff, 0xff, 0xff, 0xff, 0xfc, 0x85, 0x02, 0x00,
    0x00, 0x67, 0xff, 0xff, 0xff, 0xff, 0xfa, 0xe7, 0xf7, 0xff, 0xff, 0xff, 0xff, 0x8f, 0x00,
    0x21, 0xf9, 0xff, 0xff, 0xe5, 0x53, 0x06, 0x00, 0x03, 0x46, 0xd9, 0xff, 0xff, 0xff, 0x32,
    0x8b, 0xff, 0xff, 0xf7, 0x27, 0x00, 0x00, 0x00, 0x00, 0x00, 0x1b, 0xf3, 0xff, 0xff, 0x8e,
    0xce, 0xff, 0xff, 0xa4, 0x00, 0x00, 0x00, 0x00, 0x00, 0x00, 0x00, 0xb1, 0xff, 0xff, 0xb6,
    0xcc, 0xe0, 0xe0, 0x69, 0x00, 0x00, 0x00, 0x00, 0x00, 0x00, 0x00, 0xab, 0xff, 0xff, 0xb0,
    0x00, 0x00, 0x00, 0x00, 0x00, 0x00, 0x00, 0x00, 0x00, 0x00, 0x0c, 0xed, 0xff, 0xff, 0x7f,
    0x00, 0x00, 0x00, 0x00, 0x00, 0x00, 0x00, 0x00, 0x00, 0x02, 0xa4, 0xff, 0xff, 0xfa, 0x21,
    0x00, 0x00, 0x00, 0x00, 0x00, 0x00, 0x00, 0x00, 0x18, 0xb6, 0xff, 0xff, 0xff, 0x72, 0x00,
    0x00, 0x00, 0x00, 0x00, 0x00, 0x00, 0x00, 0x58, 0xed, 0xff, 0xff, 0xfe, 0x7c, 0x00, 0x00,
    0x00, 0x00, 0x00, 0x00, 0x00, 0x00, 0x75, 0xff, 0xff, 0xff, 0xdf, 0x40, 0x00, 0x00, 0x00,
    0x00, 0x00, 0x00, 0x00, 0x00, 0x23, 0xfc, 0xff, 0xff, 0xbb, 0x0f, 0x00, 0x00, 0x00, 0x00,
    0x00, 0x00, 0x00, 0x00, 0x00, 0x6c, 0xff, 0xff, 0xf0, 0x0f, 0x00, 0x00, 0x00, 0x00, 0x00,
    0x00, 0x00, 0x00, 0x00, 0x00, 0x8a, 0xff, 0xff, 0xb6, 0x00, 0x00, 0x00, 0x00, 0x00, 0x00,
    0x00, 0x00, 0x00, 0x00, 0x00, 0x90, 0xff, 0xff, 0xa8, 0x00, 0x00, 0x00, 0x00, 0x00, 0x00,
    0x00, 0x00, 0x00, 0x00, 0x00, 0x2b, 0x4c, 0x4c, 0x32, 0x00, 0x00, 0x00, 0x00, 0x00, 0x00,
    0x00, 0x00, 0x00, 0x00, 0x00, 0x00, 0x00, 0x00, 0x00, 0x00, 0x00, 0x00, 0x00, 0x00, 0x00,
    0x00, 0x00, 0x00, 0x00, 0x00, 0x04, 0x50, 0x58, 0x0a, 0x00, 0x00, 0x00, 0x00, 0x00, 0x00,
    0x00, 0x00, 0x00, 0x00, 0x00, 0xb1, 0xff, 0xff, 0xce, 0x05, 0x00, 0x00, 0x00, 0x00, 0x00,
    0x00, 0x00, 0x00, 0x00, 0x1d, 0xff, 0xff, 0xff, 0xff, 0x3c, 0x00, 0x00, 0x00, 0x00, 0x00,
    0x00, 0x00, 0x00, 0x00, 0x0e, 0xf7, 0xff, 0xff, 0xff, 0x26, 0x00, 0x00, 0x00, 0x00, 0x00,
    0x00, 0x00, 0x00, 0x00, 0x00, 0x58, 0xe8, 0xf0, 0x70, 0x00, 0x00, 0x00, 0x00, 0x00, 0x00,

    /* U+0040 "@" */
    0x00, 0x00, 0x00, 0x00, 0x00, 0x00, 0x00, 0x00, 0x00, 0x1d, 0x6b, 0xa8, 0xd3, 0xef, 0xfc, 0xfe, 0xf1, 0xd4, 0xa8, 0x69, 0x19, 0x00, 0x00, 0x00, 0x00, 0x00, 0x00, 0x00, 0x00, 0x00,
    0x00, 0x00, 0x00, 0x00, 0x00, 0x00, 0x00, 0x3a, 0xb5, 0xfe, 0xff, 0xff, 0xff, 0xff, 0xff, 0xff, 0xff, 0xff, 0xff, 0xff, 0xfc, 0xa7, 0x28, 0x00, 0x00, 0x00, 0x00, 0x00, 0x00, 0x00,
    0x00, 0x00, 0x00, 0x00, 0x00, 0x0f, 0xa3, 0xff, 0xff, 0xff, 0xff, 0xff, 0xfa, 0xdd, 0xce, 0xcc, 0xdd, 0xfa, 0xff, 0xff, 0xff, 0xff, 0xfb, 0x82, 0x03, 0x00, 0x00, 0x00, 0x00, 0x00,
    0x00, 0x00, 0x00, 0x00, 0x23, 0xdb, 0xff, 0xff, 0xff, 0xe5, 0x83, 0x36, 0x06, 0x00, 0x00, 0x00, 0x00, 0x05, 0x36, 0x86, 0xea, 0xff, 0xff, 0xff, 0xb7, 0x0a, 0x00, 0x00, 0x00, 0x00,
    0x00, 0x00, 0x00, 0x1f, 0xe5, 0xff, 0xff, 0xf6, 0x73, 0x06, 0x00, 0x00, 0x00, 0x00, 0x00, 0x00, 0x00, 0x00, 0x00, 0x00, 0x0a, 0x87, 0xfd, 0xff, 0xff, 0xb8, 0x04, 0x00, 0x00, 0x00,
    0x00, 0x00, 0x08, 0xd2, 0xff, 0xff, 0xe4, 0x2d, 0x00, 0x00, 0x00, 0x00, 0x00, 0x00, 0x00, 0x00, 0x00, 0x00, 0x00, 0x00, 0x00, 0x00, 0x4b, 0xf7, 0xff, 0xff, 0x86, 0x00, 0x00, 0x00,
    0x00, 0x00, 0x84, 0xff, 0xff, 0xee, 0x27, 0x00, 0x00, 0x00, 0x00, 0x00, 0x00, 0x00, 0x00, 0x00, 0x00, 0x00, 0x00, 0x00, 0x00, 0x00, 0x00, 0x53, 0xff, 0xff, 0xfd, 0x2d, 0x00, 0x00,
    0x00, 0x1b, 0xf8, 0xff, 0xff, 0x58, 0x00, 0x00, 0x00, 0x00, 0x01, 0x54, 0xbb, 0xef, 0xfc, 0xe3, 0x98, 0x1c, 0x55, 0xa4, 0xa4, 0x26, 0x00, 0x00, 0x9e, 0xff, 0xff, 0xb1, 0x00, 0x00,
    0x00, 0x85, 0xff, 0xff, 0xc6, 0x00, 0x00, 0x00, 0x00, 0x0b, 0xb4, 0xff, 0xff, 0xff, 0xff, 0xff, 0xff, 0xed, 0xb0, 0xff, 0xff, 0x3c, 0x00, 0x00, 0x19, 0xf9, 0xff, 0xfe, 0x20, 0x00,
    0x01, 0xe4, 0xff, 0xff, 0x55, 0x00, 0x00, 0x00, 0x02, 0xb7, 0xff, 0xff, 0xff, 0xd9, 0xb8, 0xd0, 0xff, 0xff, 0xff, 0xff, 0xff, 0x3c, 0x00, 0x00, 0x00, 0xa8, 0xff, 0xff, 0x75, 0x00,
    0x2c, 0xff, 0xff, 0xf6, 0x09, 0x00, 0x00, 0x00, 0x64, 0xff, 0xff, 0xef, 0x46, 0x00, 0x00, 0x00, 0x30, 0xe1, 0xff, 0xff, 0xff, 0x3c, 0x00, 0x00, 0x00, 0x57, 0xff, 0xff, 0xb6, 0x00,
    0x60, 0xff, 0xff, 0xc3, 0x00, 0x00, 0x00, 0x01, 0xdc, 0xff, 0xff, 0x51, 0x00, 0x00, 0x00, 0x00, 0x00, 0x3a, 0xff, 0xff, 0xff, 0x3c, 0x00, 0x00, 0x00, 0x1e, 0xff, 0xff, 0xe8, 0x00,
    0x83, 0xff, 0xff, 0x9a, 0x00, 0x00, 0x00, 0x2d, 0xff, 0xff, 0xdb, 0x01, 0x00, 0x00, 0x00, 0x00, 0x00, 0x00, 0xd0, 0xff, 0xff, 0x3c, 0x00, 0x00, 0x00, 0x01, 0xf7, 0xff, 0xff, 0x08,
    0x99, 0xff, 0xff, 0x83, 0x00, 0x00, 0x00, 0x5e, 0xff, 0xff, 0x9e, 0x00, 0x00, 0x00, 0x00, 0x00, 0x00, 0x00, 0x9a, 0xff, 0xff, 0x3c, 0x00, 0x00, 0x00, 0x00, 0xe4, 0xff, 0xff, 0x18,
    0xa0, 0xff, 0xff, 0x7a, 0x00, 0x00, 0x00, 0x72, 0xff, 0xff, 0x84, 0x00, 0x00, 0x00, 0x00, 0x00, 0x00, 0x00, 0x84, 0xff, 0xff, 0x3c, 0x00, 0x00, 0x00, 0x00, 0xde, 0xff, 0xff, 0x1e,
    0x99, 0xff, 0xff, 0x82, 0x00, 0x00, 0x00, 0x72, 0xff, 0xff, 0x85, 0x00, 0x00, 0x00, 0x00, 0x00, 0x00, 0x00, 0x84, 0xff, 0xff, 0x3c, 0x00, 0x00, 0x00, 0x00, 0xe6, 0xff, 0xff, 0x14,
    0x85, 0xff, 0xff, 0x98, 0x00, 0x00, 0x00, 0x5a, 0xff, 0xff, 0x9f, 0x00, 0x00, 0x00, 0x00, 0x00, 0x00, 0x00, 0x9d, 0xff, 0xff, 0x3c, 0x00, 0x00, 0x00, 0x04, 0xfa, 0xff, 0xf9, 0x02,
    0x61, 0xff, 0xff, 0xc0, 0x00, 0x00, 0x00, 0x29, 0xff, 0xff, 0xda, 0x00, 0x00, 0x00, 0x00, 0x00, 0x00, 0x00, 0xd3, 0xff, 0xff, 0x3c, 0x00, 0x00, 0x00, 0x2d, 0xff, 0xff, 0xd0, 0x00,
    0x2f, 0xff, 0xff, 0xf6, 0x09, 0x00, 0x00, 0x00, 0xda, 0xff, 0xff, 0x4b, 0x00, 0x00, 0x00, 0x00, 0x00, 0x3c, 0xff, 0xff, 0xff, 0x44, 0x00, 0x00, 0x00, 0x80, 0xff, 0xff, 0x8f, 0x00,
    0x02, 0xe7, 0xff, 0xff, 0x52, 0x00, 0x00, 0x00, 0x67, 0xff, 0xff, 0xea, 0x36, 0x00, 0x00, 0x00, 0x2a, 0xe0, 0xff, 0xff, 0xff, 0x8f, 0x00, 0x00, 0x2d, 0xf2, 0xff, 0xff, 0x2f, 0x00,
    0x00, 0x8d, 0xff, 0xff, 0xc2, 0x00, 0x00, 0x00, 0x03, 0xc4, 0xff, 0xff, 0xfe, 0xc6, 0xa8, 0xc1, 0xfc, 0xff, 0xc1, 0xff, 0xff, 0xff, 0xbd, 0xb3, 0xf7, 0xff, 0xff, 0xa5, 0x00, 0x00,
    0x00, 0x20, 0xfb, 0xff, 0xff, 0x54, 0x00, 0x00, 0x00, 0x14, 0xc8, 0xff, 0xff, 0xff, 0xff, 0xff, 0xff, 0xd6, 0x12, 0xa9, 0xff, 0xff, 0xff, 0xff, 0xff, 0xff, 0xc4, 0x0d, 0x00, 0x00,
    0x00, 0x00, 0x8f, 0xff, 0xff, 0xed, 0x25, 0x00, 0x00, 0x00, 0x05, 0x6c, 0xc9, 0xf5, 0xfb, 0xdd, 0x8b, 0x0f, 0x00, 0x05, 0x79, 0xd7, 0xfb, 0xf8, 0xce, 0x70, 0x06, 0x00, 0x00, 0x00,
    0x00, 0x00, 0x0c, 0xda, 0xff, 0xff, 0xe2, 0x2b, 0x00, 0x00, 0x00, 0x00, 0x00, 0x00, 0x00, 0x00, 0x00, 0x00, 0x00, 0x00, 0x00, 0x00, 0x00, 0x00, 0x00, 0x00, 0x00, 0x00, 0x00, 0x00,
    0x00, 0x00, 0x00, 0x28, 0xeb, 0xff, 0xff, 0xf5, 0x73, 0x06, 0x00, 0x00, 0x00, 0x00, 0x00, 0x00, 0x00, 0x00, 0x00, 0x00, 0x00, 0x00, 0x00, 0x00, 0x00, 0x00, 0x00, 0x00, 0x00, 0x00,
    0x00, 0x00, 0x00, 0x00, 0x2c, 0xe2, 0xff, 0xff, 0xff, 0xe5, 0x84, 0x37, 0x07, 0x00, 0x00, 0x00, 0x00, 0x00, 0x0f, 0x3d, 0x77, 0x8a, 0x00, 0x00, 0x00, 0x00, 0x00, 0x00, 0x00, 0x00,
    0x00, 0x00, 0x00, 0x00, 0x00, 0x13, 0xab, 0xff, 0xff, 0xff, 0xff, 0xff, 0xfc, 0xe0, 0xce, 0xca, 0xd4, 0xeb, 0xff, 0xff, 0xff, 0xff, 0x25, 0x00, 0x00, 0x00, 0x00, 0x00, 0x00, 0x00,
    0x00, 0x00, 0x00, 0x00, 0x00, 0x00, 0x00, 0x40, 0xb8, 0xff, 0xff, 0xff, 0xff, 0xff, 0xff, 0xff, 0xff, 0xff, 0xff, 0xff, 0xff, 0xf2, 0x55, 0x00, 0x00, 0x00, 0x00, 0x00, 0x00, 0x00,
    0x00, 0x00, 0x00, 0x00, 0x00, 0x00, 0x00, 0x00, 0x00, 0x1e, 0x6b, 0xa7, 0xd3, 0xed, 0xfc, 0xfc, 0xf3, 0xdb, 0xb8, 0x85, 0x46, 0x07, 0x00, 0x00, 0x00, 0x00, 0x00, 0x00, 0x00, 0x00,

    /* U+0041 "A" */
    0x00, 0x00, 0x00, 0x00, 0x00, 0x00, 0x00, 0x00, 0x64, 0xff, 0xff, 0xff, 0xff, 0x33, 0x00, 0x00, 0x00, 0x00, 0x00, 0x00, 0x00, 0x00,
    0x00, 0x00, 0x00, 0x00, 0x00, 0x00, 0x00, 0x00, 0xc0, 0xff, 0xff, 0xff, 0xff, 0x90, 0x00, 0x00, 0x00, 0x00, 0x00, 0x00, 0x00, 0x00,
    0x00, 0x00, 0x00, 0x00, 0x00, 0x00, 0x00, 0x20, 0xff, 0xff, 0xff, 0xff, 0xff, 0xea, 0x04, 0x00, 0x00, 0x00, 0x00, 0x00, 0x00, 0x00,
    0x00, 0x00, 0x00, 0x00, 0x00, 0x00, 0x00, 0x7c, 0xff, 0xff, 0xc6, 0xf0, 0xff, 0xff, 0x4c, 0x00, 0x00, 0x00, 0x00, 0x00, 0x00, 0x00,
    0x00, 0x00, 0x00, 0x00, 0x00, 0x00, 0x00, 0xda, 0xff, 0xff, 0x74, 0xa6, 0xff, 0xff, 0xa9, 0x00, 0x00, 0x00, 0x00, 0x00, 0x00, 0x00,
    0x00, 0x00, 0x00, 0x00, 0x00, 0x00, 0x38, 0xff, 0xff, 0xff, 0x26, 0x56, 0xff, 0xff, 0xf7, 0x0f, 0x00, 0x00, 0x00, 0x00, 0x00, 0x00,
    0x00, 0x00, 0x00, 0x00, 0x00, 0x00, 0x95, 0xff, 0xff, 0xd6, 0x00, 0x0d, 0xf7, 0xff, 0xff, 0x64, 0x00, 0x00, 0x00, 0x00, 0x00, 0x00,
    0x00, 0x00, 0x00, 0x00, 0x00, 0x07, 0xed, 0xff, 0xff, 0x82, 0x00, 0x00, 0xb2, 0xff, 0xff, 0xc1, 0x00, 0x00, 0x00, 0x00, 0x00, 0x00,
    0x00, 0x00, 0x00, 0x00, 0x00, 0x51, 0xff, 0xff, 0xff, 0x30, 0x00, 0x00, 0x60, 0xff, 0xff, 0xff, 0x21, 0x00, 0x00, 0x00, 0x00, 0x00,
    0x00, 0x00, 0x00, 0x00, 0x00, 0xae, 0xff, 0xff, 0xdc, 0x00, 0x00, 0x00, 0x12, 0xfa, 0xff, 0xff, 0x7c, 0x00, 0x00, 0x00, 0x00, 0x00,
    0x00, 0x00, 0x00, 0x00, 0x13, 0xf9, 0xff, 0xff, 0x85, 0x00, 0x00, 0x00, 0x00, 0xb6, 0xff, 0xff, 0xdb, 0x00, 0x00, 0x00, 0x00, 0x00,
    0x00, 0x00, 0x00, 0x00, 0x6a, 0xff, 0xff, 0xff, 0x2a, 0x00, 0x00, 0x00, 0x00, 0x5c, 0xff, 0xff, 0xff, 0x38, 0x00, 0x00, 0x00, 0x00,
    0x00, 0x00, 0x00, 0x00, 0xc8, 0xff, 0xff, 0xd0, 0x00, 0x00, 0x00, 0x00, 0x00, 0x0d, 0xf7, 0xff, 0xff, 0x95, 0x00, 0x00, 0x00, 0x00,
    0x00, 0x00, 0x00, 0x25, 0xff, 0xff, 0xff, 0x76, 0x00, 0x00, 0x00, 0x00, 0x00, 0x00, 0xab, 0xff, 0xff, 0xed, 0x07, 0x00, 0x00, 0x00,
    0x00, 0x00, 0x00, 0x84, 0xff, 0xff, 0xff, 0xff, 0xff, 0xff, 0xff, 0xff, 0xff, 0xff, 0xff, 0xff, 0xff, 0xff, 0x50, 0x00, 0x00, 0x00,
    0x00, 0x00, 0x01, 0xdf, 0xff, 0xff, 0xff, 0xff, 0xff, 0xff, 0xff, 0xff, 0xff, 0xff, 0xff, 0xff, 0xff, 0xff, 0xae, 0x00, 0x00, 0x00,
    0x00, 0x00, 0x40, 0xff, 0xff, 0xff, 0xf5, 0xf0, 0xf0, 0xf0, 0xf0, 0xf0, 0xf0, 0xf0, 0xf0, 0xf9, 0xff, 0xff, 0xf9, 0x13, 0x00, 0x00,
    0x00, 0x00, 0x9c, 0xff, 0xff, 0xfa, 0x13, 0x00, 0x00, 0x00, 0x00, 0x00, 0x00, 0x00, 0x00, 0x48, 0xff, 0xff, 0xff, 0x69, 0x00, 0x00,
    0x00, 0x09, 0xf2, 0xff, 0xff, 0xb2, 0x00, 0x00, 0x00, 0x00, 0x00, 0x00, 0x00, 0x00, 0x00, 0x04, 0xeb, 0xff, 0xff, 0xc7, 0x00, 0x00,
    0x00, 0x58, 0xff, 0xff, 0xff, 0x58, 0x00, 0x00, 0x00, 0x00, 0x00, 0x00, 0x00, 0x00, 0x00, 0x00, 0x96, 0xff, 0xff, 0xff, 0x25, 0x00,
    0x00, 0xb6, 0xff, 0xff, 0xf4, 0x0a, 0x00, 0x00, 0x00, 0x00, 0x00, 0x00, 0x00, 0x00, 0x00, 0x00, 0x3e, 0xff, 0xff, 0xff, 0x82, 0x00,
    0x18, 0xfc, 0xff, 0xff, 0xa4, 0x00, 0x00, 0x00, 0x00, 0x00, 0x00, 0x00, 0x00, 0x00, 0x00, 0x00, 0x02, 0xe4, 0xff, 0xff, 0xdf, 0x01,
    0x71, 0xff, 0xff, 0xff, 0x49, 0x00, 0x00, 0x00, 0x00, 0x00, 0x00, 0x00, 0x00, 0x00, 0x00, 0x00, 0x00, 0x8c, 0xff, 0xff, 0xff, 0x3d,

    /* U+0042 "B" */
    0xc8, 0xff, 0xff, 0xff, 0xff, 0xff, 0xff, 0xff, 0xff, 0xf9, 0xe4, 0xb9, 0x6c, 0x0e, 0x00, 0x00, 0x00, 0x00,
    0xc8, 0xff, 0xff, 0xff, 0xff, 0xff, 0xff, 0xff, 0xff, 0xff, 0xff, 0xff, 0xff, 0xeb, 0x4b, 0x00, 0x00, 0x00,
    0xc8, 0xff, 0xff, 0xfc, 0xf4, 0xf4, 0xf4, 0xf4, 0xf4, 0xfd, 0xff, 0xff, 0xff, 0xff, 0xfc, 0x46, 0x00, 0x00,
    0xc8, 0xff, 0xff, 0xb0, 0x00, 0x00, 0x00, 0x00, 0x00, 0x02, 0x31, 0xa5, 0xff, 0xff, 0xff, 0xde, 0x03, 0x00,
    0xc8, 0xff, 0xff, 0xb0, 0x00, 0x00, 0x00, 0x00, 0x00, 0x00, 0x00, 0x00, 0x9a, 0xff, 0xff, 0xff, 0x3e, 0x00,
    0xc8, 0xff, 0xff, 0xb0, 0x00, 0x00, 0x00, 0x00, 0x00, 0x00, 0x00, 0x00, 0x26, 0xff, 0xff, 0xff, 0x69, 0x00,
    0xc8, 0xff, 0xff, 0xb0, 0x00, 0x00, 0x00, 0x00, 0x00, 0x00, 0x00, 0x00, 0x08, 0xff, 0xff, 0xff, 0x6e, 0x00,
    0xc8, 0xff, 0xff, 0xb0, 0x00, 0x00, 0x00, 0x00, 0x00, 0x00, 0x00, 0x00, 0x2d, 0xff, 0xff, 0xff, 0x49, 0x00,
    0xc8, 0xff, 0xff, 0xb0, 0x00, 0x00, 0x00, 0x00, 0x00, 0x00, 0x00, 0x01, 0xab, 0xff, 0xff, 0xe6, 0x07, 0x00,
    0xc8, 0xff, 0xff, 0xb0, 0x00, 0x00, 0x00, 0x00, 0x00, 0x0d, 0x40, 0xb9, 0xff, 0xff, 0xf7, 0x43, 0x00, 0x00,
    0xc8, 0xff, 0xff, 0xff, 0xff, 0xff, 0xff, 0xff, 0xff, 0xff, 0xff, 0xff, 0xff, 0xbc, 0x2f, 0x00, 0x00, 0x00,
    0xc8, 0xff, 0xff, 0xff, 0xff, 0xff, 0xff, 0xff, 0xff, 0xff, 0xff, 0xff, 0xea, 0x9e, 0x3c, 0x00, 0x00, 0x00,
    0xc8, 0xff, 0xff, 0xf1, 0xd0, 0xd0, 0xd0, 0xd0, 0xd0, 0xd5, 0xf2, 0xff, 0xff, 0xff, 0xff, 0x9a, 0x03, 0x00,
    0xc8, 0xff, 0xff, 0xb0, 0x00, 0x00, 0x00, 0x00, 0x00, 0x00, 0x02, 0x3e, 0xc9, 0xff, 0xff, 0xff, 0x80, 0x00,
    0xc8, 0xff, 0xff, 0xb0, 0x00, 0x00, 0x00, 0x00, 0x00, 0x00, 0x00, 0x00, 0x08, 0xce, 0xff, 0xff, 0xf5, 0x0d,
    0xc8, 0xff, 0xff, 0xb0, 0x00, 0x00, 0x00, 0x00, 0x00, 0x00, 0x00, 0x00, 0x00, 0x57, 0xff, 0xff, 0xff, 0x45,
    0xc8, 0xff, 0xff, 0xb0, 0x00, 0x00, 0x00, 0x00, 0x00, 0x00, 0x00, 0x00, 0x00, 0x30, 0xff, 0xff, 0xff, 0x5c,
    0xc8, 0xff, 0xff, 0xb0, 0x00, 0x00, 0x00, 0x00, 0x00, 0x00, 0x00, 0x00, 0x00, 0x4e, 0xff, 0xff, 0xff, 0x4f,
    0xc8, 0xff, 0xff, 0xb0, 0x00, 0x00, 0x00, 0x00, 0x00, 0x00, 0x00, 0x00, 0x06, 0xc4, 0xff, 0xff, 0xff, 0x1c,
    0xc8, 0xff, 0xff, 0xb0, 0x00, 0x00, 0x00, 0x00, 0x00, 0x00, 0x0f, 0x50, 0xca, 0xff, 0xff, 0xff, 0xb7, 0x00,
    0xc8, 0xff, 0xff, 0xfb, 0xf0, 0xf0, 0xf0, 0xf0, 0xf0, 0xf5, 0xff, 0xff, 0xff, 0xff, 0xff, 0xeb, 0x21, 0x00,
    0xc8, 0xff, 0xff, 0xff, 0xff, 0xff, 0xff, 0xff, 0xff, 0xff, 0xff, 0xff, 0xff, 0xff, 0xcb, 0x28, 0x00, 0x00,
    0xc8, 0xff, 0xff, 0xff, 0xff, 0xff, 0xff, 0xff, 0xff, 0xfd, 0xf1, 0xd3, 0x9d, 0x4b, 0x01, 0x00, 0x00, 0x00,

    /* U+0043 "C" */
    0x00, 0x00, 0x00, 0x00, 0x00, 0x00, 0x16, 0x71, 0xb6, 0xe3, 0xf9, 0xfc, 0xec, 0xc4, 0x85, 0x2a, 0x00, 0x00, 0x00, 0x00, 0x00,
    0x00, 0x00, 0x00, 0x00, 0x09, 0x88, 0xf7, 0xff, 0xff, 0xff, 0xff, 0xff, 0xff, 0xff, 0xff, 0xff, 0xa8, 0x17, 0x00, 0x00, 0x00,
    0x00, 0x00, 0x00, 0x1c, 0xd2, 0xff, 0xff, 0xff, 0xff, 0xff, 0xff, 0xff, 0xff, 0xff, 0xff, 0xff, 0xff, 0xe6, 0x2d, 0x00, 0x00,
    0x00, 0x00, 0x12, 0xda, 0xff, 0xff, 0xff, 0xf8, 0xa2, 0x58, 0x35, 0x2f, 0x49, 0x85, 0xe6, 0xff, 0xff, 0xff, 0xe9, 0x1c, 0x00,
    0x00, 0x00, 0xae, 0xff, 0xff, 0xff, 0xc8, 0x21, 0x00, 0x00, 0x00, 0x00, 0x00, 0x00, 0x0a, 0x9f, 0xff, 0xff, 0xff, 0xb7, 0x00,
    0x00, 0x45, 0xff, 0xff, 0xff, 0xca, 0x0b, 0x00, 0x00, 0x00, 0x00, 0x00, 0x00, 0x00, 0x00, 0x01, 0xad, 0xff, 0xff, 0xff, 0x3c,
    0x00, 0xbb, 0xff, 0xff, 0xf9, 0x23, 0x00, 0x00, 0x00, 0x00, 0x00, 0x00, 0x00, 0x00, 0x00, 0x00, 0x19, 0xf9, 0xff, 0xff, 0x9a,
    0x17, 0xfe, 0xff, 0xff, 0x9b, 0x00, 0x00, 0x00, 0x00, 0x00, 0x00, 0x00, 0x00, 0x00, 0x00, 0x00, 0x00, 0x93, 0xc8, 0xc8, 0xa7,
    0x53, 0xff, 0xff, 0xff, 0x45, 0x00, 0x00, 0x00, 0x00, 0x00, 0x00, 0x00, 0x00, 0x00, 0x00, 0x00, 0x00, 0x00, 0x00, 0x00, 0x00,
    0x80, 0xff, 0xff, 0xff, 0x0d, 0x00, 0x00, 0x00, 0x00, 0x00, 0x00, 0x00, 0x00, 0x00, 0x00, 0x00, 0x00, 0x00, 0x00, 0x00, 0x00,
    0x96, 0xff, 0xff, 0xed, 0x00, 0x00, 0x00, 0x00, 0x00, 0x00, 0x00, 0x00, 0x00, 0x00, 0x00, 0x00, 0x00, 0x00, 0x00, 0x00, 0x00,
    0x9e, 0xff, 0xff, 0xe2, 0x00, 0x00, 0x00, 0x00, 0x00, 0x00, 0x00, 0x00, 0x00, 0x00, 0x00, 0x00, 0x00, 0x00, 0x00, 0x00, 0x00,
    0x96, 0xff, 0xff, 0xed, 0x00, 0x00, 0x00, 0x00, 0x00, 0x00, 0x00, 0x00, 0x00, 0x00, 0x00, 0x00, 0x00, 0x00, 0x00, 0x00, 0x00,
    0x80, 0xff, 0xff, 0xff, 0x0d, 0x00, 0x00, 0x00, 0x00, 0x00, 0x00, 0x00, 0x00, 0x00, 0x00, 0x00, 0x00, 0x00, 0x00, 0x00, 0x00,
    0x53, 0xff, 0xff, 0xff, 0x45, 0x00, 0x00, 0x00, 0x00, 0x00, 0x00, 0x00, 0x00, 0x00, 0x00, 0x00, 0x00, 0x00, 0x00, 0x00, 0x00,
    0x16, 0xfd, 0xff, 0xff, 0x9d, 0x00, 0x00, 0x00, 0x00, 0x00, 0x00, 0x00, 0x00, 0x00, 0x00, 0x00, 0x00, 0x8d, 0xc4, 0xc4, 0xa5,
    0x00, 0xba, 0xff, 0xff, 0xfa, 0x25, 0x00, 0x00, 0x00, 0x00, 0x00, 0x00, 0x00, 0x00, 0x00, 0x00, 0x18, 0xf8, 0xff, 0xff, 0x9d,
    0x00, 0x43, 0xff, 0xff, 0xff, 0xcb, 0x0b, 0x00, 0x00, 0x00, 0x00, 0x00, 0x00, 0x00, 0x00, 0x01, 0xab, 0xff, 0xff, 0xff, 0x3c,
    0x00, 0x00, 0xad, 0xff, 0xff, 0xff, 0xc9, 0x23, 0x00, 0x00, 0x00, 0x00, 0x00, 0x00, 0x0c, 0xa1, 0xff, 0xff, 0xff, 0xb9, 0x00,
    0x00, 0x00, 0x12, 0xd9, 0xff, 0xff, 0xff, 0xf8, 0xa2, 0x57, 0x35, 0x2f, 0x4a, 0x88, 0xe8, 0xff, 0xff, 0xff, 0xe9, 0x1d, 0x00,
    0x00, 0x00, 0x00, 0x1b, 0xcf, 0xff, 0xff, 0xff, 0xff, 0xff, 0xff, 0xff, 0xff, 0xff, 0xff, 0xff, 0xff, 0xe5, 0x2d, 0x00, 0x00,
    0x00, 0x00, 0x00, 0x00, 0x08, 0x87, 0xf7, 0xff, 0xff, 0xff, 0xff, 0xff, 0xff, 0xff, 0xff, 0xfe, 0xa6, 0x16, 0x00, 0x00, 0x00,
    0x00, 0x00, 0x00, 0x00, 0x00, 0x00, 0x16, 0x71, 0xb6, 0xe4, 0xfb, 0xfd, 0xec, 0xc4, 0x82, 0x26, 0x00, 0x00, 0x00, 0x00, 0x00,

    /* U+0044 "D" */
    0xc8, 0xff, 0xff, 0xff, 0xff, 0xff, 0xff, 0xff, 0xfc, 0xeb, 0xc9, 0x92, 0x40, 0x01, 0x00, 0x00, 0x00, 0x00, 0x00, 0x00,
    0xc8, 0xff, 0xff, 0xff, 0xff, 0xff, 0xff, 0xff, 0xff, 0xff, 0xff, 0xff, 0xff, 0xcf, 0x3f, 0x00, 0x00, 0x00, 0x00, 0x00,
    0xc8, 0xff, 0xff, 0xff, 0xff, 0xff, 0xff, 0xff, 0xff, 0xff, 0xff, 0xff, 0xff, 0xff, 0xfe, 0x76, 0x00, 0x00, 0x00, 0x00,
    0xc8, 0xff, 0xff, 0xbd, 0x0c, 0x0c, 0x0c, 0x0c, 0x16, 0x31, 0x67, 0xc4, 0xff, 0xff, 0xff, 0xff, 0x73, 0x00, 0x00, 0x00,
    0xc8, 0xff, 0xff, 0xb8, 0x00, 0x00, 0x00, 0x00, 0x00, 0x00, 0x00, 0x00, 0x55, 0xf5, 0xff, 0xff, 0xfc, 0x33, 0x00, 0x00,
    0xc8, 0xff, 0xff, 0xb8, 0x00, 0x00, 0x00, 0x00, 0x00, 0x00, 0x00, 0x00, 0x00, 0x41, 0xfc, 0xff, 0xff, 0xc1, 0x00, 0x00,
    0xc8, 0xff, 0xff, 0xb8, 0x00, 0x00, 0x00, 0x00, 0x00, 0x00, 0x00, 0x00, 0x00, 0x00, 0x92, 0xff, 0xff, 0xff, 0x30, 0x00,
    0xc8, 0xff, 0xff, 0xb8, 0x00, 0x00, 0x00, 0x00, 0x00, 0x00, 0x00, 0x00, 0x00, 0x00, 0x1e, 0xfe, 0xff, 0xff, 0x83, 0x00,
    0xc8, 0xff, 0xff, 0xb8, 0x00, 0x00, 0x00, 0x00, 0x00, 0x00, 0x00, 0x00, 0x00, 0x00, 0x00, 0xd0, 0xff, 0xff, 0xbe, 0x00,
    0xc8, 0xff, 0xff, 0xb8, 0x00, 0x00, 0x00, 0x00, 0x00, 0x00, 0x00, 0x00, 0x00, 0x00, 0x00, 0x9f, 0xff, 0xff, 0xe5, 0x00,
    0xc8, 0xff, 0xff, 0xb8, 0x00, 0x00, 0x00, 0x00, 0x00, 0x00, 0x00, 0x00, 0x00, 0x00, 0x00, 0x83, 0xff, 0xff, 0xfc, 0x00,
    0xc8, 0xff, 0xff, 0xb8, 0x00, 0x00, 0x00, 0x00, 0x00, 0x00, 0x00, 0x00, 0x00, 0x00, 0x00, 0x7a, 0xff, 0xff, 0xff, 0x02,
    0xc8, 0xff, 0xff, 0xb8, 0x00, 0x00, 0x00, 0x00, 0x00, 0x00, 0x00, 0x00, 0x00, 0x00, 0x00, 0x83, 0xff, 0xff, 0xfa, 0x00,
    0xc8, 0xff, 0xff, 0xb8, 0x00, 0x00, 0x00, 0x00, 0x00, 0x00, 0x00, 0x00, 0x00, 0x00, 0x00, 0xa0, 0xff, 0xff, 0xe4, 0x00,
    0xc8, 0xff, 0xff, 0xb8, 0x00, 0x00, 0x00, 0x00, 0x00, 0x00, 0x00, 0x00, 0x00, 0x00, 0x00, 0xd4, 0xff, 0xff, 0xbd, 0x00,
    0xc8, 0xff, 0xff, 0xb8, 0x00, 0x00, 0x00, 0x00, 0x00, 0x00, 0x00, 0x00, 0x00, 0x00, 0x23, 0xff, 0xff, 0xff, 0x81, 0x00,
    0xc8, 0xff, 0xff, 0xb8, 0x00, 0x00, 0x00, 0x00, 0x00, 0x00, 0x00, 0x00, 0x00, 0x00, 0x97, 0xff, 0xff, 0xff, 0x2c, 0x00,
    0xc8, 0xff, 0xff, 0xb8, 0x00, 0x00, 0x00, 0x00, 0x00, 0x00, 0x00, 0x00, 0x00, 0x48, 0xfd, 0xff, 0xff, 0xbe, 0x00, 0x00,
    0xc8, 0xff, 0xff, 0xb8, 0x00, 0x00, 0x00, 0x00, 0x00, 0x00, 0x00, 0x00, 0x5c, 0xf7, 0xff, 0xff, 0xfb, 0x31, 0x00, 0x00,
    0xc8, 0xff, 0xff, 0xbc, 0x08, 0x08, 0x08, 0x09, 0x14, 0x33, 0x6c, 0xca, 0xff, 0xff, 0xff, 0xff, 0x6c, 0x00, 0x00, 0x00,
    0xc8, 0xff, 0xff, 0xff, 0xff, 0xff, 0xff, 0xff, 0xff, 0xff, 0xff, 0xff, 0xff, 0xff, 0xfd, 0x71, 0x00, 0x00, 0x00, 0x00,
    0xc8, 0xff, 0xff, 0xff, 0xff, 0xff, 0xff, 0xff, 0xff, 0xff, 0xff, 0xff, 0xff, 0xc8, 0x37, 0x00, 0x00, 0x00, 0x00, 0x00,
    0xc8, 0xff, 0xff, 0xff, 0xff, 0xff, 0xff, 0xff, 0xfb, 0xe7, 0xc2, 0x8b, 0x38, 0x00, 0x00, 0x00, 0x00, 0x00, 0x00, 0x00,

    /* U+0045 "E" */
    0xc8, 0xff, 0xff, 0xff, 0xff, 0xff, 0xff, 0xff, 0xff, 0xff, 0xff, 0xff, 0xff, 0xff, 0xff, 0xa8,
    0xc8, 0xff, 0xff, 0xff, 0xff, 0xff, 0xff, 0xff, 0xff, 0xff, 0xff, 0xff, 0xff, 0xff, 0xff, 0xa8,
    0xc8, 0xff, 0xff, 0xff, 0xff, 0xff, 0xff, 0xff, 0xff, 0xff, 0xff, 0xff, 0xff, 0xff, 0xff, 0xa8,
    0xc8, 0xff, 0xff, 0xbb, 0x0c, 0x0c, 0x0c, 0x0c, 0x0c, 0x0c, 0x0c, 0x0c, 0x0c, 0x0c, 0x0c, 0x08,
    0xc8, 0xff, 0xff, 0xb8, 0x00, 0x00, 0x00, 0x00, 0x00, 0x00, 0x00, 0x00, 0x00, 0x00, 0x00, 0x00,
    0xc8, 0xff, 0xff, 0xb8, 0x00, 0x00, 0x00, 0x00, 0x00, 0x00, 0x00, 0x00, 0x00, 0x00, 0x00, 0x00,
    0xc8, 0xff, 0xff, 0xb8, 0x00, 0x00, 0x00, 0x00, 0x00, 0x00, 0x00, 0x00, 0x00, 0x00, 0x00, 0x00,
    0xc8, 0xff, 0xff, 0xb8, 0x00, 0x00, 0x00, 0x00, 0x00, 0x00, 0x00, 0x00, 0x00, 0x00, 0x00, 0x00,
    0xc8, 0xff, 0xff, 0xb8, 0x00, 0x00, 0x00, 0x00, 0x00, 0x00, 0x00, 0x00, 0x00, 0x00, 0x00, 0x00,
    0xc8, 0xff, 0xff, 0xb8, 0x00, 0x00, 0x00, 0x00, 0x00, 0x00, 0x00, 0x00, 0x00, 0x00, 0x00, 0x00,
    0xc8, 0xff, 0xff, 0xff, 0xff, 0xff, 0xff, 0xff, 0xff, 0xff, 0xff, 0xff, 0xff, 0xff, 0xc8, 0x00,
    0xc8, 0xff, 0xff, 0xff, 0xff, 0xff, 0xff, 0xff, 0xff, 0xff, 0xff, 0xff, 0xff, 0xff, 0xc8, 0x00,
    0xc8, 0xff, 0xff, 0xff, 0xff, 0xff, 0xff, 0xff, 0xff, 0xff, 0xff, 0xff, 0xff, 0xff, 0xc8, 0x00,
    0xc8, 0xff, 0xff, 0xb8, 0x00, 0x00, 0x00, 0x00, 0x00, 0x00, 0x00, 0x00, 0x00, 0x00, 0x00, 0x00,
    0xc8, 0xff, 0xff, 0xb8, 0x00, 0x00, 0x00, 0x00, 0x00, 0x00, 0x00, 0x00, 0x00, 0x00, 0x00, 0x00,
    0xc8, 0xff, 0xff, 0xb8, 0x00, 0x00, 0x00, 0x00, 0x00, 0x00, 0x00, 0x00, 0x00, 0x00, 0x00, 0x00,
    0xc8, 0xff, 0xff, 0xb8, 0x00, 0x00, 0x00, 0x00, 0x00, 0x00, 0x00, 0x00, 0x00, 0x00, 0x00, 0x00,
    0xc8, 0xff, 0xff, 0xb8, 0x00, 0x00, 0x00, 0x00, 0x00, 0x00, 0x00, 0x00, 0x00, 0x00, 0x00, 0x00,
    0xc8, 0xff, 0xff, 0xb8, 0x00, 0x00, 0x00, 0x00, 0x00, 0x00, 0x00, 0x00, 0x00, 0x00, 0x00, 0x00,
    0xc8, 0xff, 0xff, 0xba, 0x08, 0x08, 0x08, 0x08, 0x08, 0x08, 0x08, 0x08, 0x08, 0x08, 0x08, 0x06,
    0xc8, 0xff, 0xff, 0xff, 0xff, 0xff, 0xff, 0xff, 0xff, 0xff, 0xff, 0xff, 0xff, 0xff, 0xff, 0xb0,
    0xc8, 0xff, 0xff, 0xff, 0xff, 0xff, 0xff, 0xff, 0xff, 0xff, 0xff, 0xff, 0xff, 0xff, 0xff, 0xb0,
    0xc8, 0xff, 0xff, 0xff, 0xff, 0xff, 0xff, 0xff, 0xff, 0xff, 0xff, 0xff, 0xff, 0xff, 0xff, 0xb0,

    /* U+0046 "F" */
    0xc8, 0xff, 0xff, 0xff, 0xff, 0xff, 0xff, 0xff, 0xff, 0xff, 0xff, 0xff, 0xff, 0xff, 0xff, 0x3c,
    0xc8, 0xff, 0xff, 0xff, 0xff, 0xff, 0xff, 0xff, 0xff, 0xff, 0xff, 0xff, 0xff, 0xff, 0xff, 0x3c,
    0xc8, 0xff, 0xff, 0xff, 0xff, 0xff, 0xff, 0xff, 0xff, 0xff, 0xff, 0xff, 0xff, 0xff, 0xff, 0x3c,
    0xc8, 0xff, 0xff, 0xbb, 0x0c, 0x0c, 0x0c, 0x0c, 0x0c, 0x0c, 0x0c, 0x0c, 0x0c, 0x0c, 0x0c, 0x03,
    0xc8, 0xff, 0xff, 0xb8, 0x00, 0x00, 0x00, 0x00, 0x00, 0x00, 0x00, 0x00, 0x00, 0x00, 0x00, 0x00,
    0xc8, 0xff, 0xff, 0xb8, 0x00, 0x00, 0x00, 0x00, 0x00, 0x00, 0x00, 0x00, 0x00, 0x00, 0x00, 0x00,
    0xc8, 0xff, 0xff, 0xb8, 0x00, 0x00, 0x00, 0x00, 0x00, 0x00, 0x00, 0x00, 0x00, 0x00, 0x00, 0x00,
    0xc8, 0xff, 0xff, 0xb8, 0x00, 0x00, 0x00, 0x00, 0x00, 0x00, 0x00, 0x00, 0x00, 0x00, 0x00, 0x00,
    0xc8, 0xff, 0xff, 0xb8, 0x00, 0x00, 0x00, 0x00, 0x00, 0x00, 0x00, 0x00, 0x00, 0x00, 0x00, 0x00,
    0xc8, 0xff, 0xff, 0xb8, 0x00, 0x00, 0x00, 0x00, 0x00, 0x00, 0x00, 0x00, 0x00, 0x00, 0x00, 0x00,
    0xc8, 0xff, 0xff, 0xff, 0xff, 0xff, 0xff, 0xff, 0xff, 0xff, 0xff, 0xff, 0xff, 0xff, 0x50, 0x00,
    0xc8, 0xff, 0xff, 0xff, 0xff, 0xff, 0xff, 0xff, 0xff, 0xff, 0xff, 0xff, 0xff, 0xff, 0x50, 0x00,
    0xc8, 0xff, 0xff, 0xff, 0xff, 0xff, 0xff, 0xff, 0xff, 0xff, 0xff, 0xff, 0xff, 0xff, 0x50, 0x00,
    0xc8, 0xff, 0xff, 0xb8, 0x00, 0x00, 0x00, 0x00, 0x00, 0x00, 0x00, 0x00, 0x00, 0x00, 0x00, 0x00,
    0xc8, 0xff, 0xff, 0xb8, 0x00, 0x00, 0x00, 0x00, 0x00, 0x00, 0x00, 0x00, 0x00, 0x00, 0x00, 0x00,
    0xc8, 0xff, 0xff, 0xb8, 0x00, 0x00, 0x00, 0x00, 0x00, 0x00, 0x00, 0x00, 0x00, 0x00, 0x00, 0x00,
    0xc8, 0xff, 0xff, 0xb8, 0x00, 0x00, 0x00, 0x00, 0x00, 0x00, 0x00, 0x00, 0x00, 0x00, 0x00, 0x00,
    0xc8, 0xff, 0xff, 0xb8, 0x00, 0x00, 0x00, 0x00, 0x00, 0x00, 0x00, 0x00, 0x00, 0x00, 0x00, 0x00,
    0xc8, 0xff, 0xff, 0xb8, 0x00, 0x00, 0x00, 0x00, 0x00, 0x00, 0x00, 0x00, 0x00, 0x00, 0x00, 0x00,
    0xc8, 0xff, 0xff, 0xb8, 0x00, 0x00, 0x00, 0x00, 0x00, 0x00, 0x00, 0x00, 0x00, 0x00, 0x00, 0x00,
    0xc8, 0xff, 0xff, 0xb8, 0x00, 0x00, 0x00, 0x00, 0x00, 0x00, 0x00, 0x00, 0x00, 0x00, 0x00, 0x00,
    0xc8, 0xff, 0xff, 0xb8, 0x00, 0x00, 0x00, 0x00, 0x00, 0x00, 0x00, 0x00, 0x00, 0x00, 0x00, 0x00,
    0xc8, 0xff, 0xff, 0xb8, 0x00, 0x00, 0x00, 0x00, 0x00, 0x00, 0x00, 0x00, 0x00, 0x00, 0x00, 0x00,

    /* U+0047 "G" */
    0x00, 0x00, 0x00, 0x00, 0x00, 0x00, 0x16, 0x71, 0xb8, 0xe5, 0xfc, 0xfc, 0xe9, 0xc1, 0x80, 0x25, 0x00, 0x00, 0x00, 0x00, 0x00, 0x00,
    0x00, 0x00, 0x00, 0x00, 0x08, 0x87, 0xf7, 0xff, 0xff, 0xff, 0xff, 0xff, 0xff, 0xff, 0xff, 0xfe, 0xa5, 0x16, 0x00, 0x00, 0x00, 0x00,
    0x00, 0x00, 0x00, 0x1a, 0xce, 0xff, 0xff, 0xff, 0xff, 0xff, 0xff, 0xff, 0xff, 0xff, 0xff, 0xff, 0xff, 0xe6, 0x30, 0x00, 0x00, 0x00,
    0x00, 0x00, 0x10, 0xd7, 0xff, 0xff, 0xff, 0xf8, 0xa1, 0x57, 0x34, 0x30, 0x4b, 0x8b, 0xeb, 0xff, 0xff, 0xff, 0xed, 0x22, 0x00, 0x00,
    0x00, 0x00, 0xa9, 0xff, 0xff, 0xff, 0xcc, 0x23, 0x00, 0x00, 0x00, 0x00, 0x00, 0x00, 0x0d, 0xa0, 0xff, 0xff, 0xff, 0xc5, 0x01, 0x00,
    0x00, 0x43, 0xff, 0xff, 0xff, 0xce, 0x0e, 0x00, 0x00, 0x00, 0x00, 0x00, 0x00, 0x00, 0x00, 0x01, 0xa9, 0xff, 0xff, 0xff, 0x4e, 0x00,
    0x00, 0xb9, 0xff, 0xff, 0xfa, 0x28, 0x00, 0x00, 0x00, 0x00, 0x00, 0x00, 0x00, 0x00, 0x00, 0x00, 0x15, 0xf6, 0xff, 0xff, 0xa9, 0x00,
    0x14, 0xfd, 0xff, 0xff, 0xa0, 0x00, 0x00, 0x00, 0x00, 0x00, 0x00, 0x00, 0x00, 0x00, 0x00, 0x00, 0x00, 0x5f, 0x80, 0x80, 0x6b, 0x00,
    0x52, 0xff, 0xff, 0xff, 0x46, 0x00, 0x00, 0x00, 0x00, 0x00, 0x00, 0x00, 0x00, 0x00, 0x00, 0x00, 0x00, 0x00, 0x00, 0x00, 0x00, 0x00,
    0x7f, 0xff, 0xff, 0xff, 0x0d, 0x00, 0x00, 0x00, 0x00, 0x00, 0x00, 0x00, 0x00, 0x00, 0x00, 0x00, 0x00, 0x00, 0x00, 0x00, 0x00, 0x00,
    0x96, 0xff, 0xff, 0xed, 0x00, 0x00, 0x00, 0x00, 0x00, 0x00, 0x00, 0x00, 0x00, 0x00, 0x00, 0x00, 0x00, 0x00, 0x00, 0x00, 0x00, 0x00,
    0x9e, 0xff, 0xff, 0xe2, 0x00, 0x00, 0x00, 0x00, 0x00, 0x00, 0x00, 0x20, 0xff, 0xff, 0xff, 0xff, 0xff, 0xff, 0xff, 0xff, 0xff, 0x0c,
    0x96, 0xff, 0xff, 0xed, 0x00, 0x00, 0x00, 0x00, 0x00, 0x00, 0x00, 0x20, 0xff, 0xff, 0xff, 0xff, 0xff, 0xff, 0xff, 0xff, 0xff, 0x0c,
    0x7f, 0xff, 0xff, 0xff, 0x0d, 0x00, 0x00, 0x00, 0x00, 0x00, 0x00, 0x1c, 0xe0, 0xe0, 0xe0, 0xe0, 0xe0, 0xef, 0xff, 0xff, 0xff, 0x0b,
    0x52, 0xff, 0xff, 0xff, 0x46, 0x00, 0x00, 0x00, 0x00, 0x00, 0x00, 0x00, 0x00, 0x00, 0x00, 0x00, 0x00, 0x70, 0xff, 0xff, 0xfe, 0x03,
    0x14, 0xfd, 0xff, 0xff, 0xa0, 0x00, 0x00, 0x00, 0x00, 0x00, 0x00, 0x00, 0x00, 0x00, 0x00, 0x00, 0x00, 0x9f, 0xff, 0xff, 0xdf, 0x00,
    0x00, 0xb7, 0xff, 0xff, 0xfb, 0x28, 0x00, 0x00, 0x00, 0x00, 0x00, 0x00, 0x00, 0x00, 0x00, 0x00, 0x10, 0xf0, 0xff, 0xff, 0xa1, 0x00,
    0x00, 0x3f, 0xff, 0xff, 0xff, 0xcf, 0x0e, 0x00, 0x00, 0x00, 0x00, 0x00, 0x00, 0x00, 0x00, 0x01, 0xa3, 0xff, 0xff, 0xff, 0x41, 0x00,
    0x00, 0x00, 0xa7, 0xff, 0xff, 0xff, 0xcf, 0x26, 0x00, 0x00, 0x00, 0x00, 0x00, 0x00, 0x0d, 0xa0, 0xff, 0xff, 0xff, 0xb8, 0x00, 0x00,
    0x00, 0x00, 0x0f, 0xd4, 0xff, 0xff, 0xff, 0xfa, 0xa3, 0x58, 0x34, 0x31, 0x4b, 0x8b, 0xeb, 0xff, 0xff, 0xff, 0xe5, 0x1a, 0x00, 0x00,
    0x00, 0x00, 0x00, 0x17, 0xcd, 0xff, 0xff, 0xff, 0xff, 0xff, 0xff, 0xff, 0xff, 0xff, 0xff, 0xff, 0xff, 0xdf, 0x29, 0x00, 0x00, 0x00,
    0x00, 0x00, 0x00, 0x00, 0x08, 0x87, 0xf7, 0xff, 0xff, 0xff, 0xff, 0xff, 0xff, 0xff, 0xff, 0xfd, 0x9e, 0x13, 0x00, 0x00, 0x00, 0x00,
    0x00, 0x00, 0x00, 0x00, 0x00, 0x00, 0x16, 0x71, 0xb6, 0xe4, 0xfb, 0xfe, 0xeb, 0xc4, 0x81, 0x24, 0x00, 0x00, 0x00, 0x00, 0x00, 0x00,

    /* U+0048 "H" */
    0xc8, 0xff, 0xff, 0xb8, 0x00, 0x00, 0x00, 0x00, 0x00, 0x00, 0x00, 0x00, 0x00, 0x00, 0x00, 0xb8, 0xff, 0xff, 0xc8,
    0xc8, 0xff, 0xff, 0xb8, 0x00, 0x00, 0x00, 0x00, 0x00, 0x00, 0x00, 0x00, 0x00, 0x00, 0x00, 0xb8, 0xff, 0xff, 0xc8,
    0xc8, 0xff, 0xff, 0xb8, 0x00, 0x00, 0x00, 0x00, 0x00, 0x00, 0x00, 0x00, 0x00, 0x00, 0x00, 0xb8, 0xff, 0xff, 0xc8,
    0xc8, 0xff, 0xff, 0xb8, 0x00, 0x00, 0x00, 0x00, 0x00, 0x00, 0x00, 0x00, 0x00, 0x00, 0x00, 0xb8, 0xff, 0xff, 0xc8,
    0xc8, 0xff, 0xff, 0xb8, 0x00, 0x00, 0x00, 0x00, 0x00, 0x00, 0x00, 0x00, 0x00, 0x00, 0x00, 0xb8, 0xff, 0xff, 0xc8,
    0xc8, 0xff, 0xff, 0xb8, 0x00, 0x00, 0x00, 0x00, 0x00, 0x00, 0x00, 0x00, 0x00, 0x00, 0x00, 0xb8, 0xff, 0xff, 0xc8,
    0xc8, 0xff, 0xff, 0xb8, 0x00, 0x00, 0x00, 0x00, 0x00, 0x00, 0x00, 0x00, 0x00, 0x00, 0x00, 0xb8, 0xff, 0xff, 0xc8,
    0xc8, 0xff, 0xff, 0xb8, 0x00, 0x00, 0x00, 0x00, 0x00, 0x00, 0x00, 0x00, 0x00, 0x00, 0x00, 0xb8, 0xff, 0xff, 0xc8,
    0xc8, 0xff, 0xff, 0xb8, 0x00, 0x00, 0x00, 0x00, 0x00, 0x00, 0x00, 0x00, 0x00, 0x00, 0x00, 0xb8, 0xff, 0xff, 0xc8,
    0xc8, 0xff, 0xff, 0xba, 0x08, 0x08, 0x08, 0x08, 0x08, 0x08, 0x08, 0x08, 0x08, 0x08, 0x08, 0xba, 0xff, 0xff, 0xc8,
    0xc8, 0xff, 0xff, 0xff, 0xff, 0xff, 0xff, 0xff, 0xff, 0xff, 0xff, 0xff, 0xff, 0xff, 0xff, 0xff, 0xff, 0xff, 0xc8,
    0xc8, 0xff, 0xff, 0xff, 0xff, 0xff, 0xff, 0xff, 0xff, 0xff, 0xff, 0xff, 0xff, 0xff, 0xff, 0xff, 0xff, 0xff, 0xc8,
    0xc8, 0xff, 0xff, 0xff, 0xff, 0xff, 0xff, 0xff, 0xff, 0xff, 0xff, 0xff, 0xff, 0xff, 0xff, 0xff, 0xff, 0xff, 0xc8,
    0xc8, 0xff, 0xff, 0xb8, 0x00, 0x00, 0x00, 0x00, 0x00, 0x00, 0x00, 0x00, 0x00, 0x00, 0x00, 0xb8, 0xff, 0xff, 0xc8,
    0xc8, 0xff, 0xff, 0xb8, 0x00, 0x00, 0x00, 0x00, 0x00, 0x00, 0x00, 0x00, 0x00, 0x00, 0x00, 0xb8, 0xff, 0xff, 0xc8,
    0xc8, 0xff, 0xff, 0xb8, 0x00, 0x00, 0x00, 0x00, 0x00, 0x00, 0x00, 0x00, 0x00, 0x00, 0x00, 0xb8, 0xff, 0xff, 0xc8,
    0xc8, 0xff, 0xff, 0xb8, 0x00, 0x00, 0x00, 0x00, 0x00, 0x00, 0x00, 0x00, 0x00, 0x00, 0x00, 0xb8, 0xff, 0xff, 0xc8,
    0xc8, 0xff, 0xff, 0xb8, 0x00, 0x00, 0x00, 0x00, 0x00, 0x00, 0x00, 0x00, 0x00, 0x00, 0x00, 0xb8, 0xff, 0xff, 0xc8,
    0xc8, 0xff, 0xff, 0xb8, 0x00, 0x00, 0x00, 0x00, 0x00, 0x00, 0x00, 0x00, 0x00, 0x00, 0x00, 0xb8, 0xff, 0xff, 0xc8,
    0xc8, 0xff, 0xff, 0xb8, 0x00, 0x00, 0x00, 0x00, 0x00, 0x00, 0x00, 0x00, 0x00, 0x00, 0x00, 0xb8, 0xff, 0xff, 0xc8,
    0xc8, 0xff, 0xff, 0xb8, 0x00, 0x00, 0x00, 0x00, 0x00, 0x00, 0x00, 0x00, 0x00, 0x00, 0x00, 0xb8, 0xff, 0xff, 0xc8,
    0xc8, 0xff, 0xff, 0xb8, 0x00, 0x00, 0x00, 0x00, 0x00, 0x00, 0x00, 0x00, 0x00, 0x00, 0x00, 0xb8, 0xff, 0xff, 0xc8,
    0xc8, 0xff, 0xff, 0xb8, 0x00, 0x00, 0x00, 0x00, 0x00, 0x00, 0x00, 0x00, 0x00, 0x00, 0x00, 0xb8, 0xff, 0xff, 0xc8,

    /* U+0049 "I" */
    0xc8, 0xff, 0xff, 0xb8,
    0xc8, 0xff, 0xff, 0xb8,
    0xc8, 0xff, 0xff, 0xb8,
    0xc8, 0xff, 0xff, 0xb8,
    0xc8, 0xff, 0xff, 0xb8,
    0xc8, 0xff, 0xff, 0xb8,
    0xc8, 0xff, 0xff, 0xb8,
    0xc8, 0xff, 0xff, 0xb8,
    0xc8, 0xff, 0xff, 0xb8,
    0xc8, 0xff, 0xff, 0xb8,
    0xc8, 0xff, 0xff, 0xb8,
    0xc8, 0xff, 0xff, 0xb8,
    0xc8, 0xff, 0xff, 0xb8,
    0xc8, 0xff, 0xff, 0xb8,
    0xc8, 0xff, 0xff, 0xb8,
    0xc8, 0xff, 0xff, 0xb8,
    0xc8, 0xff, 0xff, 0xb8,
    0xc8, 0xff, 0xff, 0xb8,
    0xc8, 0xff, 0xff, 0xb8,
    0xc8, 0xff, 0xff, 0xb8,
    0xc8, 0xff, 0xff, 0xb8,
    0xc8, 0xff, 0xff, 0xb8,
    0xc8, 0xff, 0xff, 0xb8,

    /* U+004A "J" */
    0x00, 0x00, 0x00, 0x00, 0x00, 0x00, 0x00, 0x00, 0x00, 0x00, 0x04, 0xff, 0xff, 0xff, 0x7c,
    0x00, 0x00, 0x00, 0x00, 0x00, 0x00, 0x00, 0x00, 0x00, 0x00, 0x04, 0xff, 0xff, 0xff, 0x7c,
    0x00, 0x00, 0x00, 0x00, 0x00, 0x00, 0x00, 0x00, 0x00, 0x00, 0x04, 0xff, 0xff, 0xff, 0x7c,
    0x00, 0x00, 0x00, 0x00, 0x00, 0x00, 0x00, 0x00, 0x00, 0x00, 0x04, 0xff, 0xff, 0xff, 0x7c,
    0x00, 0x00, 0x00, 0x00, 0x00, 0x00, 0x00, 0x00, 0x00, 0x00, 0x04, 0xff, 0xff, 0xff, 0x7c,
    0x00, 0x00, 0x00, 0x00, 0x00, 0x00, 0x00, 0x00, 0x00, 0x00, 0x04, 0xff, 0xff, 0xff, 0x7c,
    0x00, 0x00, 0x00, 0x00, 0x00, 0x00, 0x00, 0x00, 0x00, 0x00, 0x04, 0xff, 0xff, 0xff, 0x7c,
    0x00, 0x00, 0x00, 0x00, 0x00, 0x00, 0x00, 0x00, 0x00, 0x00, 0x04, 0xff, 0xff, 0xff, 0x7c,
    0x00, 0x00, 0x00, 0x00, 0x00, 0x00, 0x00, 0x00, 0x00, 0x00, 0x04, 0xff, 0xff, 0xff, 0x7c,
    0x00, 0x00, 0x00, 0x00, 0x00, 0x00, 0x00, 0x00, 0x00, 0x00, 0x04, 0xff, 0xff, 0xff, 0x7c,
    0x00, 0x00, 0x00, 0x00, 0x00, 0x00, 0x00, 0x00, 0x00, 0x00, 0x04, 0xff, 0xff, 0xff, 0x7c,
    0x00, 0x00, 0x00, 0x00, 0x00, 0x00, 0x00, 0x00, 0x00, 0x00, 0x04, 0xff, 0xff, 0xff, 0x7c,
    0x00, 0x00, 0x00, 0x00, 0x00, 0x00, 0x00, 0x00, 0x00, 0x00, 0x04, 0xff, 0xff, 0xff, 0x7c,
    0x00, 0x00, 0x00, 0x00, 0x00, 0x00, 0x00, 0x00, 0x00, 0x00, 0x04, 0xff, 0xff, 0xff, 0x7c,
    0x39, 0x44, 0x44, 0x27, 0x00, 0x00, 0x00, 0x00, 0x00, 0x00, 0x04, 0xff, 0xff, 0xff, 0x7c,
    0xd8, 0xff, 0xff, 0x94, 0x00, 0x00, 0x00, 0x00, 0x00, 0x00, 0x04, 0xff, 0xff, 0xff, 0x7c,
    0xd4, 0xff, 0xff, 0x9a, 0x00, 0x00, 0x00, 0x00, 0x00, 0x00, 0x0c, 0xff, 0xff, 0xff, 0x78,
    0xbb, 0xff, 0xff, 0xc5, 0x00, 0x00, 0x00, 0x00, 0x00, 0x00, 0x37, 0xff, 0xff, 0xff, 0x5f,
    0x82, 0xff, 0xff, 0xff, 0x3c, 0x00, 0x00, 0x00, 0x00, 0x00, 0xac, 0xff, 0xff, 0xff, 0x29,
    0x24, 0xfb, 0xff, 0xff, 0xf1, 0x6a, 0x19, 0x0a, 0x32, 0xab, 0xff, 0xff, 0xff, 0xc6, 0x00,
    0x00, 0x7f, 0xff, 0xff, 0xff, 0xff, 0xff, 0xff, 0xff, 0xff, 0xff, 0xff, 0xf6, 0x31, 0x00,
    0x00, 0x01, 0x7e, 0xfc, 0xff, 0xff, 0xff, 0xff, 0xff, 0xff, 0xff, 0xe5, 0x3c, 0x00, 0x00,
    0x00, 0x00, 0x00, 0x29, 0x91, 0xd6, 0xf6, 0xfe, 0xec, 0xbf, 0x70, 0x0c, 0x00, 0x00, 0x00,

    /* U+004B "K" */
    0xc8, 0xff, 0xff, 0xb8, 0x00, 0x00, 0x00, 0x00, 0x00, 0x00, 0x00, 0x00, 0x00, 0x53, 0xfd, 0xff, 0xff, 0xf0, 0x2f,
    0xc8, 0xff, 0xff, 0xb8, 0x00, 0x00, 0x00, 0x00, 0x00, 0x00, 0x00, 0x00, 0x42, 0xf9, 0xff, 0xff, 0xf6, 0x3b, 0x00,
    0xc8, 0xff, 0xff, 0xb8, 0x00, 0x00, 0x00, 0x00, 0x00, 0x00, 0x00, 0x32, 0xf2, 0xff, 0xff, 0xfb, 0x4a, 0x00, 0x00,
    0xc8, 0xff, 0xff, 0xb8, 0x00, 0x00, 0x00, 0x00, 0x00, 0x00, 0x25, 0xea, 0xff, 0xff, 0xfe, 0x5b, 0x00, 0x00, 0x00,
    0xc8, 0xff, 0xff, 0xb8, 0x00, 0x00, 0x00, 0x00, 0x00, 0x1a, 0xdf, 0xff, 0xff, 0xff, 0x6d, 0x00, 0x00, 0x00, 0x00,
    0xc8, 0xff, 0xff, 0xb8, 0x00, 0x00, 0x00, 0x00, 0x10, 0xd1, 0xff, 0xff, 0xff, 0x81, 0x00, 0x00, 0x00, 0x00, 0x00,
    0xc8, 0xff, 0xff, 0xb8, 0x00, 0x00, 0x00, 0x09, 0xc2, 0xff, 0xff, 0xff, 0x94, 0x00, 0x00, 0x00, 0x00, 0x00, 0x00,
    0xc8, 0xff, 0xff, 0xb8, 0x00, 0x00, 0x03, 0xb2, 0xff, 0xff, 0xff, 0xa6, 0x02, 0x00, 0x00, 0x00, 0x00, 0x00, 0x00,
    0xc8, 0xff, 0xff, 0xb8, 0x00, 0x00, 0x9b, 0xff, 0xff, 0xff, 0xb7, 0x05, 0x00, 0x00, 0x00, 0x00, 0x00, 0x00, 0x00,
    0xc8, 0xff, 0xff, 0xb8, 0x00, 0x7f, 0xff, 0xff, 0xff, 0xc9, 0x0a, 0x00, 0x00, 0x00, 0x00, 0x00, 0x00, 0x00, 0x00,
    0xc8, 0xff, 0xff, 0xb4, 0x5f, 0xff, 0xff, 0xff, 0xff, 0xc2, 0x03, 0x00, 0x00, 0x00, 0x00, 0x00, 0x00, 0x00, 0x00,
    0xc8, 0xff, 0xff, 0xe2, 0xfa, 0xff, 0xff, 0xff, 0xff, 0xff, 0x79, 0x00, 0x00, 0x00, 0x00, 0x00, 0x00, 0x00, 0x00,
    0xc8, 0xff, 0xff, 0xff, 0xff, 0xff, 0xc5, 0xd3, 0xff, 0xff, 0xfb, 0x36, 0x00, 0x00, 0x00, 0x00, 0x00, 0x00, 0x00,
    0xc8, 0xff, 0xff, 0xff, 0xff, 0xd2, 0x11, 0x2d, 0xf8, 0xff, 0xff, 0xdb, 0x0c, 0x00, 0x00, 0x00, 0x00, 0x00, 0x00,
    0xc8, 0xff, 0xff, 0xff, 0xde, 0x19, 0x00, 0x00, 0x70, 0xff, 0xff, 0xff, 0x9c, 0x00, 0x00, 0x00, 0x00, 0x00, 0x00,
    0xc8, 0xff, 0xff, 0xec, 0x23, 0x00, 0x00, 0x00, 0x01, 0xbb, 0xff, 0xff, 0xff, 0x53, 0x00, 0x00, 0x00, 0x00, 0x00,
    0xc8, 0xff, 0xff, 0xb9, 0x00, 0x00, 0x00, 0x00, 0x00, 0x1a, 0xed, 0xff, 0xff, 0xed, 0x1c, 0x00, 0x00, 0x00, 0x00,
    0xc8, 0xff, 0xff, 0xb8, 0x00, 0x00, 0x00, 0x00, 0x00, 0x00, 0x53, 0xff, 0xff, 0xff, 0xbd, 0x02, 0x00, 0x00, 0x00,
    0xc8, 0xff, 0xff, 0xb8, 0x00, 0x00, 0x00, 0x00, 0x00, 0x00, 0x00, 0x9c, 0xff, 0xff, 0xff, 0x76, 0x00, 0x00, 0x00,
    0xc8, 0xff, 0xff, 0xb8, 0x00, 0x00, 0x00, 0x00, 0x00, 0x00, 0x00, 0x0c, 0xdd, 0xff, 0xff, 0xfa, 0x32, 0x00, 0x00,
    0xc8, 0xff, 0xff, 0xb8, 0x00, 0x00, 0x00, 0x00, 0x00, 0x00, 0x00, 0x00, 0x38, 0xfc, 0xff, 0xff, 0xd7, 0x0a, 0x00,
    0xc8, 0xff, 0xff, 0xb8, 0x00, 0x00, 0x00, 0x00, 0x00, 0x00, 0x00, 0x00, 0x00, 0x7f, 0xff, 0xff, 0xff, 0x97, 0x00,
    0xc8, 0xff, 0xff, 0xb8, 0x00, 0x00, 0x00, 0x00, 0x00, 0x00, 0x00, 0x00, 0x00, 0x04, 0xc6, 0xff, 0xff, 0xff, 0x4d,

    /* U+004C "L" */
    0xc8, 0xff, 0xff, 0xb8, 0x00, 0x00, 0x00, 0x00, 0x00, 0x00, 0x00, 0x00, 0x00, 0x00, 0x00,
    0xc8, 0xff, 0xff, 0xb8, 0x00, 0x00, 0x00, 0x00, 0x00, 0x00, 0x00, 0x00, 0x00, 0x00, 0x00,
    0xc8, 0xff, 0xff, 0xb8, 0x00, 0x00, 0x00, 0x00, 0x00, 0x00, 0x00, 0x00, 0x00, 0x00, 0x00,
    0xc8, 0xff, 0xff, 0xb8, 0x00, 0x00, 0x00, 0x00, 0x00, 0x00, 0x00, 0x00, 0x00, 0x00, 0x00,
    0xc8, 0xff, 0xff, 0xb8, 0x00, 0x00, 0x00, 0x00, 0x00, 0x00, 0x00, 0x00, 0x00, 0x00, 0x00,
    0xc8, 0xff, 0xff, 0xb8, 0x00, 0x00, 0x00, 0x00, 0x00, 0x00, 0x00, 0x00, 0x00, 0x00, 0x00,
    0xc8, 0xff, 0xff, 0xb8, 0x00, 0x00, 0x00, 0x00, 0x00, 0x00, 0x00, 0x00, 0x00, 0x00, 0x00,
    0xc8, 0xff, 0xff, 0xb8, 0x00, 0x00, 0x00, 0x00, 0x00, 0x00, 0x00, 0x00, 0x00, 0x00, 0x00,
    0xc8, 0xff, 0xff, 0xb8, 0x00, 0x00, 0x00, 0x00, 0x00, 0x00, 0x00, 0x00, 0x00, 0x00, 0x00,
    0xc8, 0xff, 0xff, 0xb8, 0x00, 0x00, 0x00, 0x00, 0x00, 0x00, 0x00, 0x00, 0x00, 0x00, 0x00,
    0xc8, 0xff, 0xff, 0xb8, 0x00, 0x00, 0x00, 0x00, 0x00, 0x00, 0x00, 0x00, 0x00, 0x00, 0x00,
    0xc8, 0xff, 0xff, 0xb8, 0x00, 0x00, 0x00, 0x00, 0x00, 0x00, 0x00, 0x00, 0x00, 0x00, 0x00,
    0xc8, 0xff, 0xff, 0xb8, 0x00, 0x00, 0x00, 0x00, 0x00, 0x00, 0x00, 0x00, 0x00, 0x00, 0x00,
    0xc8, 0xff, 0xff, 0xb8, 0x00, 0x00, 0x00, 0x00, 0x00, 0x00, 0x00, 0x00, 0x00, 0x00, 0x00,
    0xc8, 0xff, 0xff, 0xb8, 0x00, 0x00, 0x00, 0x00, 0x00, 0x00, 0x00, 0x00, 0x00, 0x00, 0x00,
    0xc8, 0xff, 0xff, 0xb8, 0x00, 0x00, 0x00, 0x00, 0x00, 0x00, 0x00, 0x00, 0x00, 0x00, 0x00,
    0xc8, 0xff, 0xff, 0xb8, 0x00, 0x00, 0x00, 0x00, 0x00, 0x00, 0x00, 0x00, 0x00, 0x00, 0x00,
    0xc8, 0xff, 0xff, 0xb8, 0x00, 0x00, 0x00, 0x00, 0x00, 0x00, 0x00, 0x00, 0x00, 0x00, 0x00,
    0xc8, 0xff, 0xff, 0xb8, 0x00, 0x00, 0x00, 0x00, 0x00, 0x00, 0x00, 0x00, 0x00, 0x00, 0x00,
    0xc8, 0xff, 0xff, 0xba, 0x08, 0x08, 0x08, 0x08, 0x08, 0x08, 0x08, 0x08, 0x08, 0x08, 0x05,
    0xc8, 0xff, 0xff, 0xff, 0xff, 0xff, 0xff, 0xff, 0xff, 0xff, 0xff, 0xff, 0xff, 0xff, 0xa0,
    0xc8, 0xff, 0xff, 0xff, 0xff, 0xff, 0xff, 0xff, 0xff, 0xff, 0xff, 0xff, 0xff, 0xff, 0xa0,
    0xc8, 0xff, 0xff, 0xff, 0xff, 0xff, 0xff, 0xff, 0xff, 0xff, 0xff, 0xff, 0xff, 0xff, 0xa0,

    /* U+004D "M" */
    0xc8, 0xff, 0xff, 0xff, 0xff, 0x61, 0x00, 0x00, 0x00, 0x00, 0x00, 0x00, 0x00, 0x00, 0x00, 0x00, 0x00, 0x00, 0x44, 0xff, 0xff, 0xff, 0xff, 0xe8,
    0xc8, 0xff, 0xff, 0xff, 0xff, 0xc4, 0x00, 0x00, 0x00, 0x00, 0x00, 0x00, 0x00, 0x00, 0x00, 0x00, 0x00, 0x00, 0xa7, 0xff, 0xff, 0xff, 0xff, 0xe8,
    0xc8, 0xff, 0xff, 0xff, 0xff, 0xff, 0x28, 0x00, 0x00, 0x00, 0x00, 0x00, 0x00, 0x00, 0x00, 0x00, 0x00, 0x10, 0xf8, 0xff, 0xff, 0xff, 0xff, 0xe8,
    0xc8, 0xff, 0xff, 0xff, 0xff, 0xff, 0x8b, 0x00, 0x00, 0x00, 0x00, 0x00, 0x00, 0x00, 0x00, 0x00, 0x00, 0x6b, 0xff, 0xff, 0xff, 0xff, 0xff, 0xe8,
    0xc8, 0xff, 0xff, 0xe8, 0xff, 0xff, 0xe8, 0x05, 0x00, 0x00, 0x00, 0x00, 0x00, 0x00, 0x00, 0x00, 0x00, 0xcc, 0xff, 0xff, 0xd4, 0xff, 0xff, 0xe8,
    0xc8, 0xff, 0xff, 0xa1, 0xf8, 0xff, 0xff, 0x52, 0x00, 0x00, 0x00, 0x00, 0x00, 0x00, 0x00, 0x00, 0x2d, 0xff, 0xff, 0xfd, 0x89, 0xff, 0xff, 0xe8,
    0xc8, 0xff, 0xff, 0x99, 0xae, 0xff, 0xff, 0xb4, 0x00, 0x00, 0x00, 0x00, 0x00, 0x00, 0x00, 0x00, 0x90, 0xff, 0xff, 0xbf, 0x79, 0xff, 0xff, 0xe8,
    0xc8, 0xff, 0xff, 0x9e, 0x56, 0xff, 0xff, 0xfd, 0x1b, 0x00, 0x00, 0x00, 0x00, 0x00, 0x00, 0x05, 0xeb, 0xff, 0xff, 0x69, 0x7e, 0xff, 0xff, 0xe8,
    0xc8, 0xff, 0xff, 0xa3, 0x0a, 0xf3, 0xff, 0xff, 0x7b, 0x00, 0x00, 0x00, 0x00, 0x00, 0x00, 0x53, 0xff, 0xff, 0xfd, 0x17, 0x83, 0xff, 0xff, 0xe8,
    0xc8, 0xff, 0xff, 0xa7, 0x00, 0xa2, 0xff, 0xff, 0xdd, 0x01, 0x00, 0x00, 0x00, 0x00, 0x00, 0xb4, 0xff, 0xff, 0xba, 0x00, 0x87, 0xff, 0xff, 0xe8,
    0xc8, 0xff, 0xff, 0xa8, 0x00, 0x41, 0xff, 0xff, 0xff, 0x41, 0x00, 0x00, 0x00, 0x00, 0x19, 0xfc, 0xff, 0xff, 0x59, 0x00, 0x88, 0xff, 0xff, 0xe8,
    0xc8, 0xff, 0xff, 0xa8, 0x00, 0x01, 0xdc, 0xff, 0xff, 0xa4, 0x00, 0x00, 0x00, 0x00, 0x78, 0xff, 0xff, 0xee, 0x08, 0x00, 0x88, 0xff, 0xff, 0xe8,
    0xc8, 0xff, 0xff, 0xa8, 0x00, 0x00, 0x7a, 0xff, 0xff, 0xf8, 0x10, 0x00, 0x00, 0x01, 0xd8, 0xff, 0xff, 0x93, 0x00, 0x00, 0x88, 0xff, 0xff, 0xe8,
    0xc8, 0xff, 0xff, 0xa8, 0x00, 0x00, 0x19, 0xfc, 0xff, 0xff, 0x6b, 0x00, 0x00, 0x3a, 0xff, 0xff, 0xff, 0x30, 0x00, 0x00, 0x88, 0xff, 0xff, 0xe8,
    0xc8, 0xff, 0xff, 0xa8, 0x00, 0x00, 0x00, 0xb2, 0xff, 0xff, 0xc5, 0x00, 0x00, 0x92, 0xff, 0xff, 0xcd, 0x00, 0x00, 0x00, 0x88, 0xff, 0xff, 0xe8,
    0xc8, 0xff, 0xff, 0xa8, 0x00, 0x00, 0x00, 0x4e, 0xff, 0xff, 0xff, 0x1d, 0x02, 0xe6, 0xff, 0xff, 0x6b, 0x00, 0x00, 0x00, 0x88, 0xff, 0xff, 0xe8,
    0xc8, 0xff, 0xff, 0xa8, 0x00, 0x00, 0x00, 0x04, 0xe6, 0xff, 0xff, 0x73, 0x3c, 0xff, 0xff, 0xf7, 0x10, 0x00, 0x00, 0x00, 0x88, 0xff, 0xff, 0xe8,
    0xc8, 0xff, 0xff, 0xa8, 0x00, 0x00, 0x00, 0x00, 0x86, 0xff, 0xff, 0xc7, 0x8e, 0xff, 0xff, 0xa4, 0x00, 0x00, 0x00, 0x00, 0x88, 0xff, 0xff, 0xe8,
    0xc8, 0xff, 0xff, 0xa8, 0x00, 0x00, 0x00, 0x00, 0x23, 0xff, 0xff, 0xff, 0xeb, 0xff, 0xff, 0x41, 0x00, 0x00, 0x00, 0x00, 0x88, 0xff, 0xff, 0xe8,
    0xc8, 0xff, 0xff, 0xa8, 0x00, 0x00, 0x00, 0x00, 0x00, 0xbe, 0xff, 0xff, 0xff, 0xff, 0xdd, 0x01, 0x00, 0x00, 0x00, 0x00, 0x88, 0xff, 0xff, 0xe8,
    0xc8, 0xff, 0xff, 0xa8, 0x00, 0x00, 0x00, 0x00, 0x00, 0x5a, 0xff, 0xff, 0xff, 0xff, 0x7c, 0x00, 0x00, 0x00, 0x00, 0x00, 0x88, 0xff, 0xff, 0xe8,
    0xc8, 0xff, 0xff, 0xa8, 0x00, 0x00, 0x00, 0x00, 0x00, 0x08, 0xed, 0xff, 0xff, 0xfd, 0x1b, 0x00, 0x00, 0x00, 0x00, 0x00, 0x88, 0xff, 0xff, 0xe8,
    0xc8, 0xff, 0xff, 0xa8, 0x00, 0x00, 0x00, 0x00, 0x00, 0x00, 0x93, 0xff, 0xff, 0xb5, 0x00, 0x00, 0x00, 0x00, 0x00, 0x00, 0x88, 0xff, 0xff, 0xe8,

    /* U+004E "N" */
    0xc8, 0xff, 0xff, 0xff, 0x71, 0x00, 0x00, 0x00, 0x00, 0x00, 0x00, 0x00, 0x00, 0x00, 0x00, 0x8c, 0xff, 0xff, 0xf4,
    0xc8, 0xff, 0xff, 0xff, 0xf5, 0x20, 0x00, 0x00, 0x00, 0x00, 0x00, 0x00, 0x00, 0x00, 0x00, 0x8c, 0xff, 0xff, 0xf4,
    0xc8, 0xff, 0xff, 0xff, 0xff, 0xb9, 0x00, 0x00, 0x00, 0x00, 0x00, 0x00, 0x00, 0x00, 0x00, 0x8c, 0xff, 0xff, 0xf4,
    0xc8, 0xff, 0xff, 0xff, 0xff, 0xff, 0x5e, 0x00, 0x00, 0x00, 0x00, 0x00, 0x00, 0x00, 0x00, 0x8c, 0xff, 0xff, 0xf4,
    0xc8, 0xff, 0xff, 0xfb, 0xff, 0xff, 0xec, 0x14, 0x00, 0x00, 0x00, 0x00, 0x00, 0x00, 0x00, 0x8c, 0xff, 0xff, 0xf4,
    0xc8, 0xff, 0xff, 0xac, 0xea, 0xff, 0xff, 0xa5, 0x00, 0x00, 0x00, 0x00, 0x00, 0x00, 0x00, 0x8c, 0xff, 0xff, 0xf4,
    0xc8, 0xff, 0xff, 0xa4, 0x63, 0xff, 0xff, 0xff, 0x48, 0x00, 0x00, 0x00, 0x00, 0x00, 0x00, 0x8c, 0xff, 0xff, 0xf4,
    0xc8, 0xff, 0xff, 0xac, 0x02, 0xcb, 0xff, 0xff, 0xe0, 0x0b, 0x00, 0x00, 0x00, 0x00, 0x00, 0x8c, 0xff, 0xff, 0xf4,
    0xc8, 0xff, 0xff, 0xb3, 0x00, 0x37, 0xfe, 0xff, 0xff, 0x8f, 0x00, 0x00, 0x00, 0x00, 0x00, 0x8c, 0xff, 0xff, 0xf4,
    0xc8, 0xff, 0xff, 0xb9, 0x00, 0x00, 0x98, 0xff, 0xff, 0xfd, 0x35, 0x00, 0x00, 0x00, 0x00, 0x8c, 0xff, 0xff, 0xf4,
    0xc8, 0xff, 0xff, 0xbc, 0x00, 0x00, 0x11, 0xea, 0xff, 0xff, 0xd2, 0x05, 0x00, 0x00, 0x00, 0x8c, 0xff, 0xff, 0xf4,
    0xc8, 0xff, 0xff, 0xbc, 0x00, 0x00, 0x00, 0x59, 0xff, 0xff, 0xff, 0x79, 0x00, 0x00, 0x00, 0x8c, 0xff, 0xff, 0xf4,
    0xc8, 0xff, 0xff, 0xbc, 0x00, 0x00, 0x00, 0x00, 0xb4, 0xff, 0xff, 0xf8, 0x26, 0x00, 0x00, 0x8c, 0xff, 0xff, 0xf4,
    0xc8, 0xff, 0xff, 0xbc, 0x00, 0x00, 0x00, 0x00, 0x1e, 0xf3, 0xff, 0xff, 0xc0, 0x01, 0x00, 0x8c, 0xff, 0xff, 0xf4,
    0xc8, 0xff, 0xff, 0xbc, 0x00, 0x00, 0x00, 0x00, 0x00, 0x6c, 0xff, 0xff, 0xff, 0x62, 0x00, 0x8b, 0xff, 0xff, 0xf4,
    0xc8, 0xff, 0xff, 0xbc, 0x00, 0x00, 0x00, 0x00, 0x00, 0x02, 0xc6, 0xff, 0xff, 0xeb, 0x11, 0x87, 0xff, 0xff, 0xf4,
    0xc8, 0xff, 0xff, 0xbc, 0x00, 0x00, 0x00, 0x00, 0x00, 0x00, 0x2a, 0xf9, 0xff, 0xff, 0x8f, 0x82, 0xff, 0xff, 0xf4,
    0xc8, 0xff, 0xff, 0xbc, 0x00, 0x00, 0x00, 0x00, 0x00, 0x00, 0x00, 0x7f, 0xff, 0xff, 0xfb, 0x9d, 0xff, 0xff, 0xf4,
    0xc8, 0xff, 0xff, 0xbc, 0x00, 0x00, 0x00, 0x00, 0x00, 0x00, 0x00, 0x06, 0xd4, 0xff, 0xff, 0xfa, 0xff, 0xff, 0xf4,
    0xc8, 0xff, 0xff, 0xbc, 0x00, 0x00, 0x00, 0x00, 0x00, 0x00, 0x00, 0x00, 0x3a, 0xfe, 0xff, 0xff, 0xff, 0xff, 0xf4,
    0xc8, 0xff, 0xff, 0xbc, 0x00, 0x00, 0x00, 0x00, 0x00, 0x00, 0x00, 0x00, 0x00, 0x92, 0xff, 0xff, 0xff, 0xff, 0xf4,
    0xc8, 0xff, 0xff, 0xbc, 0x00, 0x00, 0x00, 0x00, 0x00, 0x00, 0x00, 0x00, 0x00, 0x0d, 0xe2, 0xff, 0xff, 0xff, 0xf4,
    0xc8, 0xff, 0xff, 0xbc, 0x00, 0x00, 0x00, 0x00, 0x00, 0x00, 0x00, 0x00, 0x00, 0x00, 0x4a, 0xff, 0xff, 0xff, 0xf4,

    /* U+004F "O" */
    0x00, 0x00, 0x00, 0x00, 0x00, 0x00, 0x16, 0x71, 0xb8, 0xe6, 0xfc, 0xfc, 0xe8, 0xbd, 0x79, 0x1c, 0x00, 0x00, 0x00, 0x00, 0x00, 0x00,
    0x00, 0x00, 0x00, 0x00, 0x07, 0x84, 0xf7, 0xff, 0xff, 0xff, 0xff, 0xff, 0xff, 0xff, 0xff, 0xfb, 0x92, 0x0c, 0x00, 0x00, 0x00, 0x00,
    0x00, 0x00, 0x00, 0x17, 0xcc, 0xff, 0xff, 0xff, 0xff, 0xff, 0xff, 0xff, 0xff, 0xff, 0xff, 0xff, 0xff, 0xd8, 0x21, 0x00, 0x00, 0x00,
    0x00, 0x00, 0x0f, 0xd5, 0xff, 0xff, 0xff, 0xfa, 0xa2, 0x57, 0x36, 0x32, 0x52, 0x98, 0xf5, 0xff, 0xff, 0xff, 0xe1, 0x18, 0x00, 0x00,
    0x00, 0x00, 0xa7, 0xff, 0xff, 0xff, 0xc8, 0x21, 0x00, 0x00, 0x00, 0x00, 0x00, 0x00, 0x18, 0xb8, 0xff, 0xff, 0xff, 0xbb, 0x01, 0x00,
    0x00, 0x40, 0xff, 0xff, 0xff, 0xc9, 0x0a, 0x00, 0x00, 0x00, 0x00, 0x00, 0x00, 0x00, 0x00, 0x05, 0xb7, 0xff, 0xff, 0xff, 0x55, 0x00,
    0x00, 0xb9, 0xff, 0xff, 0xf8, 0x22, 0x00, 0x00, 0x00, 0x00, 0x00, 0x00, 0x00, 0x00, 0x00, 0x00, 0x15, 0xef, 0xff, 0xff, 0xcc, 0x00,
    0x14, 0xfd, 0xff, 0xff, 0x99, 0x00, 0x00, 0x00, 0x00, 0x00, 0x00, 0x00, 0x00, 0x00, 0x00, 0x00, 0x00, 0x84, 0xff, 0xff, 0xff, 0x26,
    0x52, 0xff, 0xff, 0xff, 0x42, 0x00, 0x00, 0x00, 0x00, 0x00, 0x00, 0x00, 0x00, 0x00, 0x00, 0x00, 0x00, 0x2e, 0xff, 0xff, 0xff, 0x65,
    0x7f, 0xff, 0xff, 0xff, 0x0c, 0x00, 0x00, 0x00, 0x00, 0x00, 0x00, 0x00, 0x00, 0x00, 0x00, 0x00, 0x00, 0x01, 0xf6, 0xff, 0xff, 0x92,
    0x96, 0xff, 0xff, 0xed, 0x00, 0x00, 0x00, 0x00, 0x00, 0x00, 0x00, 0x00, 0x00, 0x00, 0x00, 0x00, 0x00, 0x00, 0xd9, 0xff, 0xff, 0xaa,
    0x9e, 0xff, 0xff, 0xe2, 0x00, 0x00, 0x00, 0x00, 0x00, 0x00, 0x00, 0x00, 0x00, 0x00, 0x00, 0x00, 0x00, 0x00, 0xce, 0xff, 0xff, 0xb2,
    0x96, 0xff, 0xff, 0xed, 0x00, 0x00, 0x00, 0x00, 0x00, 0x00, 0x00, 0x00, 0x00, 0x00, 0x00, 0x00, 0x00, 0x00, 0xd9, 0xff, 0xff, 0xaa,
    0x7f, 0xff, 0xff, 0xff, 0x0b, 0x00, 0x00, 0x00, 0x00, 0x00, 0x00, 0x00, 0x00, 0x00, 0x00, 0x00, 0x00, 0x01, 0xf5, 0xff, 0xff, 0x93,
    0x53, 0xff, 0xff, 0xff, 0x42, 0x00, 0x00, 0x00, 0x00, 0x00, 0x00, 0x00, 0x00, 0x00, 0x00, 0x00, 0x00, 0x2e, 0xff, 0xff, 0xff, 0x67,
    0x14, 0xfd, 0xff, 0xff, 0x99, 0x00, 0x00, 0x00, 0x00, 0x00, 0x00, 0x00, 0x00, 0x00, 0x00, 0x00, 0x00, 0x85, 0xff, 0xff, 0xff, 0x26,
    0x00, 0xb9, 0xff, 0xff, 0xf9, 0x23, 0x00, 0x00, 0x00, 0x00, 0x00, 0x00, 0x00, 0x00, 0x00, 0x00, 0x16, 0xef, 0xff, 0xff, 0xcc, 0x00,
    0x00, 0x41, 0xff, 0xff, 0xff, 0xca, 0x0a, 0x00, 0x00, 0x00, 0x00, 0x00, 0x00, 0x00, 0x00, 0x05, 0xb8, 0xff, 0xff, 0xff, 0x55, 0x00,
    0x00, 0x00, 0xa8, 0xff, 0xff, 0xff, 0xc8, 0x23, 0x00, 0x00, 0x00, 0x00, 0x00, 0x00, 0x19, 0xba, 0xff, 0xff, 0xff, 0xbc, 0x01, 0x00,
    0x00, 0x00, 0x0f, 0xd5, 0xff, 0xff, 0xff, 0xfa, 0xa3, 0x57, 0x36, 0x32, 0x52, 0x99, 0xf5, 0xff, 0xff, 0xff, 0xe1, 0x18, 0x00, 0x00,
    0x00, 0x00, 0x00, 0x17, 0xcd, 0xff, 0xff, 0xff, 0xff, 0xff, 0xff, 0xff, 0xff, 0xff, 0xff, 0xff, 0xff, 0xd8, 0x21, 0x00, 0x00, 0x00,
    0x00, 0x00, 0x00, 0x00, 0x07, 0x85, 0xf7, 0xff, 0xff, 0xff, 0xff, 0xff, 0xff, 0xff, 0xff, 0xfb, 0x93, 0x0c, 0x00, 0x00, 0x00, 0x00,
    0x00, 0x00, 0x00, 0x00, 0x00, 0x00, 0x16, 0x71, 0xba, 0xe6, 0xfc, 0xfc, 0xe8, 0xbd, 0x79, 0x1c, 0x00, 0x00, 0x00, 0x00, 0x00, 0x00,

    /* U+0050 "P" */
    0xc8, 0xff, 0xff, 0xff, 0xff, 0xff, 0xff, 0xff, 0xff, 0xf8, 0xe0, 0xb0, 0x63, 0x0a, 0x00, 0x00, 0x00,
    0xc8, 0xff, 0xff, 0xff, 0xff, 0xff, 0xff, 0xff, 0xff, 0xff, 0xff, 0xff, 0xff, 0xe4, 0x47, 0x00, 0x00,
    0xc8, 0xff, 0xff, 0xff, 0xff, 0xff, 0xff, 0xff, 0xff, 0xff, 0xff, 0xff, 0xff, 0xff, 0xfc, 0x50, 0x00,
    0xc8, 0xff, 0xff, 0xb9, 0x04, 0x04, 0x04, 0x04, 0x05, 0x15, 0x46, 0xad, 0xff, 0xff, 0xff, 0xf0, 0x14,
    0xc8, 0xff, 0xff, 0xb8, 0x00, 0x00, 0x00, 0x00, 0x00, 0x00, 0x00, 0x00, 0x7b, 0xff, 0xff, 0xff, 0x79,
    0xc8, 0xff, 0xff, 0xb8, 0x00, 0x00, 0x00, 0x00, 0x00, 0x00, 0x00, 0x00, 0x02, 0xdb, 0xff, 0xff, 0xbe,
    0xc8, 0xff, 0xff, 0xb8, 0x00, 0x00, 0x00, 0x00, 0x00, 0x00, 0x00, 0x00, 0x00, 0xa0, 0xff, 0xff, 0xde,
    0xc8, 0xff, 0xff, 0xb8, 0x00, 0x00, 0x00, 0x00, 0x00, 0x00, 0x00, 0x00, 0x00, 0xa0, 0xff, 0xff, 0xdd,
    0xc8, 0xff, 0xff, 0xb8, 0x00, 0x00, 0x00, 0x00, 0x00, 0x00, 0x00, 0x00, 0x02, 0xdc, 0xff, 0xff, 0xbc,
    0xc8, 0xff, 0xff, 0xb8, 0x00, 0x00, 0x00, 0x00, 0x00, 0x00, 0x00, 0x00, 0x78, 0xff, 0xff, 0xff, 0x75,
    0xc8, 0xff, 0xff, 0xb8, 0x00, 0x00, 0x00, 0x00, 0x01, 0x0f, 0x42, 0xaa, 0xff, 0xff, 0xff, 0xec, 0x10,
    0xc8, 0xff, 0xff, 0xff, 0xff, 0xff, 0xff, 0xff, 0xff, 0xff, 0xff, 0xff, 0xff, 0xff, 0xf9, 0x46, 0x00,
    0xc8, 0xff, 0xff, 0xff, 0xff, 0xff, 0xff, 0xff, 0xff, 0xff, 0xff, 0xff, 0xff, 0xdc, 0x3d, 0x00, 0x00,
    0xc8, 0xff, 0xff, 0xff, 0xff, 0xff, 0xff, 0xff, 0xff, 0xf7, 0xdd, 0xab, 0x5a, 0x06, 0x00, 0x00, 0x00,
    0xc8, 0xff, 0xff, 0xb8, 0x00, 0x00, 0x00, 0x00, 0x00, 0x00, 0x00, 0x00, 0x00, 0x00, 0x00, 0x00, 0x00,
    0xc8, 0xff, 0xff, 0xb8, 0x00, 0x00, 0x00, 0x00, 0x00, 0x00, 0x00, 0x00, 0x00, 0x00, 0x00, 0x00, 0x00,
    0xc8, 0xff, 0xff, 0xb8, 0x00, 0x00, 0x00, 0x00, 0x00, 0x00, 0x00, 0x00, 0x00, 0x00, 0x00, 0x00, 0x00,
    0xc8, 0xff, 0xff, 0xb8, 0x00, 0x00, 0x00, 0x00, 0x00, 0x00, 0x00, 0x00, 0x00, 0x00, 0x00, 0x00, 0x00,
    0xc8, 0xff, 0xff, 0xb8, 0x00, 0x00, 0x00, 0x00, 0x00, 0x00, 0x00, 0x00, 0x00, 0x00, 0x00, 0x00, 0x00,
    0xc8, 0xff, 0xff, 0xb8, 0x00, 0x00, 0x00, 0x00, 0x00, 0x00, 0x00, 0x00, 0x00, 0x00, 0x00, 0x00, 0x00,
    0xc8, 0xff, 0xff, 0xb8, 0x00, 0x00, 0x00, 0x00, 0x00, 0x00, 0x00, 0x00, 0x00, 0x00, 0x00, 0x00, 0x00,
    0xc8, 0xff, 0xff, 0xb8, 0x00, 0x00, 0x00, 0x00, 0x00, 0x00, 0x00, 0x00, 0x00, 0x00, 0x00, 0x00, 0x00,
    0xc8, 0xff, 0xff, 0xb8, 0x00, 0x00, 0x00, 0x00, 0x00, 0x00, 0x00, 0x00, 0x00, 0x00, 0x00, 0x00, 0x00,

    /* U+0051 "Q" */
    0x00, 0x00, 0x00, 0x00, 0x00, 0x00, 0x16, 0x71, 0xb8, 0xe6, 0xfc, 0xfc, 0xe8, 0xbd, 0x79, 0x1c, 0x00, 0x00, 0x00, 0x00, 0x00, 0x00,
    0x00, 0x00, 0x00, 0x00, 0x07, 0x84, 0xf7, 0xff, 0xff, 0xff, 0xff, 0xff, 0xff, 0xff, 0xff, 0xfb, 0x92, 0x0c, 0x00, 0x00, 0x00, 0x00,
    0x00, 0x00, 0x00, 0x17, 0xcc, 0xff, 0xff, 0xff, 0xff, 0xff, 0xff, 0xff, 0xff, 0xff, 0xff, 0xff, 0xff, 0xd8, 0x21, 0x00, 0x00, 0x00,
    0x00, 0x00, 0x0f, 0xd5, 0xff, 0xff, 0xff, 0xfa, 0xa2, 0x57, 0x36, 0x32, 0x52, 0x98, 0xf5, 0xff, 0xff, 0xff, 0xe1, 0x18, 0x00, 0x00,
    0x00, 0x00, 0xa7, 0xff, 0xff, 0xff, 0xc8, 0x21, 0x00, 0x00, 0x00, 0x00, 0x00, 0x00, 0x18, 0xb8, 0xff, 0xff, 0xff, 0xbb, 0x01, 0x00,
    0x00, 0x40, 0xff, 0xff, 0xff, 0xc9, 0x0a, 0x00, 0x00, 0x00, 0x00, 0x00, 0x00, 0x00, 0x00, 0x05, 0xb7, 0xff, 0xff, 0xff, 0x55, 0x00,
    0x00, 0xb9, 0xff, 0xff, 0xf8, 0x22, 0x00, 0x00, 0x00, 0x00, 0x00, 0x00, 0x00, 0x00, 0x00, 0x00, 0x15, 0xef, 0xff, 0xff, 0xcc, 0x00,
    0x14, 0xfd, 0xff, 0xff, 0x99, 0x00, 0x00, 0x00, 0x00, 0x00, 0x00, 0x00, 0x00, 0x00, 0x00, 0x00, 0x00, 0x84, 0xff, 0xff, 0xff, 0x26,
    0x52, 0xff, 0xff, 0xff, 0x42, 0x00, 0x00, 0x00, 0x00, 0x00, 0x00, 0x00, 0x00, 0x00, 0x00, 0x00, 0x00, 0x2e, 0xff, 0xff, 0xff, 0x65,
    0x7f, 0xff, 0xff, 0xff, 0x0c, 0x00, 0x00, 0x00, 0x00, 0x00, 0x00, 0x00, 0x00, 0x00, 0x00, 0x00, 0x00, 0x01, 0xf6, 0xff, 0xff, 0x92,
    0x96, 0xff, 0xff, 0xed, 0x00, 0x00, 0x00, 0x00, 0x00, 0x00, 0x00, 0x00, 0x00, 0x00, 0x00, 0x00, 0x00, 0x00, 0xd9, 0xff, 0xff, 0xaa,
    0x9e, 0xff, 0xff, 0xe2, 0x00, 0x00, 0x00, 0x00, 0x00, 0x00, 0x00, 0x00, 0x00, 0x00, 0x00, 0x00, 0x00, 0x00, 0xce, 0xff, 0xff, 0xb2,
    0x96, 0xff, 0xff, 0xed, 0x00, 0x00, 0x00, 0x00, 0x00, 0x00, 0x00, 0x00, 0x00, 0x00, 0x00, 0x00, 0x00, 0x00, 0xd9, 0xff, 0xff, 0xaa,
    0x7f, 0xff, 0xff, 0xff, 0x0b, 0x00, 0x00, 0x00, 0x00, 0x00, 0x00, 0x00, 0x00, 0x00, 0x00, 0x00, 0x00, 0x01, 0xf5, 0xff, 0xff, 0x93,
    0x53, 0xff, 0xff, 0xff, 0x42, 0x00, 0x00, 0x00, 0x00, 0x00, 0x00, 0x00, 0x00, 0x00, 0x00, 0x00, 0x00, 0x2e, 0xff, 0xff, 0xff, 0x67,
    0x14, 0xfd, 0xff, 0xff, 0x99, 0x00, 0x00, 0x00, 0x00, 0x10, 0x97, 0x9c, 0x9c, 0x38, 0x00, 0x00, 0x00, 0x85, 0xff, 0xff, 0xff, 0x26,
    0x00, 0xb9, 0xff, 0xff, 0xf9, 0x23, 0x00, 0x00, 0x00, 0x00, 0x6e, 0xff, 0xff, 0xe7, 0x1b, 0x00, 0x16, 0xef, 0xff, 0xff, 0xcc, 0x00,
    0x00, 0x41, 0xff, 0xff, 0xff, 0xca, 0x0a, 0x00, 0x00, 0x00, 0x00, 0x9f, 0xff, 0xff, 0xc9, 0x0c, 0xb8, 0xff, 0xff, 0xff, 0x55, 0x00,
    0x00, 0x00, 0xa8, 0xff, 0xff, 0xff, 0xc8, 0x23, 0x00, 0x00, 0x00, 0x08, 0xca, 0xff, 0xff, 0xeb, 0xff, 0xff, 0xff, 0xbc, 0x01, 0x00,
    0x00, 0x00, 0x0f, 0xd5, 0xff, 0xff, 0xff, 0xfa, 0xa3, 0x57, 0x36, 0x32, 0x70, 0xff, 0xff, 0xff, 0xff, 0xff, 0xe1, 0x18, 0x00, 0x00,
    0x00, 0x00, 0x00, 0x17, 0xcd, 0xff, 0xff, 0xff, 0xff, 0xff, 0xff, 0xff, 0xff, 0xff, 0xff, 0xff, 0xff, 0xdf, 0x21, 0x00, 0x00, 0x00,
    0x00, 0x00, 0x00, 0x00, 0x07, 0x85, 0xf7, 0xff, 0xff, 0xff, 0xff, 0xff, 0xff, 0xff, 0xff, 0xff, 0xff, 0xf0, 0x27, 0x00, 0x00, 0x00,
    0x00, 0x00, 0x00, 0x00, 0x00, 0x00, 0x16, 0x71, 0xba, 0xe6, 0xfc, 0xfc, 0xe8, 0xbd, 0x79, 0xa1, 0xff, 0xff, 0xda, 0x10, 0x00, 0x00,
    0x00, 0x00, 0x00, 0x00, 0x00, 0x00, 0x00, 0x00, 0x00, 0x00, 0x00, 0x00, 0x00, 0x00, 0x00, 0x06, 0xc6, 0xff, 0xff, 0xb6, 0x02, 0x00,
    0x00, 0x00, 0x00, 0x00, 0x00, 0x00, 0x00, 0x00, 0x00, 0x00, 0x00, 0x00, 0x00, 0x00, 0x00, 0x00, 0x1a, 0x80, 0x80, 0x80, 0x2a, 0x00,

    /* U+0052 "R" */
    0xc8, 0xff, 0xff, 0xff, 0xff, 0xff, 0xff, 0xff, 0xff, 0xfa, 0xe7, 0xbb, 0x74, 0x15, 0x00, 0x00, 0x00, 0x00,
    0xc8, 0xff, 0xff, 0xff, 0xff, 0xff, 0xff, 0xff, 0xff, 0xff, 0xff, 0xff, 0xff, 0xf3, 0x69, 0x00, 0x00, 0x00,
    0xc8, 0xff, 0xff, 0xff, 0xff, 0xff, 0xff, 0xff, 0xff, 0xff, 0xff, 0xff, 0xff, 0xff, 0xff, 0x7b, 0x00, 0x00,
    0xc8, 0xff, 0xff, 0xb9, 0x04, 0x04, 0x04, 0x04, 0x04, 0x0f, 0x37, 0x94, 0xfc, 0xff, 0xff, 0xfe, 0x36, 0x00,
    0xc8, 0xff, 0xff, 0xb8, 0x00, 0x00, 0x00, 0x00, 0x00, 0x00, 0x00, 0x00, 0x4c, 0xfe, 0xff, 0xff, 0xa8, 0x00,
    0xc8, 0xff, 0xff, 0xb8, 0x00, 0x00, 0x00, 0x00, 0x00, 0x00, 0x00, 0x00, 0x00, 0xad, 0xff, 0xff, 0xed, 0x00,
    0xc8, 0xff, 0xff, 0xb8, 0x00, 0x00, 0x00, 0x00, 0x00, 0x00, 0x00, 0x00, 0x00, 0x70, 0xff, 0xff, 0xff, 0x0c,
    0xc8, 0xff, 0xff, 0xb8, 0x00, 0x00, 0x00, 0x00, 0x00, 0x00, 0x00, 0x00, 0x00, 0x6d, 0xff, 0xff, 0xff, 0x0e,
    0xc8, 0xff, 0xff, 0xb8, 0x00, 0x00, 0x00, 0x00, 0x00, 0x00, 0x00, 0x00, 0x00, 0xa7, 0xff, 0xff, 0xf0, 0x00,
    0xc8, 0xff, 0xff, 0xb8, 0x00, 0x00, 0x00, 0x00, 0x00, 0x00, 0x00, 0x00, 0x41, 0xfc, 0xff, 0xff, 0xa9, 0x00,
    0xc8, 0xff, 0xff, 0xb8, 0x00, 0x00, 0x00, 0x00, 0x00, 0x04, 0x2a, 0x86, 0xf9, 0xff, 0xff, 0xfc, 0x32, 0x00,
    0xc8, 0xff, 0xff, 0xfe, 0xf8, 0xf8, 0xf8, 0xf8, 0xf8, 0xff, 0xff, 0xff, 0xff, 0xff, 0xff, 0x6f, 0x00, 0x00,
    0xc8, 0xff, 0xff, 0xff, 0xff, 0xff, 0xff, 0xff, 0xff, 0xff, 0xff, 0xff, 0xff, 0xeb, 0x59, 0x00, 0x00, 0x00,
    0xc8, 0xff, 0xff, 0xff, 0xff, 0xff, 0xff, 0xff, 0xff, 0xff, 0xff, 0xff, 0xbf, 0x0d, 0x00, 0x00, 0x00, 0x00,
    0xc8, 0xff, 0xff, 0xb8, 0x00, 0x00, 0x00, 0x00, 0x01, 0xcc, 0xff, 0xff, 0xf7, 0x1a, 0x00, 0x00, 0x00, 0x00,
    0xc8, 0xff, 0xff, 0xb8, 0x00, 0x00, 0x00, 0x00, 0x00, 0x46, 0xff, 0xff, 0xff, 0x98, 0x00, 0x00, 0x00, 0x00,
    0xc8, 0xff, 0xff, 0xb8, 0x00, 0x00, 0x00, 0x00, 0x00, 0x00, 0xc2, 0xff, 0xff, 0xfb, 0x24, 0x00, 0x00, 0x00,
    0xc8, 0xff, 0xff, 0xb8, 0x00, 0x00, 0x00, 0x00, 0x00, 0x00, 0x3e, 0xff, 0xff, 0xff, 0xa5, 0x00, 0x00, 0x00,
    0xc8, 0xff, 0xff, 0xb8, 0x00, 0x00, 0x00, 0x00, 0x00, 0x00, 0x00, 0xba, 0xff, 0xff, 0xfe, 0x2f, 0x00, 0x00,
    0xc8, 0xff, 0xff, 0xb8, 0x00, 0x00, 0x00, 0x00, 0x00, 0x00, 0x00, 0x36, 0xff, 0xff, 0xff, 0xb4, 0x00, 0x00,
    0xc8, 0xff, 0xff, 0xb8, 0x00, 0x00, 0x00, 0x00, 0x00, 0x00, 0x00, 0x00, 0xb0, 0xff, 0xff, 0xff, 0x3a, 0x00,
    0xc8, 0xff, 0xff, 0xb8, 0x00, 0x00, 0x00, 0x00, 0x00, 0x00, 0x00, 0x00, 0x2d, 0xfe, 0xff, 0xff, 0xc2, 0x00,
    0xc8, 0xff, 0xff, 0xb8, 0x00, 0x00, 0x00, 0x00, 0x00, 0x00, 0x00, 0x00, 0x00, 0xa6, 0xff, 0xff, 0xff, 0x48,

    /* U+0053 "S" */
    0x00, 0x00, 0x00, 0x00, 0x1b, 0x79, 0xbc, 0xe6, 0xf9, 0xfb, 0xe9, 0xc2, 0x7e, 0x1d, 0x00, 0x00, 0x00, 0x00,
    0x00, 0x00, 0x04, 0x85, 0xf9, 0xff, 0xff, 0xff, 0xff, 0xff, 0xff, 0xff, 0xff, 0xfa, 0x85, 0x04, 0x00, 0x00,
    0x00, 0x03, 0xb1, 0xff, 0xff, 0xff, 0xff, 0xff, 0xff, 0xff, 0xff, 0xff, 0xff, 0xff, 0xff, 0xa9, 0x01, 0x00,
    0x00, 0x74, 0xff, 0xff, 0xff, 0xf0, 0x80, 0x31, 0x0f, 0x0e, 0x2f, 0x7d, 0xf0, 0xff, 0xff, 0xff, 0x6a, 0x00,
    0x02, 0xe7, 0xff, 0xff, 0xe9, 0x22, 0x00, 0x00, 0x00, 0x00, 0x00, 0x00, 0x22, 0xe6, 0xff, 0xff, 0xe2, 0x02,
    0x24, 0xff, 0xff, 0xff, 0x6e, 0x00, 0x00, 0x00, 0x00, 0x00, 0x00, 0x00, 0x00, 0x5e, 0xff, 0xff, 0xff, 0x30,
    0x36, 0xff, 0xff, 0xff, 0x49, 0x00, 0x00, 0x00, 0x00, 0x00, 0x00, 0x00, 0x00, 0x13, 0xe4, 0xe4, 0xe4, 0x49,
    0x1c, 0xff, 0xff, 0xff, 0x8e, 0x00, 0x00, 0x00, 0x00, 0x00, 0x00, 0x00, 0x00, 0x00, 0x00, 0x00, 0x00, 0x00,
    0x00, 0xd0, 0xff, 0xff, 0xfe, 0x84, 0x0d, 0x00, 0x00, 0x00, 0x00, 0x00, 0x00, 0x00, 0x00, 0x00, 0x00, 0x00,
    0x00, 0x3c, 0xfa, 0xff, 0xff, 0xff, 0xf2, 0xa3, 0x60, 0x20, 0x00, 0x00, 0x00, 0x00, 0x00, 0x00, 0x00, 0x00,
    0x00, 0x00, 0x45, 0xe8, 0xff, 0xff, 0xff, 0xff, 0xff, 0xff, 0xe2, 0xa4, 0x5d, 0x0f, 0x00, 0x00, 0x00, 0x00,
    0x00, 0x00, 0x00, 0x0e, 0x78, 0xdb, 0xff, 0xff, 0xff, 0xff, 0xff, 0xff, 0xff, 0xf6, 0x97, 0x16, 0x00, 0x00,
    0x00, 0x00, 0x00, 0x00, 0x00, 0x00, 0x2a, 0x6c, 0xa7, 0xe3, 0xff, 0xff, 0xff, 0xff, 0xff, 0xeb, 0x3d, 0x00,
    0x00, 0x00, 0x00, 0x00, 0x00, 0x00, 0x00, 0x00, 0x00, 0x00, 0x21, 0x6e, 0xd2, 0xff, 0xff, 0xff, 0xf0, 0x1e,
    0x00, 0x00, 0x00, 0x00, 0x00, 0x00, 0x00, 0x00, 0x00, 0x00, 0x00, 0x00, 0x02, 0x79, 0xff, 0xff, 0xff, 0x96,
    0x4c, 0x6c, 0x6c, 0x55, 0x00, 0x00, 0x00, 0x00, 0x00, 0x00, 0x00, 0x00, 0x00, 0x00, 0xc0, 0xff, 0xff, 0xd7,
    0xa7, 0xff, 0xff, 0xe2, 0x00, 0x00, 0x00, 0x00, 0x00, 0x00, 0x00, 0x00, 0x00, 0x00, 0x94, 0xff, 0xff, 0xea,
    0x7a, 0xff, 0xff, 0xff, 0x3c, 0x00, 0x00, 0x00, 0x00, 0x00, 0x00, 0x00, 0x00, 0x00, 0xc8, 0xff, 0xff, 0xd4,
    0x26, 0xfe, 0xff, 0xff, 0xda, 0x1c, 0x00, 0x00, 0x00, 0x00, 0x00, 0x00, 0x00, 0x70, 0xff, 0xff, 0xff, 0x91,
    0x00, 0x9b, 0xff, 0xff, 0xff, 0xef, 0x83, 0x36, 0x13, 0x0a, 0x1e, 0x53, 0xb6, 0xff, 0xff, 0xff, 0xf5, 0x21,
    0x00, 0x0b, 0xc4, 0xff, 0xff, 0xff, 0xff, 0xff, 0xff, 0xff, 0xff, 0xff, 0xff, 0xff, 0xff, 0xfb, 0x51, 0x00,
    0x00, 0x00, 0x08, 0x8e, 0xfa, 0xff, 0xff, 0xff, 0xff, 0xff, 0xff, 0xff, 0xff, 0xff, 0xd6, 0x3c, 0x00, 0x00,
    0x00, 0x00, 0x00, 0x00, 0x1d, 0x78, 0xba, 0xe4, 0xf8, 0xfd, 0xf1, 0xd2, 0x9c, 0x4b, 0x02, 0x00, 0x00, 0x00,

    /* U+0054 "T" */
    0x18, 0xff, 0xff, 0xff, 0xff, 0xff, 0xff, 0xff, 0xff, 0xff, 0xff, 0xff, 0xff, 0xff, 0xff, 0xff, 0xff, 0xff, 0xff, 0x24,
    0x18, 0xff, 0xff, 0xff, 0xff, 0xff, 0xff, 0xff, 0xff, 0xff, 0xff, 0xff, 0xff, 0xff, 0xff, 0xff, 0xff, 0xff, 0xff, 0x24,
    0x18, 0xff, 0xff, 0xff, 0xff, 0xff, 0xff, 0xff, 0xff, 0xff, 0xff, 0xff, 0xff, 0xff, 0xff, 0xff, 0xff, 0xff, 0xff, 0x24,
    0x01, 0x0c, 0x0c, 0x0c, 0x0c, 0x0c, 0x0c, 0x0c, 0xbb, 0xff, 0xff, 0xcb, 0x0c, 0x0c, 0x0c, 0x0c, 0x0c, 0x0c, 0x0c, 0x02,
    0x00, 0x00, 0x00, 0x00, 0x00, 0x00, 0x00, 0x00, 0xb8, 0xff, 0xff, 0xc8, 0x00, 0x00, 0x00, 0x00, 0x00, 0x00, 0x00, 0x00,
    0x00, 0x00, 0x00, 0x00, 0x00, 0x00, 0x00, 0x00, 0xb8, 0xff, 0xff, 0xc8, 0x00, 0x00, 0x00, 0x00, 0x00, 0x00, 0x00, 0x00,
    0x00, 0x00, 0x00, 0x00, 0x00, 0x00, 0x00, 0x00, 0xb8, 0xff, 0xff, 0xc8, 0x00, 0x00, 0x00, 0x00, 0x00, 0x00, 0x00, 0x00,
    0x00, 0x00, 0x00, 0x00, 0x00, 0x00, 0x00, 0x00, 0xb8, 0xff, 0xff, 0xc8, 0x00, 0x00, 0x00, 0x00, 0x00, 0x00, 0x00, 0x00,
    0x00, 0x00, 0x00, 0x00, 0x00, 0x00, 0x00, 0x00, 0xb8, 0xff, 0xff, 0xc8, 0x00, 0x00, 0x00, 0x00, 0x00, 0x00, 0x00, 0x00,
    0x00, 0x00, 0x00, 0x00, 0x00, 0x00, 0x00, 0x00, 0xb8, 0xff, 0xff, 0xc8, 0x00, 0x00, 0x00, 0x00, 0x00, 0x00, 0x00, 0x00,
    0x00, 0x00, 0x00, 0x00, 0x00, 0x00, 0x00, 0x00, 0xb8, 0xff, 0xff, 0xc8, 0x00, 0x00, 0x00, 0x00, 0x00, 0x00, 0x00, 0x00,
    0x00, 0x00, 0x00, 0x00, 0x00, 0x00, 0x00, 0x00, 0xb8, 0xff, 0xff, 0xc8, 0x00, 0x00, 0x00, 0x00, 0x00, 0x00, 0x00, 0x00,
    0x00, 0x00, 0x00, 0x00, 0x00, 0x00, 0x00, 0x00, 0xb8, 0xff, 0xff, 0xc8, 0x00, 0x00, 0x00, 0x00, 0x00, 0x00, 0x00, 0x00,
    0x00, 0x00, 0x00, 0x00, 0x00, 0x00, 0x00, 0x00, 0xb8, 0xff, 0xff, 0xc8, 0x00, 0x00, 0x00, 0x00, 0x00, 0x00, 0x00, 0x00,
    0x00, 0x00, 0x00, 0x00, 0x00, 0x00, 0x00, 0x00, 0xb8, 0xff, 0xff, 0xc8, 0x00, 0x00, 0x00, 0x00, 0x00, 0x00, 0x00, 0x00,
    0x00, 0x00, 0x00, 0x00, 0x00, 0x00, 0x00, 0x00, 0xb8, 0xff, 0xff, 0xc8, 0x00, 0x00, 0x00, 0x00, 0x00, 0x00, 0x00, 0x00,
    0x00, 0x00, 0x00, 0x00, 0x00, 0x00, 0x00, 0x00, 0xb8, 0xff, 0xff, 0xc8, 0x00, 0x00, 0x00, 0x00, 0x00, 0x00, 0x00, 0x00,
    0x00, 0x00, 0x00, 0x00, 0x00, 0x00, 0x00, 0x00, 0xb8, 0xff, 0xff, 0xc8, 0x00, 0x00, 0x00, 0x00, 0x00, 0x00, 0x00, 0x00,
    0x00, 0x00, 0x00, 0x00, 0x00, 0x00, 0x00, 0x00, 0xb8, 0xff, 0xff, 0xc8, 0x00, 0x00, 0x00, 0x00, 0x00, 0x00, 0x00, 0x00,
    0x00, 0x00, 0x00, 0x00, 0x00, 0x00, 0x00, 0x00, 0xb8, 0xff, 0xff, 0xc8, 0x00, 0x00, 0x00, 0x00, 0x00, 0x00, 0x00, 0x00,
    0x00, 0x00, 0x00, 0x00, 0x00, 0x00, 0x00, 0x00, 0xb8, 0xff, 0xff, 0xc8, 0x00, 0x00, 0x00, 0x00, 0x00, 0x00, 0x00, 0x00,
    0x00, 0x00, 0x00, 0x00, 0x00, 0x00, 0x00, 0x00, 0xb8, 0xff, 0xff, 0xc8, 0x00, 0x00, 0x00, 0x00, 0x00, 0x00, 0x00, 0x00,
    0x00, 0x00, 0x00, 0x00, 0x00, 0x00, 0x00, 0x00, 0xb8, 0xff, 0xff, 0xc8, 0x00, 0x00, 0x00, 0x00, 0x00, 0x00, 0x00, 0x00,

    /* U+0055 "U" */
    0xdc, 0xff, 0xff, 0x9c, 0x00, 0x00, 0x00, 0x00, 0x00, 0x00, 0x00, 0x00, 0x00, 0x00, 0x00, 0xd8, 0xff, 0xff, 0xa0,
    0xdc, 0xff, 0xff, 0x9c, 0x00, 0x00, 0x00, 0x00, 0x00, 0x00, 0x00, 0x00, 0x00, 0x00, 0x00, 0xd8, 0xff, 0xff, 0xa0,
    0xdc, 0xff, 0xff, 0x9c, 0x00, 0x00, 0x00, 0x00, 0x00, 0x00, 0x00, 0x00, 0x00, 0x00, 0x00, 0xd8, 0xff, 0xff, 0xa0,
    0xdc, 0xff, 0xff, 0x9c, 0x00, 0x00, 0x00, 0x00, 0x00, 0x00, 0x00, 0x00, 0x00, 0x00, 0x00, 0xd8, 0xff, 0xff, 0xa0,
    0xdc, 0xff, 0xff, 0x9c, 0x00, 0x00, 0x00, 0x00, 0x00, 0x00, 0x00, 0x00, 0x00, 0x00, 0x00, 0xd8, 0xff, 0xff, 0xa0,
    0xdc, 0xff, 0xff, 0x9c, 0x00, 0x00, 0x00, 0x00, 0x00, 0x00, 0x00, 0x00, 0x00, 0x00, 0x00, 0xd8, 0xff, 0xff, 0xa0,
    0xdc, 0xff, 0xff, 0x9c, 0x00, 0x00, 0x00, 0x00, 0x00, 0x00, 0x00, 0x00, 0x00, 0x00, 0x00, 0xd8, 0xff, 0xff, 0xa0,
    0xdc, 0xff, 0xff, 0x9c, 0x00, 0x00, 0x00, 0x00, 0x00, 0x00, 0x00, 0x00, 0x00, 0x00, 0x00, 0xd8, 0xff, 0xff, 0xa0,
    0xdc, 0xff, 0xff, 0x9c, 0x00, 0x00, 0x00, 0x00, 0x00, 0x00, 0x00, 0x00, 0x00, 0x00, 0x00, 0xd8, 0xff, 0xff, 0xa0,
    0xdc, 0xff, 0xff, 0x9c, 0x00, 0x00, 0x00, 0x00, 0x00, 0x00, 0x00, 0x00, 0x00, 0x00, 0x00, 0xd8, 0xff, 0xff, 0xa0,
    0xdc, 0xff, 0xff, 0x9c, 0x00, 0x00, 0x00, 0x00, 0x00, 0x00, 0x00, 0x00, 0x00, 0x00, 0x00, 0xd8, 0xff, 0xff, 0xa0,
    0xdc, 0xff, 0xff, 0x9c, 0x00, 0x00, 0x00, 0x00, 0x00, 0x00, 0x00, 0x00, 0x00, 0x00, 0x00, 0xd8, 0xff, 0xff, 0xa0,
    0xdc, 0xff, 0xff, 0x9c, 0x00, 0x00, 0x00, 0x00, 0x00, 0x00, 0x00, 0x00, 0x00, 0x00, 0x00, 0xd8, 0xff, 0xff, 0xa0,
    0xdc, 0xff, 0xff, 0x9c, 0x00, 0x00, 0x00, 0x00, 0x00, 0x00, 0x00, 0x00, 0x00, 0x00, 0x00, 0xd8, 0xff, 0xff, 0xa0,
    0xdc, 0xff, 0xff, 0x9d, 0x00, 0x00, 0x00, 0x00, 0x00, 0x00, 0x00, 0x00, 0x00, 0x00, 0x00, 0xd9, 0xff, 0xff, 0xa0,
    0xd5, 0xff, 0xff, 0xb3, 0x00, 0x00, 0x00, 0x00, 0x00, 0x00, 0x00, 0x00, 0x00, 0x00, 0x00, 0xee, 0xff, 0xff, 0x98,
    0xb4, 0xff, 0xff, 0xee, 0x08, 0x00, 0x00, 0x00, 0x00, 0x00, 0x00, 0x00, 0x00, 0x00, 0x31, 0xff, 0xff, 0xff, 0x78,
    0x71, 0xff, 0xff, 0xff, 0x77, 0x00, 0x00, 0x00, 0x00, 0x00, 0x00, 0x00, 0x00, 0x00, 0xb0, 0xff, 0xff, 0xff, 0x36,
    0x13, 0xf1, 0xff, 0xff, 0xfc, 0x61, 0x00, 0x00, 0x00, 0x00, 0x00, 0x00, 0x05, 0x90, 0xff, 0xff, 0xff, 0xca, 0x00,
    0x00, 0x65, 0xff, 0xff, 0xff, 0xff, 0xc0, 0x62, 0x33, 0x28, 0x39, 0x72, 0xd8, 0xff, 0xff, 0xff, 0xf9, 0x32, 0x00,
    0x00, 0x00, 0x82, 0xff, 0xff, 0xff, 0xff, 0xff, 0xff, 0xff, 0xff, 0xff, 0xff, 0xff, 0xff, 0xf8, 0x50, 0x00, 0x00,
    0x00, 0x00, 0x00, 0x53, 0xe4, 0xff, 0xff, 0xff, 0xff, 0xff, 0xff, 0xff, 0xff, 0xff, 0xcc, 0x32, 0x00, 0x00, 0x00,
    0x00, 0x00, 0x00, 0x00, 0x08, 0x5c, 0xac, 0xdc, 0xf7, 0xff, 0xf4, 0xd5, 0x9b, 0x47, 0x01, 0x00, 0x00, 0x00, 0x00,

    /* U+0056 "V" */
    0x70, 0xff, 0xff, 0xff, 0x4e, 0x00, 0x00, 0x00, 0x00, 0x00, 0x00, 0x00, 0x00, 0x00, 0x00, 0x00, 0x00, 0x88, 0xff, 0xff, 0xff, 0x2d,
    0x18, 0xfc, 0xff, 0xff, 0xa9, 0x00, 0x00, 0x00, 0x00, 0x00, 0x00, 0x00, 0x00, 0x00, 0x00, 0x00, 0x01, 0xe0, 0xff, 0xff, 0xd2, 0x00,
    0x00, 0xb4, 0xff, 0xff, 0xf6, 0x0d, 0x00, 0x00, 0x00, 0x00, 0x00, 0x00, 0x00, 0x00, 0x00, 0x00, 0x3a, 0xff, 0xff, 0xff, 0x74, 0x00,
    0x00, 0x57, 0xff, 0xff, 0xff, 0x5e, 0x00, 0x00, 0x00, 0x00, 0x00, 0x00, 0x00, 0x00, 0x00, 0x00, 0x92, 0xff, 0xff, 0xfd, 0x1a, 0x00,
    0x00, 0x08, 0xf0, 0xff, 0xff, 0xb9, 0x00, 0x00, 0x00, 0x00, 0x00, 0x00, 0x00, 0x00, 0x00, 0x03, 0xe7, 0xff, 0xff, 0xbb, 0x00, 0x00,
    0x00, 0x00, 0x9b, 0xff, 0xff, 0xfc, 0x17, 0x00, 0x00, 0x00, 0x00, 0x00, 0x00, 0x00, 0x00, 0x42, 0xff, 0xff, 0xff, 0x5e, 0x00, 0x00,
    0x00, 0x00, 0x3c, 0xff, 0xff, 0xff, 0x6e, 0x00, 0x00, 0x00, 0x00, 0x00, 0x00, 0x00, 0x00, 0x9b, 0xff, 0xff, 0xf5, 0x0c, 0x00, 0x00,
    0x00, 0x00, 0x01, 0xde, 0xff, 0xff, 0xca, 0x00, 0x00, 0x00, 0x00, 0x00, 0x00, 0x00, 0x05, 0xee, 0xff, 0xff, 0xa5, 0x00, 0x00, 0x00,
    0x00, 0x00, 0x00, 0x80, 0xff, 0xff, 0xff, 0x25, 0x00, 0x00, 0x00, 0x00, 0x00, 0x00, 0x4c, 0xff, 0xff, 0xff, 0x48, 0x00, 0x00, 0x00,
    0x00, 0x00, 0x00, 0x25, 0xff, 0xff, 0xff, 0x7f, 0x00, 0x00, 0x00, 0x00, 0x00, 0x00, 0xa5, 0xff, 0xff, 0xe8, 0x04, 0x00, 0x00, 0x00,
    0x00, 0x00, 0x00, 0x00, 0xc4, 0xff, 0xff, 0xda, 0x00, 0x00, 0x00, 0x00, 0x00, 0x09, 0xf3, 0xff, 0xff, 0x8f, 0x00, 0x00, 0x00, 0x00,
    0x00, 0x00, 0x00, 0x00, 0x67, 0xff, 0xff, 0xff, 0x35, 0x00, 0x00, 0x00, 0x00, 0x54, 0xff, 0xff, 0xff, 0x32, 0x00, 0x00, 0x00, 0x00,
    0x00, 0x00, 0x00, 0x00, 0x10, 0xf8, 0xff, 0xff, 0x91, 0x00, 0x00, 0x00, 0x00, 0xae, 0xff, 0xff, 0xd5, 0x00, 0x00, 0x00, 0x00, 0x00,
    0x00, 0x00, 0x00, 0x00, 0x00, 0xaa, 0xff, 0xff, 0xe6, 0x02, 0x00, 0x00, 0x0b, 0xf7, 0xff, 0xff, 0x78, 0x00, 0x00, 0x00, 0x00, 0x00,
    0x00, 0x00, 0x00, 0x00, 0x00, 0x4c, 0xff, 0xff, 0xff, 0x3d, 0x00, 0x00, 0x55, 0xff, 0xff, 0xfe, 0x1e, 0x00, 0x00, 0x00, 0x00, 0x00,
    0x00, 0x00, 0x00, 0x00, 0x00, 0x04, 0xea, 0xff, 0xff, 0x91, 0x00, 0x00, 0xa6, 0xff, 0xff, 0xbf, 0x00, 0x00, 0x00, 0x00, 0x00, 0x00,
    0x00, 0x00, 0x00, 0x00, 0x00, 0x00, 0x90, 0xff, 0xff, 0xe1, 0x01, 0x07, 0xf1, 0xff, 0xff, 0x64, 0x00, 0x00, 0x00, 0x00, 0x00, 0x00,
    0x00, 0x00, 0x00, 0x00, 0x00, 0x00, 0x31, 0xff, 0xff, 0xff, 0x32, 0x49, 0xff, 0xff, 0xf7, 0x0e, 0x00, 0x00, 0x00, 0x00, 0x00, 0x00,
    0x00, 0x00, 0x00, 0x00, 0x00, 0x00, 0x00, 0xd4, 0xff, 0xff, 0x82, 0x96, 0xff, 0xff, 0xa9, 0x00, 0x00, 0x00, 0x00, 0x00, 0x00, 0x00,
    0x00, 0x00, 0x00, 0x00, 0x00, 0x00, 0x00, 0x75, 0xff, 0xff, 0xd3, 0xe5, 0xff, 0xff, 0x4c, 0x00, 0x00, 0x00, 0x00, 0x00, 0x00, 0x00,
    0x00, 0x00, 0x00, 0x00, 0x00, 0x00, 0x00, 0x1a, 0xfd, 0xff, 0xff, 0xff, 0xff, 0xeb, 0x05, 0x00, 0x00, 0x00, 0x00, 0x00, 0x00, 0x00,
    0x00, 0x00, 0x00, 0x00, 0x00, 0x00, 0x00, 0x00, 0xb9, 0xff, 0xff, 0xff, 0xff, 0x93, 0x00, 0x00, 0x00, 0x00, 0x00, 0x00, 0x00, 0x00,
    0x00, 0x00, 0x00, 0x00, 0x00, 0x00, 0x00, 0x00, 0x5c, 0xff, 0xff, 0xff, 0xff, 0x36, 0x00, 0x00, 0x00, 0x00, 0x00, 0x00, 0x00, 0x00,

    /* U+0057 "W" */
    0x7d, 0xff, 0xff, 0xff, 0x24, 0x00, 0x00, 0x00, 0x00, 0x00, 0x00, 0x00, 0x00, 0x7a, 0xff, 0xff, 0xff, 0x9d, 0x00, 0x00, 0x00, 0x00, 0x00, 0x00, 0x00, 0x00, 0x0a, 0xfa, 0xff, 0xff, 0xa1,
    0x36, 0xff, 0xff, 0xff, 0x65, 0x00, 0x00, 0x00, 0x00, 0x00, 0x00, 0x00, 0x00, 0xbd, 0xff, 0xff, 0xff, 0xe0, 0x00, 0x00, 0x00, 0x00, 0x00, 0x00, 0x00, 0x00, 0x45, 0xff, 0xff, 0xff, 0x5a,
    0x03, 0xee, 0xff, 0xff, 0xa8, 0x00, 0x00, 0x00, 0x00, 0x00, 0x00, 0x00, 0x08, 0xf8, 0xff, 0xff, 0xff, 0xff, 0x24, 0x00, 0x00, 0x00, 0x00, 0x00, 0x00, 0x00, 0x87, 0xff, 0xff, 0xfe, 0x16,
    0x00, 0xaa, 0xff, 0xff, 0xe8, 0x01, 0x00, 0x00, 0x00, 0x00, 0x00, 0x00, 0x44, 0xff, 0xff, 0xff, 0xff, 0xff, 0x65, 0x00, 0x00, 0x00, 0x00, 0x00, 0x00, 0x00, 0xc7, 0xff, 0xff, 0xce, 0x00,
    0x00, 0x63, 0xff, 0xff, 0xff, 0x2b, 0x00, 0x00, 0x00, 0x00, 0x00, 0x00, 0x86, 0xff, 0xff, 0xea, 0xff, 0xff, 0xa9, 0x00, 0x00, 0x00, 0x00, 0x00, 0x00, 0x0d, 0xfc, 0xff, 0xff, 0x86, 0x00,
    0x00, 0x1e, 0xff, 0xff, 0xff, 0x6c, 0x00, 0x00, 0x00, 0x00, 0x00, 0x00, 0xcb, 0xff, 0xff, 0x86, 0xff, 0xff, 0xeb, 0x01, 0x00, 0x00, 0x00, 0x00, 0x00, 0x4b, 0xff, 0xff, 0xff, 0x41, 0x00,
    0x00, 0x00, 0xd7, 0xff, 0xff, 0xac, 0x00, 0x00, 0x00, 0x00, 0x00, 0x10, 0xfd, 0xff, 0xff, 0x21, 0xf6, 0xff, 0xff, 0x2f, 0x00, 0x00, 0x00, 0x00, 0x00, 0x8c, 0xff, 0xff, 0xf4, 0x06, 0x00,
    0x00, 0x00, 0x92, 0xff, 0xff, 0xee, 0x02, 0x00, 0x00, 0x00, 0x00, 0x50, 0xff, 0xff, 0xe3, 0x00, 0xbf, 0xff, 0xff, 0x71, 0x00, 0x00, 0x00, 0x00, 0x00, 0xcc, 0xff, 0xff, 0xb4, 0x00, 0x00,
    0x00, 0x00, 0x4b, 0xff, 0xff, 0xff, 0x30, 0x00, 0x00, 0x00, 0x00, 0x94, 0xff, 0xff, 0xa4, 0x00, 0x80, 0xff, 0xff, 0xb4, 0x00, 0x00, 0x00, 0x00, 0x10, 0xfd, 0xff, 0xff, 0x6e, 0x00, 0x00,
    0x00, 0x00, 0x0b, 0xfa, 0xff, 0xff, 0x71, 0x00, 0x00, 0x00, 0x00, 0xd7, 0xff, 0xff, 0x5f, 0x00, 0x3b, 0xff, 0xff, 0xf3, 0x05, 0x00, 0x00, 0x00, 0x50, 0xff, 0xff, 0xff, 0x28, 0x00, 0x00,
    0x00, 0x00, 0x00, 0xbe, 0xff, 0xff, 0xb4, 0x00, 0x00, 0x00, 0x1b, 0xff, 0xff, 0xff, 0x1b, 0x00, 0x04, 0xf1, 0xff, 0xff, 0x3b, 0x00, 0x00, 0x00, 0x90, 0xff, 0xff, 0xe1, 0x00, 0x00, 0x00,
    0x00, 0x00, 0x00, 0x79, 0xff, 0xff, 0xf1, 0x03, 0x00, 0x00, 0x5d, 0xff, 0xff, 0xd5, 0x00, 0x00, 0x00, 0xb1, 0xff, 0xff, 0x7e, 0x00, 0x00, 0x00, 0xd0, 0xff, 0xff, 0x99, 0x00, 0x00, 0x00,
    0x00, 0x00, 0x00, 0x32, 0xff, 0xff, 0xff, 0x35, 0x00, 0x00, 0xa0, 0xff, 0xff, 0x8f, 0x00, 0x00, 0x00, 0x6b, 0xff, 0xff, 0xc0, 0x00, 0x00, 0x15, 0xfe, 0xff, 0xff, 0x53, 0x00, 0x00, 0x00,
    0x00, 0x00, 0x00, 0x02, 0xea, 0xff, 0xff, 0x76, 0x00, 0x00, 0xe4, 0xff, 0xff, 0x4b, 0x00, 0x00, 0x00, 0x27, 0xff, 0xff, 0xfa, 0x0a, 0x00, 0x53, 0xff, 0xff, 0xfd, 0x10, 0x00, 0x00, 0x00,
    0x00, 0x00, 0x00, 0x00, 0xa6, 0xff, 0xff, 0xb4, 0x00, 0x21, 0xff, 0xff, 0xfa, 0x0b, 0x00, 0x00, 0x00, 0x00, 0xe1, 0xff, 0xff, 0x43, 0x00, 0x90, 0xff, 0xff, 0xc6, 0x00, 0x00, 0x00, 0x00,
    0x00, 0x00, 0x00, 0x00, 0x5f, 0xff, 0xff, 0xee, 0x02, 0x60, 0xff, 0xff, 0xbf, 0x00, 0x00, 0x00, 0x00, 0x00, 0x9c, 0xff, 0xff, 0x80, 0x00, 0xcc, 0xff, 0xff, 0x80, 0x00, 0x00, 0x00, 0x00,
    0x00, 0x00, 0x00, 0x00, 0x19, 0xff, 0xff, 0xff, 0x29, 0x9b, 0xff, 0xff, 0x7a, 0x00, 0x00, 0x00, 0x00, 0x00, 0x56, 0xff, 0xff, 0xbe, 0x0a, 0xfb, 0xff, 0xff, 0x3a, 0x00, 0x00, 0x00, 0x00,
    0x00, 0x00, 0x00, 0x00, 0x00, 0xd2, 0xff, 0xff, 0x60, 0xd3, 0xff, 0xff, 0x35, 0x00, 0x00, 0x00, 0x00, 0x00, 0x13, 0xfe, 0xff, 0xf3, 0x41, 0xff, 0xff, 0xf0, 0x03, 0x00, 0x00, 0x00, 0x00,
    0x00, 0x00, 0x00, 0x00, 0x00, 0x8d, 0xff, 0xff, 0xa4, 0xfe, 0xff, 0xed, 0x02, 0x00, 0x00, 0x00, 0x00, 0x00, 0x00, 0xcc, 0xff, 0xff, 0xa7, 0xff, 0xff, 0xad, 0x00, 0x00, 0x00, 0x00, 0x00,
    0x00, 0x00, 0x00, 0x00, 0x00, 0x46, 0xff, 0xff, 0xf7, 0xff, 0xff, 0xaa, 0x00, 0x00, 0x00, 0x00, 0x00, 0x00, 0x00, 0x86, 0xff, 0xff, 0xfa, 0xff, 0xff, 0x67, 0x00, 0x00, 0x00, 0x00, 0x00,
    0x00, 0x00, 0x00, 0x00, 0x00, 0x09, 0xf7, 0xff, 0xff, 0xff, 0xff, 0x64, 0x00, 0x00, 0x00, 0x00, 0x00, 0x00, 0x00, 0x42, 0xff, 0xff, 0xff, 0xff, 0xff, 0x20, 0x00, 0x00, 0x00, 0x00, 0x00,
    0x00, 0x00, 0x00, 0x00, 0x00, 0x00, 0xba, 0xff, 0xff, 0xff, 0xff, 0x20, 0x00, 0x00, 0x00, 0x00, 0x00, 0x00, 0x00, 0x07, 0xf6, 0xff, 0xff, 0xff, 0xd9, 0x00, 0x00, 0x00, 0x00, 0x00, 0x00,
    0x00, 0x00, 0x00, 0x00, 0x00, 0x00, 0x73, 0xff, 0xff, 0xff, 0xdb, 0x00, 0x00, 0x00, 0x00, 0x00, 0x00, 0x00, 0x00, 0x00, 0xb6, 0xff, 0xff, 0xff, 0x93, 0x00, 0x00, 0x00, 0x00, 0x00, 0x00,

    /* U+0058 "X" */
    0x00, 0xa5, 0xff, 0xff, 0xff, 0x63, 0x00, 0x00, 0x00, 0x00, 0x00, 0x00, 0x00, 0x00, 0x00, 0x01, 0xbd, 0xff, 0xff, 0xfb, 0x33, 0x00,
    0x00, 0x10, 0xe3, 0xff, 0xff, 0xf2, 0x1e, 0x00, 0x00, 0x00, 0x00, 0x00, 0x00, 0x00, 0x00, 0x6e, 0xff, 0xff, 0xff, 0x7e, 0x00, 0x00,
    0x00, 0x00, 0x43, 0xff, 0xff, 0xff, 0xbd, 0x01, 0x00, 0x00, 0x00, 0x00, 0x00, 0x00, 0x29, 0xf8, 0xff, 0xff, 0xc7, 0x04, 0x00, 0x00,
    0x00, 0x00, 0x00, 0x92, 0xff, 0xff, 0xff, 0x6b, 0x00, 0x00, 0x00, 0x00, 0x00, 0x05, 0xcd, 0xff, 0xff, 0xf4, 0x25, 0x00, 0x00, 0x00,
    0x00, 0x00, 0x00, 0x09, 0xd7, 0xff, 0xff, 0xf5, 0x25, 0x00, 0x00, 0x00, 0x00, 0x85, 0xff, 0xff, 0xff, 0x66, 0x00, 0x00, 0x00, 0x00,
    0x00, 0x00, 0x00, 0x00, 0x33, 0xfb, 0xff, 0xff, 0xc3, 0x02, 0x00, 0x00, 0x36, 0xfc, 0xff, 0xff, 0xb4, 0x01, 0x00, 0x00, 0x00, 0x00,
    0x00, 0x00, 0x00, 0x00, 0x00, 0x7e, 0xff, 0xff, 0xff, 0x6f, 0x00, 0x07, 0xd7, 0xff, 0xff, 0xeb, 0x17, 0x00, 0x00, 0x00, 0x00, 0x00,
    0x00, 0x00, 0x00, 0x00, 0x00, 0x04, 0xc9, 0xff, 0xff, 0xf3, 0x1f, 0x82, 0xff, 0xff, 0xff, 0x52, 0x00, 0x00, 0x00, 0x00, 0x00, 0x00,
    0x00, 0x00, 0x00, 0x00, 0x00, 0x00, 0x26, 0xf5, 0xff, 0xff, 0xc9, 0xfa, 0xff, 0xff, 0x9e, 0x00, 0x00, 0x00, 0x00, 0x00, 0x00, 0x00,
    0x00, 0x00, 0x00, 0x00, 0x00, 0x00, 0x00, 0x6b, 0xff, 0xff, 0xff, 0xff, 0xff, 0xde, 0x0e, 0x00, 0x00, 0x00, 0x00, 0x00, 0x00, 0x00,
    0x00, 0x00, 0x00, 0x00, 0x00, 0x00, 0x00, 0x01, 0xb9, 0xff, 0xff, 0xff, 0xfd, 0x3d, 0x00, 0x00, 0x00, 0x00, 0x00, 0x00, 0x00, 0x00,
    0x00, 0x00, 0x00, 0x00, 0x00, 0x00, 0x00, 0x00, 0x71, 0xff, 0xff, 0xff, 0xf3, 0x1d, 0x00, 0x00, 0x00, 0x00, 0x00, 0x00, 0x00, 0x00,
    0x00, 0x00, 0x00, 0x00, 0x00, 0x00, 0x00, 0x26, 0xf5, 0xff, 0xff, 0xff, 0xff, 0xbd, 0x01, 0x00, 0x00, 0x00, 0x00, 0x00, 0x00, 0x00,
    0x00, 0x00, 0x00, 0x00, 0x00, 0x00, 0x05, 0xcd, 0xff, 0xff, 0xfa, 0xff, 0xff, 0xff, 0x6e, 0x00, 0x00, 0x00, 0x00, 0x00, 0x00, 0x00,
    0x00, 0x00, 0x00, 0x00, 0x00, 0x00, 0x88, 0xff, 0xff, 0xff, 0x51, 0xcc, 0xff, 0xff, 0xf8, 0x2a, 0x00, 0x00, 0x00, 0x00, 0x00, 0x00,
    0x00, 0x00, 0x00, 0x00, 0x00, 0x41, 0xfe, 0xff, 0xff, 0xa5, 0x00, 0x2e, 0xfb, 0xff, 0xff, 0xcd, 0x06, 0x00, 0x00, 0x00, 0x00, 0x00,
    0x00, 0x00, 0x00, 0x00, 0x11, 0xe3, 0xff, 0xff, 0xe3, 0x10, 0x00, 0x00, 0x7e, 0xff, 0xff, 0xff, 0x85, 0x00, 0x00, 0x00, 0x00, 0x00,
    0x00, 0x00, 0x00, 0x00, 0xa8, 0xff, 0xff, 0xfe, 0x43, 0x00, 0x00, 0x00, 0x04, 0xc9, 0xff, 0xff, 0xfd, 0x3a, 0x00, 0x00, 0x00, 0x00,
    0x00, 0x00, 0x00, 0x5f, 0xff, 0xff, 0xff, 0x8e, 0x00, 0x00, 0x00, 0x00, 0x00, 0x26, 0xf5, 0xff, 0xff, 0xdc, 0x0c, 0x00, 0x00, 0x00,
    0x00, 0x00, 0x22, 0xf2, 0xff, 0xff, 0xd3, 0x07, 0x00, 0x00, 0x00, 0x00, 0x00, 0x00, 0x6b, 0xff, 0xff, 0xff, 0x9a, 0x00, 0x00, 0x00,
    0x00, 0x04, 0xc5, 0xff, 0xff, 0xf9, 0x2e, 0x00, 0x00, 0x00, 0x00, 0x00, 0x00, 0x00, 0x01, 0xb9, 0xff, 0xff, 0xff, 0x4c, 0x00, 0x00,
    0x00, 0x80, 0xff, 0xff, 0xff, 0x75, 0x00, 0x00, 0x00, 0x00, 0x00, 0x00, 0x00, 0x00, 0x00, 0x1b, 0xee, 0xff, 0xff, 0xe9, 0x15, 0x00,
    0x3a, 0xfc, 0xff, 0xff, 0xbf, 0x02, 0x00, 0x00, 0x00, 0x00, 0x00, 0x00, 0x00, 0x00, 0x00, 0x00, 0x5a, 0xff, 0xff, 0xff, 0xae, 0x00,

    /* U+0059 "Y" */
    0x50, 0xff, 0xff, 0xff, 0xb7, 0x00, 0x00, 0x00, 0x00, 0x00, 0x00, 0x00, 0x00, 0x00, 0x00, 0x00, 0x5d, 0xff, 0xff, 0xff, 0xa4,
    0x00, 0xb0, 0xff, 0xff, 0xff, 0x51, 0x00, 0x00, 0x00, 0x00, 0x00, 0x00, 0x00, 0x00, 0x00, 0x0f, 0xe8, 0xff, 0xff, 0xf0, 0x18,
    0x00, 0x1f, 0xf5, 0xff, 0xff, 0xe1, 0x0a, 0x00, 0x00, 0x00, 0x00, 0x00, 0x00, 0x00, 0x00, 0x8e, 0xff, 0xff, 0xff, 0x68, 0x00,
    0x00, 0x00, 0x74, 0xff, 0xff, 0xff, 0x87, 0x00, 0x00, 0x00, 0x00, 0x00, 0x00, 0x00, 0x2c, 0xfc, 0xff, 0xff, 0xc8, 0x02, 0x00,
    0x00, 0x00, 0x04, 0xd0, 0xff, 0xff, 0xfa, 0x28, 0x00, 0x00, 0x00, 0x00, 0x00, 0x01, 0xc0, 0xff, 0xff, 0xfc, 0x30, 0x00, 0x00,
    0x00, 0x00, 0x00, 0x38, 0xfe, 0xff, 0xff, 0xbc, 0x00, 0x00, 0x00, 0x00, 0x00, 0x59, 0xff, 0xff, 0xff, 0x90, 0x00, 0x00, 0x00,
    0x00, 0x00, 0x00, 0x00, 0x98, 0xff, 0xff, 0xff, 0x59, 0x00, 0x00, 0x00, 0x0d, 0xe5, 0xff, 0xff, 0xe3, 0x0d, 0x00, 0x00, 0x00,
    0x00, 0x00, 0x00, 0x00, 0x10, 0xe8, 0xff, 0xff, 0xe7, 0x0e, 0x00, 0x00, 0x8a, 0xff, 0xff, 0xff, 0x52, 0x00, 0x00, 0x00, 0x00,
    0x00, 0x00, 0x00, 0x00, 0x00, 0x58, 0xff, 0xff, 0xff, 0x8e, 0x00, 0x27, 0xfa, 0xff, 0xff, 0xb4, 0x00, 0x00, 0x00, 0x00, 0x00,
    0x00, 0x00, 0x00, 0x00, 0x00, 0x00, 0xba, 0xff, 0xff, 0xfb, 0x26, 0xb6, 0xff, 0xff, 0xf6, 0x20, 0x00, 0x00, 0x00, 0x00, 0x00,
    0x00, 0x00, 0x00, 0x00, 0x00, 0x00, 0x24, 0xf7, 0xff, 0xff, 0xd4, 0xff, 0xff, 0xff, 0x78, 0x00, 0x00, 0x00, 0x00, 0x00, 0x00,
    0x00, 0x00, 0x00, 0x00, 0x00, 0x00, 0x00, 0x7b, 0xff, 0xff, 0xff, 0xff, 0xff, 0xd4, 0x05, 0x00, 0x00, 0x00, 0x00, 0x00, 0x00,
    0x00, 0x00, 0x00, 0x00, 0x00, 0x00, 0x00, 0x06, 0xd7, 0xff, 0xff, 0xff, 0xff, 0x3c, 0x00, 0x00, 0x00, 0x00, 0x00, 0x00, 0x00,
    0x00, 0x00, 0x00, 0x00, 0x00, 0x00, 0x00, 0x00, 0x40, 0xff, 0xff, 0xff, 0xa0, 0x00, 0x00, 0x00, 0x00, 0x00, 0x00, 0x00, 0x00,
    0x00, 0x00, 0x00, 0x00, 0x00, 0x00, 0x00, 0x00, 0x0c, 0xff, 0xff, 0xff, 0x6c, 0x00, 0x00, 0x00, 0x00, 0x00, 0x00, 0x00, 0x00,
    0x00, 0x00, 0x00, 0x00, 0x00, 0x00, 0x00, 0x00, 0x0c, 0xff, 0xff, 0xff, 0x6c, 0x00, 0x00, 0x00, 0x00, 0x00, 0x00, 0x00, 0x00,
    0x00, 0x00, 0x00, 0x00, 0x00, 0x00, 0x00, 0x00, 0x0c, 0xff, 0xff, 0xff, 0x6c, 0x00, 0x00, 0x00, 0x00, 0x00, 0x00, 0x00, 0x00,
    0x00, 0x00, 0x00, 0x00, 0x00, 0x00, 0x00, 0x00, 0x0c, 0xff, 0xff, 0xff, 0x6c, 0x00, 0x00, 0x00, 0x00, 0x00, 0x00, 0x00, 0x00,
    0x00, 0x00, 0x00, 0x00, 0x00, 0x00, 0x00, 0x00, 0x0c, 0xff, 0xff, 0xff, 0x6c, 0x00, 0x00, 0x00, 0x00, 0x00, 0x00, 0x00, 0x00,
    0x00, 0x00, 0x00, 0x00, 0x00, 0x00, 0x00, 0x00, 0x0c, 0xff, 0xff, 0xff, 0x6c, 0x00, 0x00, 0x00, 0x00, 0x00, 0x00, 0x00, 0x00,
    0x00, 0x00, 0x00, 0x00, 0x00, 0x00, 0x00, 0x00, 0x0c, 0xff, 0xff, 0xff, 0x6c, 0x00, 0x00, 0x00, 0x00, 0x00, 0x00, 0x00, 0x00,
    0x00, 0x00, 0x00, 0x00, 0x00, 0x00, 0x00, 0x00, 0x0c, 0xff, 0xff, 0xff, 0x6c, 0x00, 0x00, 0x00, 0x00, 0x00, 0x00, 0x00, 0x00,
    0x00, 0x00, 0x00, 0x00, 0x00, 0x00, 0x00, 0x00, 0x0c, 0xff, 0xff, 0xff, 0x6c, 0x00, 0x00, 0x00, 0x00, 0x00, 0x00, 0x00, 0x00,

    /* U+005A "Z" */
    0x8c, 0xff, 0xff, 0xff, 0xff, 0xff, 0xff, 0xff, 0xff, 0xff, 0xff, 0xff, 0xff, 0xff, 0xff, 0xff, 0xff, 0xc8,
    0x8c, 0xff, 0xff, 0xff, 0xff, 0xff, 0xff, 0xff, 0xff, 0xff, 0xff, 0xff, 0xff, 0xff, 0xff, 0xff, 0xff, 0xc8,
    0x8c, 0xff, 0xff, 0xff, 0xff, 0xff, 0xff, 0xff, 0xff, 0xff, 0xff, 0xff, 0xff, 0xff, 0xff, 0xff, 0xff, 0xc0,
    0x04, 0x08, 0x08, 0x08, 0x08, 0x08, 0x08, 0x08, 0x08, 0x08, 0x08, 0x08, 0x0d, 0xc3, 0xff, 0xff, 0xf9, 0x34,
    0x00, 0x00, 0x00, 0x00, 0x00, 0x00, 0x00, 0x00, 0x00, 0x00, 0x00, 0x00, 0x96, 0xff, 0xff, 0xff, 0x67, 0x00,
    0x00, 0x00, 0x00, 0x00, 0x00, 0x00, 0x00, 0x00, 0x00, 0x00, 0x00, 0x63, 0xff, 0xff, 0xff, 0xa2, 0x00, 0x00,
    0x00, 0x00, 0x00, 0x00, 0x00, 0x00, 0x00, 0x00, 0x00, 0x00, 0x34, 0xf9, 0xff, 0xff, 0xd1, 0x09, 0x00, 0x00,
    0x00, 0x00, 0x00, 0x00, 0x00, 0x00, 0x00, 0x00, 0x00, 0x13, 0xe1, 0xff, 0xff, 0xf0, 0x24, 0x00, 0x00, 0x00,
    0x00, 0x00, 0x00, 0x00, 0x00, 0x00, 0x00, 0x00, 0x02, 0xb8, 0xff, 0xff, 0xff, 0x4f, 0x00, 0x00, 0x00, 0x00,
    0x00, 0x00, 0x00, 0x00, 0x00, 0x00, 0x00, 0x00, 0x81, 0xff, 0xff, 0xff, 0x88, 0x00, 0x00, 0x00, 0x00, 0x00,
    0x00, 0x00, 0x00, 0x00, 0x00, 0x00, 0x00, 0x49, 0xfe, 0xff, 0xff, 0xbe, 0x03, 0x00, 0x00, 0x00, 0x00, 0x00,
    0x00, 0x00, 0x00, 0x00, 0x00, 0x00, 0x20, 0xee, 0xff, 0xff, 0xe5, 0x16, 0x00, 0x00, 0x00, 0x00, 0x00, 0x00,
    0x00, 0x00, 0x00, 0x00, 0x00, 0x08, 0xcc, 0xff, 0xff, 0xfb, 0x3a, 0x00, 0x00, 0x00, 0x00, 0x00, 0x00, 0x00,
    0x00, 0x00, 0x00, 0x00, 0x00, 0x9b, 0xff, 0xff, 0xff, 0x6e, 0x00, 0x00, 0x00, 0x00, 0x00, 0x00, 0x00, 0x00,
    0x00, 0x00, 0x00, 0x00, 0x62, 0xff, 0xff, 0xff, 0xa8, 0x00, 0x00, 0x00, 0x00, 0x00, 0x00, 0x00, 0x00, 0x00,
    0x00, 0x00, 0x00, 0x31, 0xf7, 0xff, 0xff, 0xd6, 0x0c, 0x00, 0x00, 0x00, 0x00, 0x00, 0x00, 0x00, 0x00, 0x00,
    0x00, 0x00, 0x11, 0xdd, 0xff, 0xff, 0xf3, 0x28, 0x00, 0x00, 0x00, 0x00, 0x00, 0x00, 0x00, 0x00, 0x00, 0x00,
    0x00, 0x01, 0xb4, 0xff, 0xff, 0xff, 0x53, 0x00, 0x00, 0x00, 0x00, 0x00, 0x00, 0x00, 0x00, 0x00, 0x00, 0x00,
    0x00, 0x7b, 0xff, 0xff, 0xff, 0x85, 0x00, 0x00, 0x00, 0x00, 0x00, 0x00, 0x00, 0x00, 0x00, 0x00, 0x00, 0x00,
    0x45, 0xfd, 0xff, 0xff, 0xb4, 0x06, 0x04, 0x04, 0x04, 0x04, 0x04, 0x04, 0x04, 0x04, 0x04, 0x04, 0x04, 0x04,
    0xd7, 0xff, 0xff, 0xff, 0xff, 0xff, 0xff, 0xff, 0xff, 0xff, 0xff, 0xff, 0xff, 0xff, 0xff, 0xff, 0xff, 0xe4,
    0xe0, 0xff, 0xff, 0xff, 0xff, 0xff, 0xff, 0xff, 0xff, 0xff, 0xff, 0xff, 0xff, 0xff, 0xff, 0xff, 0xff, 0xe4,
    0xe0, 0xff, 0xff, 0xff, 0xff, 0xff, 0xff, 0xff, 0xff, 0xff, 0xff, 0xff, 0xff, 0xff, 0xff, 0xff, 0xff, 0xe4,

    /* U+005B "[" */
    0x74, 0xff, 0xff, 0xff, 0xff, 0xff, 0xff, 0x04,
    0x74, 0xff, 0xff, 0xff, 0xff, 0xff, 0xff, 0x04,
    0x74, 0xff, 0xff, 0xf6, 0xb8, 0xb8, 0xb8, 0x03,
    0x74, 0xff, 0xff, 0xdc, 0x00, 0x00, 0x00, 0x00,
    0x74, 0xff, 0xff, 0xdc, 0x00, 0x00, 0x00, 0x00,
    0x74, 0xff, 0xff, 0xdc, 0x00, 0x00, 0x00, 0x00,
    0x74, 0xff, 0xff, 0xdc, 0x00, 0x00, 0x00, 0x00,
    0x74, 0xff, 0xff, 0xdc, 0x00, 0x00, 0x00, 0x00,
    0x74, 0xff, 0xff, 0xdc, 0x00, 0x00, 0x00, 0x00,
    0x74, 0xff, 0xff, 0xdc, 0x00, 0x00, 0x00, 0x00,
    0x74, 0xff, 0xff, 0xdc, 0x00, 0x00, 0x00, 0x00,
    0x74, 0xff, 0xff, 0xdc, 0x00, 0x00, 0x00, 0x00,
    0x74, 0xff, 0xff, 0xdc, 0x00, 0x00, 0x00, 0x00,
    0x74, 0xff, 0xff, 0xdc, 0x00, 0x00, 0x00, 0x00,
    0x74, 0xff, 0xff, 0xdc, 0x00, 0x00, 0x00, 0x00,
    0x74, 0xff, 0xff, 0xdc, 0x00, 0x00, 0x00, 0x00,
    0x74, 0xff, 0xff, 0xdc, 0x00, 0x00, 0x00, 0x00,
    0x74, 0xff, 0xff, 0xdc, 0x00, 0x00, 0x00, 0x00,
    0x74, 0xff, 0xff, 0xdc, 0x00, 0x00, 0x00, 0x00,
    0x74, 0xff, 0xff, 0xdc, 0x00, 0x00, 0x00, 0x00,
    0x74, 0xff, 0xff, 0xdc, 0x00, 0x00, 0x00, 0x00,
    0x74, 0xff, 0xff, 0xdc, 0x00, 0x00, 0x00, 0x00,
    0x74, 0xff, 0xff, 0xdc, 0x00, 0x00, 0x00, 0x00,
    0x74, 0xff, 0xff, 0xdc, 0x00, 0x00, 0x00, 0x00,
    0x74, 0xff, 0xff, 0xdc, 0x00, 0x00, 0x00, 0x00,
    0x74, 0xff, 0xff, 0xdc, 0x00, 0x00, 0x00, 0x00,
    0x74, 0xff, 0xff, 0xf6, 0xbc, 0xbc, 0xbc, 0x03,
    0x74, 0xff, 0xff, 0xff, 0xff, 0xff, 0xff, 0x04,
    0x74, 0xff, 0xff, 0xff, 0xff, 0xff, 0xff, 0x04,

    /* U+005C "\\" */
    0x9a, 0xff, 0xff, 0x66, 0x00, 0x00, 0x00, 0x00, 0x00, 0x00, 0x00,
    0x55, 0xff, 0xff, 0xab, 0x00, 0x00, 0x00, 0x00, 0x00, 0x00, 0x00,
    0x13, 0xfe, 0xff, 0xed, 0x02, 0x00, 0x00, 0x00, 0x00, 0x00, 0x00,
    0x00, 0xcc, 0xff, 0xff, 0x34, 0x00, 0x00, 0x00, 0x00, 0x00, 0x00,
    0x00, 0x86, 0xff, 0xff, 0x7a, 0x00, 0x00, 0x00, 0x00, 0x00, 0x00,
    0x00, 0x43, 0xff, 0xff, 0xbd, 0x00, 0x00, 0x00, 0x00, 0x00, 0x00,
    0x00, 0x08, 0xf6, 0xff, 0xf8, 0x0a, 0x00, 0x00, 0x00, 0x00, 0x00,
    0x00, 0x00, 0xba, 0xff, 0xff, 0x46, 0x00, 0x00, 0x00, 0x00, 0x00,
    0x00, 0x00, 0x75, 0xff, 0xff, 0x8b, 0x00, 0x00, 0x00, 0x00, 0x00,
    0x00, 0x00, 0x31, 0xff, 0xff, 0xcf, 0x00, 0x00, 0x00, 0x00, 0x00,
    0x00, 0x00, 0x02, 0xeb, 0xff, 0xfe, 0x15, 0x00, 0x00, 0x00, 0x00,
    0x00, 0x00, 0x00, 0xa8, 0xff, 0xff, 0x58, 0x00, 0x00, 0x00, 0x00,
    0x00, 0x00, 0x00, 0x63, 0xff, 0xff, 0x9d, 0x00, 0x00, 0x00, 0x00,
    0x00, 0x00, 0x00, 0x1e, 0xff, 0xff, 0xe2, 0x00, 0x00, 0x00, 0x00,
    0x00, 0x00, 0x00, 0x00, 0xda, 0xff, 0xff, 0x26, 0x00, 0x00, 0x00,
    0x00, 0x00, 0x00, 0x00, 0x95, 0xff, 0xff, 0x6b, 0x00, 0x00, 0x00,
    0x00, 0x00, 0x00, 0x00, 0x51, 0xff, 0xff, 0xaf, 0x00, 0x00, 0x00,
    0x00, 0x00, 0x00, 0x00, 0x0f, 0xfd, 0xff, 0xf1, 0x03, 0x00, 0x00,
    0x00, 0x00, 0x00, 0x00, 0x00, 0xc6, 0xff, 0xff, 0x3a, 0x00, 0x00,
    0x00, 0x00, 0x00, 0x00, 0x00, 0x83, 0xff, 0xff, 0x7d, 0x00, 0x00,
    0x00, 0x00, 0x00, 0x00, 0x00, 0x3e, 0xff, 0xff, 0xc2, 0x00, 0x00,
    0x00, 0x00, 0x00, 0x00, 0x00, 0x06, 0xf4, 0xff, 0xfa, 0x0c, 0x00,
    0x00, 0x00, 0x00, 0x00, 0x00, 0x00, 0xb5, 0xff, 0xff, 0x4b, 0x00,
    0x00, 0x00, 0x00, 0x00, 0x00, 0x00, 0x71, 0xff, 0xff, 0x8f, 0x00,
    0x00, 0x00, 0x00, 0x00, 0x00, 0x00, 0x2d, 0xff, 0xff, 0xd3, 0x00,
    0x00, 0x00, 0x00, 0x00, 0x00, 0x00, 0x01, 0xe7, 0xff, 0xff, 0x19,
    0x00, 0x00, 0x00, 0x00, 0x00, 0x00, 0x00, 0xa3, 0xff, 0xff, 0x5d,
    0x00, 0x00, 0x00, 0x00, 0x00, 0x00, 0x00, 0x5e, 0xff, 0xff, 0xa2,

    /* U+005D "]" */
    0xac, 0xff, 0xff, 0xff, 0xff, 0xff, 0xc8,
    0xac, 0xff, 0xff, 0xff, 0xff, 0xff, 0xc8,
    0x7c, 0xb8, 0xb8, 0xde, 0xff, 0xff, 0xc8,
    0x00, 0x00, 0x00, 0x88, 0xff, 0xff, 0xc8,
    0x00, 0x00, 0x00, 0x88, 0xff, 0xff, 0xc8,
    0x00, 0x00, 0x00, 0x88, 0xff, 0xff, 0xc8,
    0x00, 0x00, 0x00, 0x88, 0xff, 0xff, 0xc8,
    0x00, 0x00, 0x00, 0x88, 0xff, 0xff, 0xc8,
    0x00, 0x00, 0x00, 0x88, 0xff, 0xff, 0xc8,
    0x00, 0x00, 0x00, 0x88, 0xff, 0xff, 0xc8,
    0x00, 0x00, 0x00, 0x88, 0xff, 0xff, 0xc8,
    0x00, 0x00, 0x00, 0x88, 0xff, 0xff, 0xc8,
    0x00, 0x00, 0x00, 0x88, 0xff, 0xff, 0xc8,
    0x00, 0x00, 0x00, 0x88, 0xff, 0xff, 0xc8,
    0x00, 0x00, 0x00, 0x88, 0xff, 0xff, 0xc8,
    0x00, 0x00, 0x00, 0x88, 0xff, 0xff, 0xc8,
    0x00, 0x00, 0x00, 0x88, 0xff, 0xff, 0xc8,
    0x00, 0x00, 0x00, 0x88, 0xff, 0xff, 0xc8,
    0x00, 0x00, 0x00, 0x88, 0xff, 0xff, 0xc8,
    0x00, 0x00, 0x00, 0x88, 0xff, 0xff, 0xc8,
    0x00, 0x00, 0x00, 0x88, 0xff, 0xff, 0xc8,
    0x00, 0x00, 0x00, 0x88, 0xff, 0xff, 0xc8,
    0x00, 0x00, 0x00, 0x88, 0xff, 0xff, 0xc8,
    0x00, 0x00, 0x00, 0x88, 0xff, 0xff, 0xc8,
    0x00, 0x00, 0x00, 0x88, 0xff, 0xff, 0xc8,
    0x00, 0x00, 0x00, 0x88, 0xff, 0xff, 0xc8,
    0x7e, 0xbc, 0xbc, 0xe0, 0xff, 0xff, 0xc8,
    0xac, 0xff, 0xff, 0xff, 0xff, 0xff, 0xc8,
    0xac, 0xff, 0xff, 0xff, 0xff, 0xff, 0xc8,

    /* U+005E "^" */
    0x00, 0x00, 0x00, 0x00, 0x00, 0x28, 0x50, 0x50, 0x4e, 0x01, 0x00, 0x00, 0x00, 0x00,
    0x00, 0x00, 0x00, 0x00, 0x01, 0xd1, 0xff, 0xff, 0xff, 0x50, 0x00, 0x00, 0x00, 0x00,
    0x00, 0x00, 0x00, 0x00, 0x52, 0xff, 0xff, 0xff, 0xff, 0xcf, 0x01, 0x00, 0x00, 0x00,
    0x00, 0x00, 0x00, 0x01, 0xd0, 0xff, 0xf1, 0x9c, 0xff, 0xff, 0x4e, 0x00, 0x00, 0x00,
    0x00, 0x00, 0x00, 0x50, 0xff, 0xff, 0x88, 0x16, 0xf7, 0xff, 0xcd, 0x01, 0x00, 0x00,
    0x00, 0x00, 0x01, 0xcf, 0xff, 0xf8, 0x19, 0x00, 0x95, 0xff, 0xff, 0x4c, 0x00, 0x00,
    0x00, 0x00, 0x50, 0xff, 0xff, 0x9a, 0x00, 0x00, 0x20, 0xfc, 0xff, 0xca, 0x00, 0x00,
    0x00, 0x01, 0xcf, 0xff, 0xfd, 0x25, 0x00, 0x00, 0x00, 0xa3, 0xff, 0xff, 0x4a, 0x00,
    0x00, 0x4e, 0xff, 0xff, 0xab, 0x00, 0x00, 0x00, 0x00, 0x2c, 0xff, 0xff, 0xc8, 0x00,
    0x01, 0xcc, 0xff, 0xff, 0x33, 0x00, 0x00, 0x00, 0x00, 0x00, 0xb3, 0xff, 0xff, 0x48,
    0x05, 0x30, 0x30, 0x2c, 0x00, 0x00, 0x00, 0x00, 0x00, 0x00, 0x14, 0x30, 0x30, 0x1c,

    /* U+005F "_" */
    0xdc, 0xdc, 0xdc, 0xdc, 0xdc, 0xdc, 0xdc, 0xdc, 0xdc, 0xdc, 0xdc, 0xdc, 0xdc, 0xdc, 0xa8,
    0xff, 0xff, 0xff, 0xff, 0xff, 0xff, 0xff, 0xff, 0xff, 0xff, 0xff, 0xff, 0xff, 0xff, 0xc4,
    0xff, 0xff, 0xff, 0xff, 0xff, 0xff, 0xff, 0xff, 0xff, 0xff, 0xff, 0xff, 0xff, 0xff, 0xc4,

    /* U+0060 "`" */
    0x44, 0xb0, 0xb0, 0xad, 0x0e, 0x00, 0x00,
    0x04, 0xc9, 0xff, 0xff, 0x7c, 0x00, 0x00,
    0x00, 0x25, 0xf5, 0xff, 0xee, 0x0d, 0x00,
    0x00, 0x00, 0x67, 0xff, 0xff, 0x79, 0x00,
    0x00, 0x00, 0x01, 0xb4, 0xff, 0xec, 0x0c,

    /* U+0061 "a" */
    0x00, 0x00, 0x00, 0x13, 0x78, 0xc3, 0xef, 0xfe, 0xf5, 0xd1, 0x8d, 0x25, 0x00, 0x00, 0x00,
    0x00, 0x00, 0x53, 0xf0, 0xff, 0xff, 0xff, 0xff, 0xff, 0xff, 0xff, 0xfb, 0x71, 0x00, 0x00,
    0x00, 0x4a, 0xfd, 0xff, 0xff, 0xff, 0xd2, 0xb7, 0xca, 0xfc, 0xff, 0xff, 0xff, 0x58, 0x00,
    0x03, 0xe0, 0xff, 0xff, 0xd0, 0x2b, 0x00, 0x00, 0x00, 0x23, 0xd5, 0xff, 0xff, 0xde, 0x01,
    0x3c, 0xff, 0xff, 0xfc, 0x1f, 0x00, 0x00, 0x00, 0x00, 0x00, 0x3c, 0xff, 0xff, 0xff, 0x25,
    0x10, 0x2c, 0x2c, 0x27, 0x00, 0x00, 0x00, 0x00, 0x00, 0x00, 0x10, 0xff, 0xff, 0xff, 0x3d,
    0x00, 0x00, 0x00, 0x00, 0x00, 0x00, 0x00, 0x01, 0x18, 0x3a, 0x99, 0xff, 0xff, 0xff, 0x40,
    0x00, 0x00, 0x00, 0x35, 0x7f, 0xb4, 0xda, 0xf8, 0xff, 0xff, 0xff, 0xff, 0xff, 0xff, 0x40,
    0x00, 0x2f, 0xc8, 0xff, 0xff, 0xff, 0xff, 0xff, 0xff, 0xff, 0xe2, 0xff, 0xff, 0xff, 0x40,
    0x21, 0xf0, 0xff, 0xff, 0xff, 0xe1, 0xa2, 0x77, 0x4f, 0x21, 0x08, 0xff, 0xff, 0xff, 0x40,
    0x94, 0xff, 0xff, 0xf8, 0x57, 0x01, 0x00, 0x00, 0x00, 0x00, 0x09, 0xff, 0xff, 0xff, 0x40,
    0xc7, 0xff, 0xff, 0x98, 0x00, 0x00, 0x00, 0x00, 0x00, 0x00, 0x26, 0xff, 0xff, 0xff, 0x40,
    0xca, 0xff, 0xff, 0x8f, 0x00, 0x00, 0x00, 0x00, 0x00, 0x00, 0x90, 0xff, 0xff, 0xff, 0x40,
    0x9d, 0xff, 0xff, 0xee, 0x32, 0x00, 0x00, 0x00, 0x07, 0x7d, 0xff, 0xff, 0xff, 0xff, 0x40,
    0x36, 0xfd, 0xff, 0xff, 0xfe, 0xc9, 0xac, 0xb7, 0xee, 0xff, 0xd6, 0xff, 0xff, 0xff, 0x40,
    0x00, 0x68, 0xfc, 0xff, 0xff, 0xff, 0xff, 0xff, 0xff, 0xe8, 0x2b, 0xff, 0xff, 0xff, 0x40,
    0x00, 0x00, 0x2f, 0x9d, 0xdd, 0xfa, 0xfa, 0xdb, 0x8d, 0x16, 0x04, 0xff, 0xff, 0xff, 0x40,

    /* U+0062 "b" */
    0x0c, 0xff, 0xff, 0xff, 0x4c, 0x00, 0x00, 0x00, 0x00, 0x00, 0x00, 0x00, 0x00, 0x00, 0x00, 0x00, 0x00,
    0x0c, 0xff, 0xff, 0xff, 0x4c, 0x00, 0x00, 0x00, 0x00, 0x00, 0x00, 0x00, 0x00, 0x00, 0x00, 0x00, 0x00,
    0x0c, 0xff, 0xff, 0xff, 0x4c, 0x00, 0x00, 0x00, 0x00, 0x00, 0x00, 0x00, 0x00, 0x00, 0x00, 0x00, 0x00,
    0x0c, 0xff, 0xff, 0xff, 0x4c, 0x00, 0x00, 0x00, 0x00, 0x00, 0x00, 0x00, 0x00, 0x00, 0x00, 0x00, 0x00,
    0x0c, 0xff, 0xff, 0xff, 0x4c, 0x00, 0x00, 0x00, 0x00, 0x00, 0x00, 0x00, 0x00, 0x00, 0x00, 0x00, 0x00,
    0x0c, 0xff, 0xff, 0xff, 0x4c, 0x00, 0x00, 0x00, 0x00, 0x00, 0x00, 0x00, 0x00, 0x00, 0x00, 0x00, 0x00,
    0x0c, 0xff, 0xff, 0xff, 0x4c, 0x00, 0x4e, 0xb8, 0xef, 0xfe, 0xeb, 0xb3, 0x4e, 0x00, 0x00, 0x00, 0x00,
    0x0c, 0xff, 0xff, 0xff, 0x4d, 0x95, 0xff, 0xff, 0xff, 0xff, 0xff, 0xff, 0xff, 0xae, 0x0a, 0x00, 0x00,
    0x0c, 0xff, 0xff, 0xff, 0xbf, 0xff, 0xff, 0xf7, 0xd9, 0xe8, 0xff, 0xff, 0xff, 0xff, 0xb3, 0x01, 0x00,
    0x0c, 0xff, 0xff, 0xff, 0xff, 0xf6, 0x69, 0x08, 0x00, 0x00, 0x35, 0xce, 0xff, 0xff, 0xff, 0x62, 0x00,
    0x0c, 0xff, 0xff, 0xff, 0xff, 0x48, 0x00, 0x00, 0x00, 0x00, 0x00, 0x0f, 0xdb, 0xff, 0xff, 0xdb, 0x01,
    0x0c, 0xff, 0xff, 0xff, 0xb0, 0x00, 0x00, 0x00, 0x00, 0x00, 0x00, 0x00, 0x58, 0xff, 0xff, 0xff, 0x31,
    0x0c, 0xff, 0xff, 0xff, 0x58, 0x00, 0x00, 0x00, 0x00, 0x00, 0x00, 0x00, 0x0a, 0xfb, 0xff, 0xff, 0x69,
    0x0c, 0xff, 0xff, 0xff, 0x2d, 0x00, 0x00, 0x00, 0x00, 0x00, 0x00, 0x00, 0x00, 0xda, 0xff, 0xff, 0x87,
    0x0c, 0xff, 0xff, 0xff, 0x1e, 0x00, 0x00, 0x00, 0x00, 0x00, 0x00, 0x00, 0x00, 0xce, 0xff, 0xff, 0x92,
    0x0c, 0xff, 0xff, 0xff, 0x2d, 0x00, 0x00, 0x00, 0x00, 0x00, 0x00, 0x00, 0x00, 0xdd, 0xff, 0xff, 0x87,
    0x0c, 0xff, 0xff, 0xff, 0x5a, 0x00, 0x00, 0x00, 0x00, 0x00, 0x00, 0x00, 0x0a, 0xfb, 0xff, 0xff, 0x68,
    0x0c, 0xff, 0xff, 0xff, 0xb3, 0x00, 0x00, 0x00, 0x00, 0x00, 0x00, 0x00, 0x5c, 0xff, 0xff, 0xff, 0x30,
    0x0c, 0xff, 0xff, 0xff, 0xff, 0x4c, 0x00, 0x00, 0x00, 0x00, 0x00, 0x10, 0xde, 0xff, 0xff, 0xda, 0x01,
    0x0c, 0xff, 0xff, 0xff, 0xff, 0xf7, 0x6d, 0x0a, 0x00, 0x00, 0x39, 0xd1, 0xff, 0xff, 0xff, 0x5f, 0x00,
    0x0c, 0xff, 0xff, 0xff, 0xa8, 0xff, 0xff, 0xf9, 0xdc, 0xec, 0xff, 0xff, 0xff, 0xff, 0xb1, 0x01, 0x00,
    0x0c, 0xff, 0xff, 0xff, 0x39, 0x8f, 0xff, 0xff, 0xff, 0xff, 0xff, 0xff, 0xff, 0xab, 0x09, 0x00, 0x00,
    0x0c, 0xff, 0xff, 0xff, 0x38, 0x00, 0x48, 0xb8, 0xef, 0xfe, 0xeb, 0xb2, 0x4d, 0x00, 0x00, 0x00, 0x00,

    /* U+0063 "c" */
    0x00, 0x00, 0x00, 0x00, 0x3a, 0x9f, 0xdd, 0xfa, 0xfc, 0xe1, 0xa6, 0x44, 0x00, 0x00, 0x00, 0x00,
    0x00, 0x00, 0x09, 0xa0, 0xff, 0xff, 0xff, 0xff, 0xff, 0xff, 0xff, 0xff, 0xb3, 0x11, 0x00, 0x00,
    0x00, 0x04, 0xbc, 0xff, 0xff, 0xff, 0xff, 0xe5, 0xdf, 0xfd, 0xff, 0xff, 0xff, 0xce, 0x09, 0x00,
    0x00, 0x80, 0xff, 0xff, 0xff, 0xac, 0x22, 0x00, 0x00, 0x11, 0x84, 0xfe, 0xff, 0xff, 0x87, 0x00,
    0x11, 0xf5, 0xff, 0xff, 0xae, 0x01, 0x00, 0x00, 0x00, 0x00, 0x00, 0x83, 0xff, 0xff, 0xf2, 0x09,
    0x68, 0xff, 0xff, 0xfd, 0x1f, 0x00, 0x00, 0x00, 0x00, 0x00, 0x00, 0x11, 0xcf, 0xd0, 0xd0, 0x31,
    0xa6, 0xff, 0xff, 0xc5, 0x00, 0x00, 0x00, 0x00, 0x00, 0x00, 0x00, 0x00, 0x00, 0x00, 0x00, 0x00,
    0xc9, 0xff, 0xff, 0x99, 0x00, 0x00, 0x00, 0x00, 0x00, 0x00, 0x00, 0x00, 0x00, 0x00, 0x00, 0x00,
    0xd6, 0xff, 0xff, 0x8a, 0x00, 0x00, 0x00, 0x00, 0x00, 0x00, 0x00, 0x00, 0x00, 0x00, 0x00, 0x00,
    0xca, 0xff, 0xff, 0x99, 0x00, 0x00, 0x00, 0x00, 0x00, 0x00, 0x00, 0x00, 0x00, 0x00, 0x00, 0x00,
    0xa8, 0xff, 0xff, 0xc3, 0x00, 0x00, 0x00, 0x00, 0x00, 0x00, 0x00, 0x00, 0x00, 0x00, 0x00, 0x00,
    0x6a, 0xff, 0xff, 0xfc, 0x1c, 0x00, 0x00, 0x00, 0x00, 0x00, 0x00, 0x16, 0xd4, 0xd4, 0xd4, 0x34,
    0x13, 0xf7, 0xff, 0xff, 0xab, 0x01, 0x00, 0x00, 0x00, 0x00, 0x00, 0x8e, 0xff, 0xff, 0xf4, 0x0b,
    0x00, 0x81, 0xff, 0xff, 0xff, 0xab, 0x1f, 0x00, 0x00, 0x11, 0x86, 0xff, 0xff, 0xff, 0x88, 0x00,
    0x00, 0x05, 0xbc, 0xff, 0xff, 0xff, 0xff, 0xe4, 0xdf, 0xfd, 0xff, 0xff, 0xff, 0xc9, 0x08, 0x00,
    0x00, 0x00, 0x09, 0xa0, 0xff, 0xff, 0xff, 0xff, 0xff, 0xff, 0xff, 0xff, 0xb0, 0x0f, 0x00, 0x00,
    0x00, 0x00, 0x00, 0x00, 0x3b, 0xa0, 0xdd, 0xfa, 0xfc, 0xe1, 0xa6, 0x42, 0x00, 0x00, 0x00, 0x00,

    /* U+0064 "d" */
    0x00, 0x00, 0x00, 0x00, 0x00, 0x00, 0x00, 0x00, 0x00, 0x00, 0x00, 0x00, 0x8c, 0xff, 0xff, 0xc8,
    0x00, 0x00, 0x00, 0x00, 0x00, 0x00, 0x00, 0x00, 0x00, 0x00, 0x00, 0x00, 0x8c, 0xff, 0xff, 0xc8,
    0x00, 0x00, 0x00, 0x00, 0x00, 0x00, 0x00, 0x00, 0x00, 0x00, 0x00, 0x00, 0x8c, 0xff, 0xff, 0xc8,
    0x00, 0x00, 0x00, 0x00, 0x00, 0x00, 0x00, 0x00, 0x00, 0x00, 0x00, 0x00, 0x8c, 0xff, 0xff, 0xc8,
    0x00, 0x00, 0x00, 0x00, 0x00, 0x00, 0x00, 0x00, 0x00, 0x00, 0x00, 0x00, 0x8c, 0xff, 0xff, 0xc8,
    0x00, 0x00, 0x00, 0x00, 0x00, 0x00, 0x00, 0x00, 0x00, 0x00, 0x00, 0x00, 0x8c, 0xff, 0xff, 0xc8,
    0x00, 0x00, 0x00, 0x08, 0x6d, 0xc5, 0xf3, 0xfe, 0xe5, 0xa3, 0x2c, 0x00, 0x8c, 0xff, 0xff, 0xc8,
    0x00, 0x00, 0x24, 0xd5, 0xff, 0xff, 0xff, 0xff, 0xff, 0xff, 0xfa, 0x5e, 0x8c, 0xff, 0xff, 0xc8,
    0x00, 0x16, 0xe3, 0xff, 0xff, 0xff, 0xfe, 0xe0, 0xdd, 0xfd, 0xff, 0xfc, 0xc4, 0xff, 0xff, 0xc8,
    0x00, 0xa6, 0xff, 0xff, 0xff, 0xa3, 0x1c, 0x00, 0x00, 0x15, 0x95, 0xff, 0xff, 0xff, 0xff, 0xc8,
    0x22, 0xfe, 0xff, 0xff, 0xa6, 0x01, 0x00, 0x00, 0x00, 0x00, 0x00, 0x8b, 0xff, 0xff, 0xff, 0xc8,
    0x75, 0xff, 0xff, 0xfb, 0x19, 0x00, 0x00, 0x00, 0x00, 0x00, 0x00, 0x09, 0xeb, 0xff, 0xff, 0xc8,
    0xae, 0xff, 0xff, 0xc1, 0x00, 0x00, 0x00, 0x00, 0x00, 0x00, 0x00, 0x00, 0x9c, 0xff, 0xff, 0xc8,
    0xcc, 0xff, 0xff, 0x96, 0x00, 0x00, 0x00, 0x00, 0x00, 0x00, 0x00, 0x00, 0x71, 0xff, 0xff, 0xc8,
    0xd6, 0xff, 0xff, 0x8a, 0x00, 0x00, 0x00, 0x00, 0x00, 0x00, 0x00, 0x00, 0x62, 0xff, 0xff, 0xc8,
    0xcb, 0xff, 0xff, 0x99, 0x00, 0x00, 0x00, 0x00, 0x00, 0x00, 0x00, 0x00, 0x71, 0xff, 0xff, 0xc8,
    0xac, 0xff, 0xff, 0xc1, 0x00, 0x00, 0x00, 0x00, 0x00, 0x00, 0x00, 0x00, 0x9f, 0xff, 0xff, 0xc8,
    0x74, 0xff, 0xff, 0xfc, 0x1b, 0x00, 0x00, 0x00, 0x00, 0x00, 0x00, 0x0b, 0xed, 0xff, 0xff, 0xc8,
    0x22, 0xfe, 0xff, 0xff, 0xa9, 0x01, 0x00, 0x00, 0x00, 0x00, 0x00, 0x90, 0xff, 0xff, 0xff, 0xc8,
    0x00, 0xa3, 0xff, 0xff, 0xff, 0xa9, 0x1e, 0x00, 0x00, 0x18, 0x99, 0xff, 0xff, 0xff, 0xff, 0xc8,
    0x00, 0x14, 0xe1, 0xff, 0xff, 0xff, 0xff, 0xe4, 0xe0, 0xfe, 0xff, 0xfa, 0xb0, 0xff, 0xff, 0xc8,
    0x00, 0x00, 0x23, 0xd3, 0xff, 0xff, 0xff, 0xff, 0xff, 0xff, 0xf9, 0x58, 0x7c, 0xff, 0xff, 0xc8,
    0x00, 0x00, 0x00, 0x07, 0x6c, 0xc5, 0xf3, 0xfe, 0xe5, 0x9f, 0x29, 0x00, 0x7c, 0xff, 0xff, 0xc8,

    /* U+0065 "e" */
    0x00, 0x00, 0x00, 0x00, 0x3e, 0xa5, 0xe1, 0xfc, 0xf9, 0xdb, 0x9d, 0x3a, 0x00, 0x00, 0x00, 0x00,
    0x00, 0x00, 0x09, 0xa3, 0xff, 0xff, 0xff, 0xff, 0xff, 0xff, 0xff, 0xff, 0xa4, 0x0a, 0x00, 0x00,
    0x00, 0x04, 0xbb, 0xff, 0xff, 0xff, 0xf4, 0xcb, 0xcf, 0xf6, 0xff, 0xff, 0xff, 0xbd, 0x04, 0x00,
    0x00, 0x7d, 0xff, 0xff, 0xfa, 0x6e, 0x07, 0x00, 0x00, 0x09, 0x72, 0xfa, 0xff, 0xff, 0x78, 0x00,
    0x11, 0xf5, 0xff, 0xff, 0x5e, 0x00, 0x00, 0x00, 0x00, 0x00, 0x00, 0x65, 0xff, 0xff, 0xef, 0x0a,
    0x67, 0xff, 0xff, 0xd3, 0x00, 0x00, 0x00, 0x00, 0x00, 0x00, 0x00, 0x02, 0xe2, 0xff, 0xff, 0x4f,
    0xa5, 0xff, 0xff, 0xce, 0x84, 0x84, 0x84, 0x84, 0x84, 0x84, 0x84, 0x84, 0xda, 0xff, 0xff, 0x84,
    0xc9, 0xff, 0xff, 0xff, 0xff, 0xff, 0xff, 0xff, 0xff, 0xff, 0xff, 0xff, 0xff, 0xff, 0xff, 0x9d,
    0xd6, 0xff, 0xff, 0xff, 0xff, 0xff, 0xff, 0xff, 0xff, 0xff, 0xff, 0xff, 0xff, 0xff, 0xff, 0xa4,
    0xcb, 0xff, 0xff, 0x76, 0x00, 0x00, 0x00, 0x00, 0x00, 0x00, 0x00, 0x00, 0x00, 0x00, 0x00, 0x00,
    0xa9, 0xff, 0xff, 0x96, 0x00, 0x00, 0x00, 0x00, 0x00, 0x00, 0x00, 0x00, 0x00, 0x00, 0x00, 0x00,
    0x6d, 0xff, 0xff, 0xe0, 0x03, 0x00, 0x00, 0x00, 0x00, 0x00, 0x00, 0x00, 0x57, 0x64, 0x64, 0x21,
    0x17, 0xfa, 0xff, 0xff, 0x74, 0x00, 0x00, 0x00, 0x00, 0x00, 0x00, 0x3e, 0xff, 0xff, 0xff, 0x22,
    0x00, 0x8c, 0xff, 0xff, 0xfe, 0x82, 0x0e, 0x00, 0x00, 0x02, 0x54, 0xed, 0xff, 0xff, 0xaa, 0x00,
    0x00, 0x08, 0xc6, 0xff, 0xff, 0xff, 0xf8, 0xd0, 0xc9, 0xec, 0xff, 0xff, 0xff, 0xdd, 0x16, 0x00,
    0x00, 0x00, 0x0e, 0xab, 0xff, 0xff, 0xff, 0xff, 0xff, 0xff, 0xff, 0xff, 0xc1, 0x1a, 0x00, 0x00,
    0x00, 0x00, 0x00, 0x00, 0x40, 0xa2, 0xdd, 0xfa, 0xfc, 0xe3, 0xab, 0x4c, 0x01, 0x00, 0x00, 0x00,

    /* U+0066 "f" */
    0x00, 0x00, 0x00, 0x00, 0x07, 0x78, 0xd0, 0xf8, 0xff, 0xff, 0x3c,
    0x00, 0x00, 0x00, 0x05, 0xbf, 0xff, 0xff, 0xff, 0xff, 0xff, 0x2e,
    0x00, 0x00, 0x00, 0x62, 0xff, 0xff, 0xff, 0xf1, 0xc7, 0xc4, 0x18,
    0x00, 0x00, 0x00, 0xa6, 0xff, 0xff, 0xe2, 0x10, 0x00, 0x00, 0x00,
    0x00, 0x00, 0x00, 0xb4, 0xff, 0xff, 0xa4, 0x00, 0x00, 0x00, 0x00,
    0x00, 0x00, 0x00, 0xb4, 0xff, 0xff, 0xa0, 0x00, 0x00, 0x00, 0x00,
    0xbc, 0xff, 0xff, 0xff, 0xff, 0xff, 0xff, 0xff, 0xff, 0xff, 0x1c,
    0xbc, 0xff, 0xff, 0xff, 0xff, 0xff, 0xff, 0xff, 0xff, 0xff, 0x1c,
    0x8a, 0xbc, 0xbc, 0xec, 0xff, 0xff, 0xe7, 0xbc, 0xbc, 0xbc, 0x15,
    0x00, 0x00, 0x00, 0xb4, 0xff, 0xff, 0xa0, 0x00, 0x00, 0x00, 0x00,
    0x00, 0x00, 0x00, 0xb4, 0xff, 0xff, 0xa0, 0x00, 0x00, 0x00, 0x00,
    0x00, 0x00, 0x00, 0xb4, 0xff, 0xff, 0xa0, 0x00, 0x00, 0x00, 0x00,
    0x00, 0x00, 0x00, 0xb4, 0xff, 0xff, 0xa0, 0x00, 0x00, 0x00, 0x00,
    0x00, 0x00, 0x00, 0xb4, 0xff, 0xff, 0xa0, 0x00, 0x00, 0x00, 0x00,
    0x00, 0x00, 0x00, 0xb4, 0xff, 0xff, 0xa0, 0x00, 0x00, 0x00, 0x00,
    0x00, 0x00, 0x00, 0xb4, 0xff, 0xff, 0xa0, 0x00, 0x00, 0x00, 0x00,
    0x00, 0x00, 0x00, 0xb4, 0xff, 0xff, 0xa0, 0x00, 0x00, 0x00, 0x00,
    0x00, 0x00, 0x00, 0xb4, 0xff, 0xff, 0xa0, 0x00, 0x00, 0x00, 0x00,
    0x00, 0x00, 0x00, 0xb4, 0xff, 0xff, 0xa0, 0x00, 0x00, 0x00, 0x00,
    0x00, 0x00, 0x00, 0xb4, 0xff, 0xff, 0xa0, 0x00, 0x00, 0x00, 0x00,
    0x00, 0x00, 0x00, 0xb4, 0xff, 0xff, 0xa0, 0x00, 0x00, 0x00, 0x00,
    0x00, 0x00, 0x00, 0xb4, 0xff, 0xff, 0xa0, 0x00, 0x00, 0x00, 0x00,
    0x00, 0x00, 0x00, 0xb4, 0xff, 0xff, 0xa0, 0x00, 0x00, 0x00, 0x00,

    /* U+0067 "g" */
    0x00, 0x00, 0x00, 0x07, 0x6b, 0xc4, 0xf3, 0xfe, 0xe5, 0xa3, 0x2d, 0x00, 0x7c, 0xff, 0xff, 0xc8,
    0x00, 0x00, 0x22, 0xd3, 0xff, 0xff, 0xff, 0xff, 0xff, 0xff, 0xfa, 0x5b, 0x7c, 0xff, 0xff, 0xc8,
    0x00, 0x13, 0xe1, 0xff, 0xff, 0xff, 0xfd, 0xdc, 0xd9, 0xfb, 0xff, 0xfc, 0xb3, 0xff, 0xff, 0xc8,
    0x00, 0xa2, 0xff, 0xff, 0xff, 0xa2, 0x19, 0x00, 0x00, 0x13, 0x90, 0xff, 0xff, 0xff, 0xff, 0xc8,
    0x1e, 0xfd, 0xff, 0xff, 0xa8, 0x01, 0x00, 0x00, 0x00, 0x00, 0x00, 0x8a, 0xff, 0xff, 0xff, 0xc8,
    0x73, 0xff, 0xff, 0xfc, 0x1a, 0x00, 0x00, 0x00, 0x00, 0x00, 0x00, 0x09, 0xea, 0xff, 0xff, 0xc8,
    0xab, 0xff, 0xff, 0xc1, 0x00, 0x00, 0x00, 0x00, 0x00, 0x00, 0x00, 0x00, 0x9a, 0xff, 0xff, 0xc8,
    0xcb, 0xff, 0xff, 0x98, 0x00, 0x00, 0x00, 0x00, 0x00, 0x00, 0x00, 0x00, 0x6d, 0xff, 0xff, 0xc8,
    0xd6, 0xff, 0xff, 0x8a, 0x00, 0x00, 0x00, 0x00, 0x00, 0x00, 0x00, 0x00, 0x5e, 0xff, 0xff, 0xc8,
    0xcc, 0xff, 0xff, 0x96, 0x00, 0x00, 0x00, 0x00, 0x00, 0x00, 0x00, 0x00, 0x6d, 0xff, 0xff, 0xc8,
    0xae, 0xff, 0xff, 0xbe, 0x00, 0x00, 0x00, 0x00, 0x00, 0x00, 0x00, 0x00, 0x99, 0xff, 0xff, 0xc8,
    0x76, 0xff, 0xff, 0xfb, 0x17, 0x00, 0x00, 0x00, 0x00, 0x00, 0x00, 0x08, 0xe8, 0xff, 0xff, 0xc8,
    0x22, 0xfe, 0xff, 0xff, 0xa0, 0x00, 0x00, 0x00, 0x00, 0x00, 0x00, 0x86, 0xff, 0xff, 0xff, 0xc8,
    0x00, 0xa6, 0xff, 0xff, 0xff, 0x9f, 0x18, 0x00, 0x00, 0x13, 0x8e, 0xff, 0xff, 0xff, 0xff, 0xc8,
    0x00, 0x16, 0xe1, 0xff, 0xff, 0xff, 0xfd, 0xdc, 0xd8, 0xfb, 0xff, 0xfb, 0xb8, 0xff, 0xff, 0xc8,
    0x00, 0x00, 0x23, 0xd5, 0xff, 0xff, 0xff, 0xff, 0xff, 0xff, 0xfa, 0x5a, 0x84, 0xff, 0xff, 0xc8,
    0x00, 0x00, 0x00, 0x07, 0x6c, 0xc5, 0xf3, 0xfe, 0xe6, 0xa4, 0x2e, 0x00, 0x85, 0xff, 0xff, 0xc6,
    0x00, 0x00, 0x00, 0x00, 0x00, 0x00, 0x00, 0x00, 0x00, 0x00, 0x00, 0x00, 0x9c, 0xff, 0xff, 0xb2,
    0x02, 0x80, 0x9b, 0xb4, 0x41, 0x00, 0x00, 0x00, 0x00, 0x00, 0x00, 0x0e, 0xe9, 0xff, 0xff, 0x7f,
    0x00, 0xc1, 0xff, 0xff, 0xe7, 0x45, 0x00, 0x00, 0x00, 0x00, 0x27, 0xc4, 0xff, 0xff, 0xfc, 0x24,
    0x00, 0x34, 0xf8, 0xff, 0xff, 0xff, 0xe2, 0xba, 0xb6, 0xd3, 0xff, 0xff, 0xff, 0xff, 0x7b, 0x00,
    0x00, 0x00, 0x42, 0xe7, 0xff, 0xff, 0xff, 0xff, 0xff, 0xff, 0xff, 0xff, 0xfa, 0x77, 0x00, 0x00,
    0x00, 0x00, 0x00, 0x0c, 0x69, 0xb4, 0xe4, 0xf9, 0xfd, 0xec, 0xc3, 0x7f, 0x1e, 0x00, 0x00, 0x00,

    /* U+0068 "h" */
    0x0c, 0xff, 0xff, 0xff, 0x48, 0x00, 0x00, 0x00, 0x00, 0x00, 0x00, 0x00, 0x00, 0x00, 0x00, 0x00,
    0x0c, 0xff, 0xff, 0xff, 0x48, 0x00, 0x00, 0x00, 0x00, 0x00, 0x00, 0x00, 0x00, 0x00, 0x00, 0x00,
    0x0c, 0xff, 0xff, 0xff, 0x48, 0x00, 0x00, 0x00, 0x00, 0x00, 0x00, 0x00, 0x00, 0x00, 0x00, 0x00,
    0x0c, 0xff, 0xff, 0xff, 0x48, 0x00, 0x00, 0x00, 0x00, 0x00, 0x00, 0x00, 0x00, 0x00, 0x00, 0x00,
    0x0c, 0xff, 0xff, 0xff, 0x48, 0x00, 0x00, 0x00, 0x00, 0x00, 0x00, 0x00, 0x00, 0x00, 0x00, 0x00,
    0x0c, 0xff, 0xff, 0xff, 0x48, 0x00, 0x00, 0x00, 0x00, 0x00, 0x00, 0x00, 0x00, 0x00, 0x00, 0x00,
    0x0c, 0xff, 0xff, 0xff, 0x48, 0x00, 0x4f, 0xbc, 0xf2, 0xfd, 0xe2, 0x9f, 0x2b, 0x00, 0x00, 0x00,
    0x0c, 0xff, 0xff, 0xff, 0x49, 0x97, 0xff, 0xff, 0xff, 0xff, 0xff, 0xff, 0xfb, 0x60, 0x00, 0x00,
    0x0c, 0xff, 0xff, 0xff, 0xb4, 0xff, 0xff, 0xfc, 0xf4, 0xff, 0xff, 0xff, 0xff, 0xfc, 0x36, 0x00,
    0x0c, 0xff, 0xff, 0xff, 0xff, 0xdf, 0x50, 0x07, 0x00, 0x1b, 0x96, 0xff, 0xff, 0xff, 0xb8, 0x00,
    0x0c, 0xff, 0xff, 0xff, 0xf1, 0x1e, 0x00, 0x00, 0x00, 0x00, 0x00, 0xac, 0xff, 0xff, 0xfc, 0x0c,
    0x0c, 0xff, 0xff, 0xff, 0x91, 0x00, 0x00, 0x00, 0x00, 0x00, 0x00, 0x43, 0xff, 0xff, 0xff, 0x30,
    0x0c, 0xff, 0xff, 0xff, 0x5a, 0x00, 0x00, 0x00, 0x00, 0x00, 0x00, 0x1a, 0xff, 0xff, 0xff, 0x3e,
    0x0c, 0xff, 0xff, 0xff, 0x4d, 0x00, 0x00, 0x00, 0x00, 0x00, 0x00, 0x14, 0xff, 0xff, 0xff, 0x40,
    0x0c, 0xff, 0xff, 0xff, 0x4c, 0x00, 0x00, 0x00, 0x00, 0x00, 0x00, 0x14, 0xff, 0xff, 0xff, 0x40,
    0x0c, 0xff, 0xff, 0xff, 0x4c, 0x00, 0x00, 0x00, 0x00, 0x00, 0x00, 0x14, 0xff, 0xff, 0xff, 0x40,
    0x0c, 0xff, 0xff, 0xff, 0x4c, 0x00, 0x00, 0x00, 0x00, 0x00, 0x00, 0x14, 0xff, 0xff, 0xff, 0x40,
    0x0c, 0xff, 0xff, 0xff, 0x4c, 0x00, 0x00, 0x00, 0x00, 0x00, 0x00, 0x14, 0xff, 0xff, 0xff, 0x40,
    0x0c, 0xff, 0xff, 0xff, 0x4c, 0x00, 0x00, 0x00, 0x00, 0x00, 0x00, 0x14, 0xff, 0xff, 0xff, 0x40,
    0x0c, 0xff, 0xff, 0xff, 0x4c, 0x00, 0x00, 0x00, 0x00, 0x00, 0x00, 0x14, 0xff, 0xff, 0xff, 0x40,
    0x0c, 0xff, 0xff, 0xff, 0x4c, 0x00, 0x00, 0x00, 0x00, 0x00, 0x00, 0x14, 0xff, 0xff, 0xff, 0x40,
    0x0c, 0xff, 0xff, 0xff, 0x4c, 0x00, 0x00, 0x00, 0x00, 0x00, 0x00, 0x14, 0xff, 0xff, 0xff, 0x40,
    0x0c, 0xff, 0xff, 0xff, 0x4c, 0x00, 0x00, 0x00, 0x00, 0x00, 0x00, 0x14, 0xff, 0xff, 0xff, 0x40,

    /* U+0069 "i" */
    0x07, 0xa7, 0xfa, 0xcc, 0x22,
    0x5f, 0xff, 0xff, 0xff, 0xa4,
    0x63, 0xff, 0xff, 0xff, 0xa7,
    0x08, 0xb1, 0xff, 0xd8, 0x27,
    0x00, 0x00, 0x07, 0x00, 0x00,
    0x00, 0x00, 0x00, 0x00, 0x00,
    0x0c, 0xff, 0xff, 0xff, 0x4c,
    0x0c, 0xff, 0xff, 0xff, 0x4c,
    0x0c, 0xff, 0xff, 0xff, 0x4c,
    0x0c, 0xff, 0xff, 0xff, 0x4c,
    0x0c, 0xff, 0xff, 0xff, 0x4c,
    0x0c, 0xff, 0xff, 0xff, 0x4c,
    0x0c, 0xff, 0xff, 0xff, 0x4c,
    0x0c, 0xff, 0xff, 0xff, 0x4c,
    0x0c, 0xff, 0xff, 0xff, 0x4c,
    0x0c, 0xff, 0xff, 0xff, 0x4c,
    0x0c, 0xff, 0xff, 0xff, 0x4c,
    0x0c, 0xff, 0xff, 0xff, 0x4c,
    0x0c, 0xff, 0xff, 0xff, 0x4c,
    0x0c, 0xff, 0xff, 0xff, 0x4c,
    0x0c, 0xff, 0xff, 0xff, 0x4c,
    0x0c, 0xff, 0xff, 0xff, 0x4c,
    0x0c, 0xff, 0xff, 0xff, 0x4c,

    /* U+006A "j" */
    0x00, 0x00, 0x07, 0xa7, 0xfa, 0xcc, 0x22,
    0x00, 0x00, 0x5f, 0xff, 0xff, 0xff, 0xa4,
    0x00, 0x00, 0x63, 0xff, 0xff, 0xff, 0xa7,
    0x00, 0x00, 0x08, 0xb1, 0xff, 0xd8, 0x27,
    0x00, 0x00, 0x00, 0x00, 0x07, 0x00, 0x00,
    0x00, 0x00, 0x00, 0x00, 0x00, 0x00, 0x00,
    0x00, 0x00, 0x0c, 0xff, 0xff, 0xff, 0x4c,
    0x00, 0x00, 0x0c, 0xff, 0xff, 0xff, 0x4c,
    0x00, 0x00, 0x0c, 0xff, 0xff, 0xff, 0x4c,
    0x00, 0x00, 0x0c, 0xff, 0xff, 0xff, 0x4c,
    0x00, 0x00, 0x0c, 0xff, 0xff, 0xff, 0x4c,
    0x00, 0x00, 0x0c, 0xff, 0xff, 0xff, 0x4c,
    0x00, 0x00, 0x0c, 0xff, 0xff, 0xff, 0x4c,
    0x00, 0x00, 0x0c, 0xff, 0xff, 0xff, 0x4c,
    0x00, 0x00, 0x0c, 0xff, 0xff, 0xff, 0x4c,
    0x00, 0x00, 0x0c, 0xff, 0xff, 0xff, 0x4c,
    0x00, 0x00, 0x0c, 0xff, 0xff, 0xff, 0x4c,
    0x00, 0x00, 0x0c, 0xff, 0xff, 0xff, 0x4c,
    0x00, 0x00, 0x0c, 0xff, 0xff, 0xff, 0x4c,
    0x00, 0x00, 0x0c, 0xff, 0xff, 0xff, 0x4c,
    0x00, 0x00, 0x0c, 0xff, 0xff, 0xff, 0x4c,
    0x00, 0x00, 0x0c, 0xff, 0xff, 0xff, 0x4c,
    0x00, 0x00, 0x0c, 0xff, 0xff, 0xff, 0x4c,
    0x00, 0x00, 0x0c, 0xff, 0xff, 0xff, 0x4c,
    0x00, 0x00, 0x17, 0xff, 0xff, 0xff, 0x49,
    0x00, 0x00, 0x73, 0xff, 0xff, 0xff, 0x2c,
    0xaf, 0xdc, 0xff, 0xff, 0xff, 0xd9, 0x01,
    0xdc, 0xff, 0xff, 0xff, 0xf7, 0x3f, 0x00,
    0xdc, 0xfe, 0xe8, 0xa7, 0x2d, 0x00, 0x00,

    /* U+006B "k" */
    0x0c, 0xff, 0xff, 0xff, 0x4c, 0x00, 0x00, 0x00, 0x00, 0x00, 0x00, 0x00, 0x00, 0x00, 0x00, 0x00,
    0x0c, 0xff, 0xff, 0xff, 0x4c, 0x00, 0x00, 0x00, 0x00, 0x00, 0x00, 0x00, 0x00, 0x00, 0x00, 0x00,
    0x0c, 0xff, 0xff, 0xff, 0x4c, 0x00, 0x00, 0x00, 0x00, 0x00, 0x00, 0x00, 0x00, 0x00, 0x00, 0x00,
    0x0c, 0xff, 0xff, 0xff, 0x4c, 0x00, 0x00, 0x00, 0x00, 0x00, 0x00, 0x00, 0x00, 0x00, 0x00, 0x00,
    0x0c, 0xff, 0xff, 0xff, 0x4c, 0x00, 0x00, 0x00, 0x00, 0x00, 0x00, 0x00, 0x00, 0x00, 0x00, 0x00,
    0x0c, 0xff, 0xff, 0xff, 0x4c, 0x00, 0x00, 0x00, 0x00, 0x00, 0x00, 0x00, 0x00, 0x00, 0x00, 0x00,
    0x0c, 0xff, 0xff, 0xff, 0x4c, 0x00, 0x00, 0x00, 0x00, 0x00, 0x27, 0xea, 0xff, 0xff, 0xe5, 0x21,
    0x0c, 0xff, 0xff, 0xff, 0x4c, 0x00, 0x00, 0x00, 0x00, 0x1f, 0xe3, 0xff, 0xff, 0xed, 0x2c, 0x00,
    0x0c, 0xff, 0xff, 0xff, 0x4c, 0x00, 0x00, 0x00, 0x18, 0xdc, 0xff, 0xff, 0xf3, 0x35, 0x00, 0x00,
    0x0c, 0xff, 0xff, 0xff, 0x4c, 0x00, 0x00, 0x12, 0xd3, 0xff, 0xff, 0xf8, 0x42, 0x00, 0x00, 0x00,
    0x0c, 0xff, 0xff, 0xff, 0x4c, 0x00, 0x0d, 0xc9, 0xff, 0xff, 0xfb, 0x4e, 0x00, 0x00, 0x00, 0x00,
    0x0c, 0xff, 0xff, 0xff, 0x4c, 0x09, 0xbf, 0xff, 0xff, 0xfe, 0x5b, 0x00, 0x00, 0x00, 0x00, 0x00,
    0x0c, 0xff, 0xff, 0xff, 0x51, 0xb5, 0xff, 0xff, 0xff, 0x6a, 0x00, 0x00, 0x00, 0x00, 0x00, 0x00,
    0x0c, 0xff, 0xff, 0xff, 0xe0, 0xff, 0xff, 0xff, 0xb6, 0x00, 0x00, 0x00, 0x00, 0x00, 0x00, 0x00,
    0x0c, 0xff, 0xff, 0xff, 0xff, 0xff, 0xff, 0xff, 0xff, 0x4f, 0x00, 0x00, 0x00, 0x00, 0x00, 0x00,
    0x0c, 0xff, 0xff, 0xff, 0xff, 0xdc, 0xec, 0xff, 0xff, 0xf0, 0x25, 0x00, 0x00, 0x00, 0x00, 0x00,
    0x0c, 0xff, 0xff, 0xff, 0xd9, 0x1a, 0x46, 0xfd, 0xff, 0xff, 0xd3, 0x0b, 0x00, 0x00, 0x00, 0x00,
    0x0c, 0xff, 0xff, 0xff, 0x50, 0x00, 0x00, 0x78, 0xff, 0xff, 0xff, 0xa8, 0x00, 0x00, 0x00, 0x00,
    0x0c, 0xff, 0xff, 0xff, 0x4c, 0x00, 0x00, 0x01, 0xab, 0xff, 0xff, 0xff, 0x70, 0x00, 0x00, 0x00,
    0x0c, 0xff, 0xff, 0xff, 0x4c, 0x00, 0x00, 0x00, 0x0d, 0xd6, 0xff, 0xff, 0xfb, 0x3e, 0x00, 0x00,
    0x0c, 0xff, 0xff, 0xff, 0x4c, 0x00, 0x00, 0x00, 0x00, 0x27, 0xf2, 0xff, 0xff, 0xe8, 0x1b, 0x00,
    0x0c, 0xff, 0xff, 0xff, 0x4c, 0x00, 0x00, 0x00, 0x00, 0x00, 0x51, 0xff, 0xff, 0xff, 0xc4, 0x06,
    0x0c, 0xff, 0xff, 0xff, 0x4c, 0x00, 0x00, 0x00, 0x00, 0x00, 0x00, 0x85, 0xff, 0xff, 0xff, 0x94,

    /* U+006C "l" */
    0x0c, 0xff, 0xff, 0xff, 0x4c,
    0x0c, 0xff, 0xff, 0xff, 0x4c,
    0x0c, 0xff, 0xff, 0xff, 0x4c,
    0x0c, 0xff, 0xff, 0xff, 0x4c,
    0x0c, 0xff, 0xff, 0xff, 0x4c,
    0x0c, 0xff, 0xff, 0xff, 0x4c,
    0x0c, 0xff, 0xff, 0xff, 0x4c,
    0x0c, 0xff, 0xff, 0xff, 0x4c,
    0x0c, 0xff, 0xff, 0xff, 0x4c,
    0x0c, 0xff, 0xff, 0xff, 0x4c,
    0x0c, 0xff, 0xff, 0xff, 0x4c,
    0x0c, 0xff, 0xff, 0xff, 0x4c,
    0x0c, 0xff, 0xff, 0xff, 0x4c,
    0x0c, 0xff, 0xff, 0xff, 0x4c,
    0x0c, 0xff, 0xff, 0xff, 0x4c,
    0x0c, 0xff, 0xff, 0xff, 0x4c,
    0x0c, 0xff, 0xff, 0xff, 0x4c,
    0x0c, 0xff, 0xff, 0xff, 0x4c,
    0x0c, 0xff, 0xff, 0xff, 0x4c,
    0x0c, 0xff, 0xff, 0xff, 0x4c,
    0x0c, 0xff, 0xff, 0xff, 0x4c,
    0x0c, 0xff, 0xff, 0xff, 0x4c,
    0x0c, 0xff, 0xff, 0xff, 0x4c,

    /* U+006D "m" */
    0x0c, 0xff, 0xff, 0xff, 0x2c, 0x00, 0x54, 0xc0, 0xf3, 0xfb, 0xd2, 0x72, 0x04, 0x00, 0x00, 0x08, 0x73, 0xcc, 0xf6, 0xfa, 0xd4, 0x81, 0x0e, 0x00, 0x00,
    0x0c, 0xff, 0xff, 0xff, 0x31, 0x99, 0xff, 0xff, 0xff, 0xff, 0xff, 0xff, 0xb8, 0x05, 0x1c, 0xd4, 0xff, 0xff, 0xff, 0xff, 0xff, 0xff, 0xde, 0x1e, 0x00,
    0x0c, 0xff, 0xff, 0xff, 0x9c, 0xff, 0xff, 0xf1, 0xf5, 0xff, 0xff, 0xff, 0xff, 0x7f, 0xcb, 0xff, 0xff, 0xf1, 0xf5, 0xff, 0xff, 0xff, 0xff, 0xc5, 0x00,
    0x0c, 0xff, 0xff, 0xff, 0xfe, 0xc7, 0x33, 0x00, 0x02, 0x48, 0xe6, 0xff, 0xff, 0xfd, 0xff, 0xc7, 0x2f, 0x00, 0x01, 0x3c, 0xd6, 0xff, 0xff, 0xff, 0x3b,
    0x0c, 0xff, 0xff, 0xff, 0xe1, 0x0d, 0x00, 0x00, 0x00, 0x00, 0x3e, 0xff, 0xff, 0xff, 0xe6, 0x0e, 0x00, 0x00, 0x00, 0x00, 0x20, 0xfa, 0xff, 0xff, 0x7c,
    0x0c, 0xff, 0xff, 0xff, 0x7c, 0x00, 0x00, 0x00, 0x00, 0x00, 0x00, 0xeb, 0xff, 0xff, 0x8c, 0x00, 0x00, 0x00, 0x00, 0x00, 0x00, 0xcb, 0xff, 0xff, 0x96,
    0x0c, 0xff, 0xff, 0xff, 0x52, 0x00, 0x00, 0x00, 0x00, 0x00, 0x00, 0xdc, 0xff, 0xff, 0x6d, 0x00, 0x00, 0x00, 0x00, 0x00, 0x00, 0xb9, 0xff, 0xff, 0x9c,
    0x0c, 0xff, 0xff, 0xff, 0x4c, 0x00, 0x00, 0x00, 0x00, 0x00, 0x00, 0xdc, 0xff, 0xff, 0x6c, 0x00, 0x00, 0x00, 0x00, 0x00, 0x00, 0xb8, 0xff, 0xff, 0x9c,
    0x0c, 0xff, 0xff, 0xff, 0x4c, 0x00, 0x00, 0x00, 0x00, 0x00, 0x00, 0xdc, 0xff, 0xff, 0x6c, 0x00, 0x00, 0x00, 0x00, 0x00, 0x00, 0xb8, 0xff, 0xff, 0x9c,
    0x0c, 0xff, 0xff, 0xff, 0x4c, 0x00, 0x00, 0x00, 0x00, 0x00, 0x00, 0xdc, 0xff, 0xff, 0x6c, 0x00, 0x00, 0x00, 0x00, 0x00, 0x00, 0xb8, 0xff, 0xff, 0x9c,
    0x0c, 0xff, 0xff, 0xff, 0x4c, 0x00, 0x00, 0x00, 0x00, 0x00, 0x00, 0xdc, 0xff, 0xff, 0x6c, 0x00, 0x00, 0x00, 0x00, 0x00, 0x00, 0xb8, 0xff, 0xff, 0x9c,
    0x0c, 0xff, 0xff, 0xff, 0x4c, 0x00, 0x00, 0x00, 0x00, 0x00, 0x00, 0xdc, 0xff, 0xff, 0x6c, 0x00, 0x00, 0x00, 0x00, 0x00, 0x00, 0xb8, 0xff, 0xff, 0x9c,
    0x0c, 0xff, 0xff, 0xff, 0x4c, 0x00, 0x00, 0x00, 0x00, 0x00, 0x00, 0xdc, 0xff, 0xff, 0x6c, 0x00, 0x00, 0x00, 0x00, 0x00, 0x00, 0xb8, 0xff, 0xff, 0x9c,
    0x0c, 0xff, 0xff, 0xff, 0x4c, 0x00, 0x00, 0x00, 0x00, 0x00, 0x00, 0xdc, 0xff, 0xff, 0x6c, 0x00, 0x00, 0x00, 0x00, 0x00, 0x00, 0xb8, 0xff, 0xff, 0x9c,
    0x0c, 0xff, 0xff, 0xff, 0x4c, 0x00, 0x00, 0x00, 0x00, 0x00, 0x00, 0xdc, 0xff, 0xff, 0x6c, 0x00, 0x00, 0x00, 0x00, 0x00, 0x00, 0xb8, 0xff, 0xff, 0x9c,
    0x0c, 0xff, 0xff, 0xff, 0x4c, 0x00, 0x00, 0x00, 0x00, 0x00, 0x00, 0xdc, 0xff, 0xff, 0x6c, 0x00, 0x00, 0x00, 0x00, 0x00, 0x00, 0xb8, 0xff, 0xff, 0x9c,
    0x0c, 0xff, 0xff, 0xff, 0x4c, 0x00, 0x00, 0x00, 0x00, 0x00, 0x00, 0xdc, 0xff, 0xff, 0x6c, 0x00, 0x00, 0x00, 0x00, 0x00, 0x00, 0xb8, 0xff, 0xff, 0x9c,

    /* U+006E "n" */
    0x0c, 0xff, 0xff, 0xff, 0x34, 0x03, 0x65, 0xc4, 0xf3, 0xfd, 0xe2, 0x9f, 0x2b, 0x00, 0x00, 0x00,
    0x0c, 0xff, 0xff, 0xff, 0x3e, 0xbc, 0xff, 0xff, 0xff, 0xff, 0xff, 0xff, 0xfb, 0x60, 0x00, 0x00,
    0x0c, 0xff, 0xff, 0xff, 0xd3, 0xff, 0xff, 0xfc, 0xf4, 0xff, 0xff, 0xff, 0xff, 0xfc, 0x36, 0x00,
    0x0c, 0xff, 0xff, 0xff, 0xff, 0xdf, 0x50, 0x07, 0x00, 0x1b, 0x96, 0xff, 0xff, 0xff, 0xb8, 0x00,
    0x0c, 0xff, 0xff, 0xff, 0xf1, 0x1e, 0x00, 0x00, 0x00, 0x00, 0x00, 0xac, 0xff, 0xff, 0xfc, 0x0c,
    0x0c, 0xff, 0xff, 0xff, 0x91, 0x00, 0x00, 0x00, 0x00, 0x00, 0x00, 0x43, 0xff, 0xff, 0xff, 0x30,
    0x0c, 0xff, 0xff, 0xff, 0x5a, 0x00, 0x00, 0x00, 0x00, 0x00, 0x00, 0x1a, 0xff, 0xff, 0xff, 0x3e,
    0x0c, 0xff, 0xff, 0xff, 0x4d, 0x00, 0x00, 0x00, 0x00, 0x00, 0x00, 0x14, 0xff, 0xff, 0xff, 0x40,
    0x0c, 0xff, 0xff, 0xff, 0x4c, 0x00, 0x00, 0x00, 0x00, 0x00, 0x00, 0x14, 0xff, 0xff, 0xff, 0x40,
    0x0c, 0xff, 0xff, 0xff, 0x4c, 0x00, 0x00, 0x00, 0x00, 0x00, 0x00, 0x14, 0xff, 0xff, 0xff, 0x40,
    0x0c, 0xff, 0xff, 0xff, 0x4c, 0x00, 0x00, 0x00, 0x00, 0x00, 0x00, 0x14, 0xff, 0xff, 0xff, 0x40,
    0x0c, 0xff, 0xff, 0xff, 0x4c, 0x00, 0x00, 0x00, 0x00, 0x00, 0x00, 0x14, 0xff, 0xff, 0xff, 0x40,
    0x0c, 0xff, 0xff, 0xff, 0x4c, 0x00, 0x00, 0x00, 0x00, 0x00, 0x00, 0x14, 0xff, 0xff, 0xff, 0x40,
    0x0c, 0xff, 0xff, 0xff, 0x4c, 0x00, 0x00, 0x00, 0x00, 0x00, 0x00, 0x14, 0xff, 0xff, 0xff, 0x40,
    0x0c, 0xff, 0xff, 0xff, 0x4c, 0x00, 0x00, 0x00, 0x00, 0x00, 0x00, 0x14, 0xff, 0xff, 0xff, 0x40,
    0x0c, 0xff, 0xff, 0xff, 0x4c, 0x00, 0x00, 0x00, 0x00, 0x00, 0x00, 0x14, 0xff, 0xff, 0xff, 0x40,
    0x0c, 0xff, 0xff, 0xff, 0x4c, 0x00, 0x00, 0x00, 0x00, 0x00, 0x00, 0x14, 0xff, 0xff, 0xff, 0x40,

    /* U+006F "o" */
    0x00, 0x00, 0x00, 0x00, 0x37, 0x9c, 0xdb, 0xfa, 0xfc, 0xe4, 0xaf, 0x52, 0x02, 0x00, 0x00, 0x00, 0x00,
    0x00, 0x00, 0x08, 0x9c, 0xff, 0xff, 0xff, 0xff, 0xff, 0xff, 0xff, 0xff, 0xc3, 0x1c, 0x00, 0x00, 0x00,
    0x00, 0x04, 0xba, 0xff, 0xff, 0xff, 0xff, 0xea, 0xe3, 0xfe, 0xff, 0xff, 0xff, 0xe0, 0x17, 0x00, 0x00,
    0x00, 0x80, 0xff, 0xff, 0xff, 0xb2, 0x26, 0x00, 0x00, 0x15, 0x8c, 0xff, 0xff, 0xff, 0xb7, 0x00, 0x00,
    0x11, 0xf5, 0xff, 0xff, 0xb1, 0x02, 0x00, 0x00, 0x00, 0x00, 0x00, 0x7e, 0xff, 0xff, 0xff, 0x3e, 0x00,
    0x68, 0xff, 0xff, 0xfd, 0x1f, 0x00, 0x00, 0x00, 0x00, 0x00, 0x00, 0x05, 0xe2, 0xff, 0xff, 0xa0, 0x00,
    0xa6, 0xff, 0xff, 0xc6, 0x00, 0x00, 0x00, 0x00, 0x00, 0x00, 0x00, 0x00, 0x8f, 0xff, 0xff, 0xdd, 0x00,
    0xc9, 0xff, 0xff, 0x99, 0x00, 0x00, 0x00, 0x00, 0x00, 0x00, 0x00, 0x00, 0x61, 0xff, 0xff, 0xfe, 0x03,
    0xd6, 0xff, 0xff, 0x8a, 0x00, 0x00, 0x00, 0x00, 0x00, 0x00, 0x00, 0x00, 0x52, 0xff, 0xff, 0xff, 0x0d,
    0xca, 0xff, 0xff, 0x98, 0x00, 0x00, 0x00, 0x00, 0x00, 0x00, 0x00, 0x00, 0x61, 0xff, 0xff, 0xff, 0x03,
    0xa8, 0xff, 0xff, 0xc4, 0x00, 0x00, 0x00, 0x00, 0x00, 0x00, 0x00, 0x00, 0x8c, 0xff, 0xff, 0xe0, 0x00,
    0x6a, 0xff, 0xff, 0xfd, 0x1e, 0x00, 0x00, 0x00, 0x00, 0x00, 0x00, 0x04, 0xe0, 0xff, 0xff, 0xa2, 0x00,
    0x13, 0xf7, 0xff, 0xff, 0xae, 0x01, 0x00, 0x00, 0x00, 0x00, 0x00, 0x76, 0xff, 0xff, 0xff, 0x42, 0x00,
    0x00, 0x81, 0xff, 0xff, 0xff, 0xad, 0x22, 0x00, 0x00, 0x11, 0x87, 0xfe, 0xff, 0xff, 0xb9, 0x00, 0x00,
    0x00, 0x05, 0xbb, 0xff, 0xff, 0xff, 0xff, 0xe5, 0xdf, 0xfd, 0xff, 0xff, 0xff, 0xe0, 0x18, 0x00, 0x00,
    0x00, 0x00, 0x08, 0x9e, 0xff, 0xff, 0xff, 0xff, 0xff, 0xff, 0xff, 0xff, 0xc3, 0x1c, 0x00, 0x00, 0x00,
    0x00, 0x00, 0x00, 0x00, 0x37, 0x9d, 0xdb, 0xfa, 0xfd, 0xe5, 0xaf, 0x53, 0x02, 0x00, 0x00, 0x00, 0x00,

    /* U+0070 "p" */
    0x0c, 0xff, 0xff, 0xff, 0x38, 0x00, 0x4e, 0xb8, 0xef, 0xfe, 0xeb, 0xb3, 0x4e, 0x00, 0x00, 0x00, 0x00,
    0x0c, 0xff, 0xff, 0xff, 0x3b, 0x9d, 0xff, 0xff, 0xff, 0xff, 0xff, 0xff, 0xff, 0xae, 0x0a, 0x00, 0x00,
    0x0c, 0xff, 0xff, 0xff, 0xb9, 0xff, 0xff, 0xf7, 0xd9, 0xe8, 0xff, 0xff, 0xff, 0xff, 0xb3, 0x01, 0x00,
    0x0c, 0xff, 0xff, 0xff, 0xff, 0xf6, 0x69, 0x08, 0x00, 0x00, 0x35, 0xce, 0xff, 0xff, 0xff, 0x62, 0x00,
    0x0c, 0xff, 0xff, 0xff, 0xff, 0x48, 0x00, 0x00, 0x00, 0x00, 0x00, 0x0f, 0xdb, 0xff, 0xff, 0xdb, 0x01,
    0x0c, 0xff, 0xff, 0xff, 0xb0, 0x00, 0x00, 0x00, 0x00, 0x00, 0x00, 0x00, 0x58, 0xff, 0xff, 0xff, 0x31,
    0x0c, 0xff, 0xff, 0xff, 0x58, 0x00, 0x00, 0x00, 0x00, 0x00, 0x00, 0x00, 0x0a, 0xfb, 0xff, 0xff, 0x69,
    0x0c, 0xff, 0xff, 0xff, 0x2d, 0x00, 0x00, 0x00, 0x00, 0x00, 0x00, 0x00, 0x00, 0xda, 0xff, 0xff, 0x87,
    0x0c, 0xff, 0xff, 0xff, 0x1e, 0x00, 0x00, 0x00, 0x00, 0x00, 0x00, 0x00, 0x00, 0xce, 0xff, 0xff, 0x92,
    0x0c, 0xff, 0xff, 0xff, 0x2d, 0x00, 0x00, 0x00, 0x00, 0x00, 0x00, 0x00, 0x00, 0xdd, 0xff, 0xff, 0x87,
    0x0c, 0xff, 0xff, 0xff, 0x5a, 0x00, 0x00, 0x00, 0x00, 0x00, 0x00, 0x00, 0x0a, 0xfb, 0xff, 0xff, 0x68,
    0x0c, 0xff, 0xff, 0xff, 0xb3, 0x00, 0x00, 0x00, 0x00, 0x00, 0x00, 0x00, 0x5c, 0xff, 0xff, 0xff, 0x30,
    0x0c, 0xff, 0xff, 0xff, 0xff, 0x4c, 0x00, 0x00, 0x00, 0x00, 0x00, 0x10, 0xde, 0xff, 0xff, 0xda, 0x01,
    0x0c, 0xff, 0xff, 0xff, 0xff, 0xf7, 0x6d, 0x0a, 0x00, 0x00, 0x39, 0xd1, 0xff, 0xff, 0xff, 0x5f, 0x00,
    0x0c, 0xff, 0xff, 0xff, 0xb1, 0xff, 0xff, 0xf9, 0xdc, 0xec, 0xff, 0xff, 0xff, 0xff, 0xb1, 0x01, 0x00,
    0x0c, 0xff, 0xff, 0xff, 0x4c, 0x86, 0xff, 0xff, 0xff, 0xff, 0xff, 0xff, 0xff, 0xab, 0x09, 0x00, 0x00,
    0x0c, 0xff, 0xff, 0xff, 0x4c, 0x00, 0x44, 0xb6, 0xef, 0xfe, 0xeb, 0xb2, 0x4d, 0x00, 0x00, 0x00, 0x00,
    0x0c, 0xff, 0xff, 0xff, 0x4c, 0x00, 0x00, 0x00, 0x00, 0x00, 0x00, 0x00, 0x00, 0x00, 0x00, 0x00, 0x00,
    0x0c, 0xff, 0xff, 0xff, 0x4c, 0x00, 0x00, 0x00, 0x00, 0x00, 0x00, 0x00, 0x00, 0x00, 0x00, 0x00, 0x00,
    0x0c, 0xff, 0xff, 0xff, 0x4c, 0x00, 0x00, 0x00, 0x00, 0x00, 0x00, 0x00, 0x00, 0x00, 0x00, 0x00, 0x00,
    0x0c, 0xff, 0xff, 0xff, 0x4c, 0x00, 0x00, 0x00, 0x00, 0x00, 0x00, 0x00, 0x00, 0x00, 0x00, 0x00, 0x00,
    0x0c, 0xff, 0xff, 0xff, 0x4c, 0x00, 0x00, 0x00, 0x00, 0x00, 0x00, 0x00, 0x00, 0x00, 0x00, 0x00, 0x00,
    0x0c, 0xff, 0xff, 0xff, 0x4c, 0x00, 0x00, 0x00, 0x00, 0x00, 0x00, 0x00, 0x00, 0x00, 0x00, 0x00, 0x00,

    /* U+0071 "q" */
    0x00, 0x00, 0x00, 0x08, 0x6d, 0xc5, 0xf3, 0xfe, 0xe5, 0xa3, 0x2e, 0x00, 0x7c, 0xff, 0xff, 0xc8,
    0x00, 0x00, 0x24, 0xd5, 0xff, 0xff, 0xff, 0xff, 0xff, 0xff, 0xfc, 0x66, 0x7c, 0xff, 0xff, 0xc8,
    0x00, 0x16, 0xe3, 0xff, 0xff, 0xff, 0xfe, 0xe0, 0xdd, 0xfd, 0xff, 0xfe, 0xbe, 0xff, 0xff, 0xc8,
    0x00, 0xa6, 0xff, 0xff, 0xff, 0xa3, 0x1c, 0x00, 0x00, 0x15, 0x95, 0xff, 0xff, 0xff, 0xff, 0xc8,
    0x22, 0xfe, 0xff, 0xff, 0xa6, 0x01, 0x00, 0x00, 0x00, 0x00, 0x00, 0x8b, 0xff, 0xff, 0xff, 0xc8,
    0x75, 0xff, 0xff, 0xfb, 0x19, 0x00, 0x00, 0x00, 0x00, 0x00, 0x00, 0x09, 0xeb, 0xff, 0xff, 0xc8,
    0xae, 0xff, 0xff, 0xc1, 0x00, 0x00, 0x00, 0x00, 0x00, 0x00, 0x00, 0x00, 0x9c, 0xff, 0xff, 0xc8,
    0xcc, 0xff, 0xff, 0x96, 0x00, 0x00, 0x00, 0x00, 0x00, 0x00, 0x00, 0x00, 0x71, 0xff, 0xff, 0xc8,
    0xd6, 0xff, 0xff, 0x8a, 0x00, 0x00, 0x00, 0x00, 0x00, 0x00, 0x00, 0x00, 0x62, 0xff, 0xff, 0xc8,
    0xcb, 0xff, 0xff, 0x99, 0x00, 0x00, 0x00, 0x00, 0x00, 0x00, 0x00, 0x00, 0x71, 0xff, 0xff, 0xc8,
    0xac, 0xff, 0xff, 0xc1, 0x00, 0x00, 0x00, 0x00, 0x00, 0x00, 0x00, 0x00, 0x9f, 0xff, 0xff, 0xc8,
    0x74, 0xff, 0xff, 0xfc, 0x1b, 0x00, 0x00, 0x00, 0x00, 0x00, 0x00, 0x0b, 0xed, 0xff, 0xff, 0xc8,
    0x22, 0xfe, 0xff, 0xff, 0xa9, 0x01, 0x00, 0x00, 0x00, 0x00, 0x00, 0x90, 0xff, 0xff, 0xff, 0xc8,
    0x00, 0xa3, 0xff, 0xff, 0xff, 0xa9, 0x1e, 0x00, 0x00, 0x18, 0x99, 0xff, 0xff, 0xff, 0xff, 0xc8,
    0x00, 0x14, 0xe1, 0xff, 0xff, 0xff, 0xff, 0xe4, 0xe0, 0xfe, 0xff, 0xf7, 0xb6, 0xff, 0xff, 0xc8,
    0x00, 0x00, 0x23, 0xd3, 0xff, 0xff, 0xff, 0xff, 0xff, 0xff, 0xf7, 0x4b, 0x8c, 0xff, 0xff, 0xc8,
    0x00, 0x00, 0x00, 0x07, 0x6c, 0xc5, 0xf3, 0xfe, 0xe5, 0x9e, 0x26, 0x00, 0x8c, 0xff, 0xff, 0xc8,
    0x00, 0x00, 0x00, 0x00, 0x00, 0x00, 0x00, 0x00, 0x00, 0x00, 0x00, 0x00, 0x8c, 0xff, 0xff, 0xc8,
    0x00, 0x00, 0x00, 0x00, 0x00, 0x00, 0x00, 0x00, 0x00, 0x00, 0x00, 0x00, 0x8c, 0xff, 0xff, 0xc8,
    0x00, 0x00, 0x00, 0x00, 0x00, 0x00, 0x00, 0x00, 0x00, 0x00, 0x00, 0x00, 0x8c, 0xff, 0xff, 0xc8,
    0x00, 0x00, 0x00, 0x00, 0x00, 0x00, 0x00, 0x00, 0x00, 0x00, 0x00, 0x00, 0x8c, 0xff, 0xff, 0xc8,
    0x00, 0x00, 0x00, 0x00, 0x00, 0x00, 0x00, 0x00, 0x00, 0x00, 0x00, 0x00, 0x8c, 0xff, 0xff, 0xc8,
    0x00, 0x00, 0x00, 0x00, 0x00, 0x00, 0x00, 0x00, 0x00, 0x00, 0x00, 0x00, 0x8c, 0xff, 0xff, 0xc8,

    /* U+0072 "r" */
    0x0c, 0xff, 0xff, 0xff, 0x28, 0x26, 0xaa, 0xed, 0xff, 0x96,
    0x0c, 0xff, 0xff, 0xff, 0x4c, 0xee, 0xff, 0xff, 0xff, 0x98,
    0x0c, 0xff, 0xff, 0xff, 0xd5, 0xff, 0xfc, 0xd8, 0xd8, 0x8d,
    0x0c, 0xff, 0xff, 0xff, 0xff, 0xad, 0x16, 0x00, 0x00, 0x00,
    0x0c, 0xff, 0xff, 0xff, 0xd5, 0x05, 0x00, 0x00, 0x00, 0x00,
    0x0c, 0xff, 0xff, 0xff, 0x75, 0x00, 0x00, 0x00, 0x00, 0x00,
    0x0c, 0xff, 0xff, 0xff, 0x51, 0x00, 0x00, 0x00, 0x00, 0x00,
    0x0c, 0xff, 0xff, 0xff, 0x4c, 0x00, 0x00, 0x00, 0x00, 0x00,
    0x0c, 0xff, 0xff, 0xff, 0x4c, 0x00, 0x00, 0x00, 0x00, 0x00,
    0x0c, 0xff, 0xff, 0xff, 0x4c, 0x00, 0x00, 0x00, 0x00, 0x00,
    0x0c, 0xff, 0xff, 0xff, 0x4c, 0x00, 0x00, 0x00, 0x00, 0x00,
    0x0c, 0xff, 0xff, 0xff, 0x4c, 0x00, 0x00, 0x00, 0x00, 0x00,
    0x0c, 0xff, 0xff, 0xff, 0x4c, 0x00, 0x00, 0x00, 0x00, 0x00,
    0x0c, 0xff, 0xff, 0xff, 0x4c, 0x00, 0x00, 0x00, 0x00, 0x00,
    0x0c, 0xff, 0xff, 0xff, 0x4c, 0x00, 0x00, 0x00, 0x00, 0x00,
    0x0c, 0xff, 0xff, 0xff, 0x4c, 0x00, 0x00, 0x00, 0x00, 0x00,
    0x0c, 0xff, 0xff, 0xff, 0x4c, 0x00, 0x00, 0x00, 0x00, 0x00,

    /* U+0073 "s" */
    0x00, 0x00, 0x01, 0x4e, 0xab, 0xe3, 0xfb, 0xfa, 0xdf, 0xa3, 0x3f, 0x00, 0x00, 0x00,
    0x00, 0x0f, 0xba, 0xff, 0xff, 0xff, 0xff, 0xff, 0xff, 0xff, 0xff, 0xa0, 0x05, 0x00,
    0x00, 0xb5, 0xff, 0xff, 0xff, 0xe1, 0xac, 0xa8, 0xde, 0xff, 0xff, 0xff, 0x92, 0x00,
    0x32, 0xff, 0xff, 0xff, 0x89, 0x03, 0x00, 0x00, 0x01, 0x7d, 0xff, 0xff, 0xfd, 0x20,
    0x65, 0xff, 0xff, 0xf4, 0x04, 0x00, 0x00, 0x00, 0x00, 0x00, 0xcd, 0xff, 0xff, 0x66,
    0x5e, 0xff, 0xff, 0xfb, 0x18, 0x00, 0x00, 0x00, 0x00, 0x00, 0x1a, 0x28, 0x28, 0x14,
    0x1d, 0xfc, 0xff, 0xff, 0xd8, 0x57, 0x0f, 0x00, 0x00, 0x00, 0x00, 0x00, 0x00, 0x00,
    0x00, 0x79, 0xff, 0xff, 0xff, 0xff, 0xfe, 0xd4, 0x9d, 0x64, 0x1b, 0x00, 0x00, 0x00,
    0x00, 0x00, 0x5d, 0xe3, 0xff, 0xff, 0xff, 0xff, 0xff, 0xff, 0xfe, 0xaf, 0x1f, 0x00,
    0x00, 0x00, 0x00, 0x04, 0x45, 0x85, 0xbc, 0xf1, 0xff, 0xff, 0xff, 0xff, 0xe9, 0x1d,
    0x00, 0x00, 0x00, 0x00, 0x00, 0x00, 0x00, 0x02, 0x2e, 0x98, 0xff, 0xff, 0xff, 0x9a,
    0x31, 0x3c, 0x3c, 0x1c, 0x00, 0x00, 0x00, 0x00, 0x00, 0x00, 0xa7, 0xff, 0xff, 0xd7,
    0xb3, 0xff, 0xff, 0xa7, 0x00, 0x00, 0x00, 0x00, 0x00, 0x00, 0x92, 0xff, 0xff, 0xd5,
    0x63, 0xff, 0xff, 0xfe, 0x63, 0x00, 0x00, 0x00, 0x00, 0x41, 0xf3, 0xff, 0xff, 0x9d,
    0x06, 0xcc, 0xff, 0xff, 0xff, 0xde, 0xae, 0xaa, 0xd2, 0xff, 0xff, 0xff, 0xf4, 0x26,
    0x00, 0x16, 0xc0, 0xff, 0xff, 0xff, 0xff, 0xff, 0xff, 0xff, 0xff, 0xe4, 0x3d, 0x00,
    0x00, 0x00, 0x01, 0x4e, 0xa9, 0xdf, 0xf9, 0xfc, 0xe8, 0xbb, 0x6b, 0x0c, 0x00, 0x00,

    /* U+0074 "t" */
    0x00, 0x00, 0x00, 0xe8, 0xff, 0xff, 0x6c, 0x00, 0x00, 0x00,
    0x00, 0x00, 0x00, 0xe8, 0xff, 0xff, 0x6c, 0x00, 0x00, 0x00,
    0x00, 0x00, 0x00, 0xe8, 0xff, 0xff, 0x6c, 0x00, 0x00, 0x00,
    0x00, 0x00, 0x00, 0xe8, 0xff, 0xff, 0x6c, 0x00, 0x00, 0x00,
    0xbc, 0xff, 0xff, 0xff, 0xff, 0xff, 0xff, 0xff, 0xff, 0xd0,
    0xbc, 0xff, 0xff, 0xff, 0xff, 0xff, 0xff, 0xff, 0xff, 0xd0,
    0x8a, 0xbc, 0xbc, 0xfa, 0xff, 0xff, 0xd9, 0xbc, 0xbc, 0x99,
    0x00, 0x00, 0x00, 0xe8, 0xff, 0xff, 0x6c, 0x00, 0x00, 0x00,
    0x00, 0x00, 0x00, 0xe8, 0xff, 0xff, 0x6c, 0x00, 0x00, 0x00,
    0x00, 0x00, 0x00, 0xe8, 0xff, 0xff, 0x6c, 0x00, 0x00, 0x00,
    0x00, 0x00, 0x00, 0xe8, 0xff, 0xff, 0x6c, 0x00, 0x00, 0x00,
    0x00, 0x00, 0x00, 0xe8, 0xff, 0xff, 0x6c, 0x00, 0x00, 0x00,
    0x00, 0x00, 0x00, 0xe8, 0xff, 0xff, 0x6c, 0x00, 0x00, 0x00,
    0x00, 0x00, 0x00, 0xe8, 0xff, 0xff, 0x6c, 0x00, 0x00, 0x00,
    0x00, 0x00, 0x00, 0xe8, 0xff, 0xff, 0x6c, 0x00, 0x00, 0x00,
    0x00, 0x00, 0x00, 0xe8, 0xff, 0xff, 0x6c, 0x00, 0x00, 0x00,
    0x00, 0x00, 0x00, 0xe8, 0xff, 0xff, 0x6d, 0x00, 0x00, 0x00,
    0x00, 0x00, 0x00, 0xdf, 0xff, 0xff, 0xa2, 0x00, 0x00, 0x00,
    0x00, 0x00, 0x00, 0xac, 0xff, 0xff, 0xff, 0xd6, 0xc0, 0x99,
    0x00, 0x00, 0x00, 0x31, 0xf6, 0xff, 0xff, 0xff, 0xff, 0xd9,
    0x00, 0x00, 0x00, 0x00, 0x2f, 0xaa, 0xe7, 0xfe, 0xff, 0xe0,

    /* U+0075 "u" */
    0x0c, 0xff, 0xff, 0xff, 0x4c, 0x00, 0x00, 0x00, 0x00, 0x00, 0x00, 0x14, 0xff, 0xff, 0xff, 0x40,
    0x0c, 0xff, 0xff, 0xff, 0x4c, 0x00, 0x00, 0x00, 0x00, 0x00, 0x00, 0x14, 0xff, 0xff, 0xff, 0x40,
    0x0c, 0xff, 0xff, 0xff, 0x4c, 0x00, 0x00, 0x00, 0x00, 0x00, 0x00, 0x14, 0xff, 0xff, 0xff, 0x40,
    0x0c, 0xff, 0xff, 0xff, 0x4c, 0x00, 0x00, 0x00, 0x00, 0x00, 0x00, 0x14, 0xff, 0xff, 0xff, 0x40,
    0x0c, 0xff, 0xff, 0xff, 0x4c, 0x00, 0x00, 0x00, 0x00, 0x00, 0x00, 0x14, 0xff, 0xff, 0xff, 0x40,
    0x0c, 0xff, 0xff, 0xff, 0x4c, 0x00, 0x00, 0x00, 0x00, 0x00, 0x00, 0x14, 0xff, 0xff, 0xff, 0x40,
    0x0c, 0xff, 0xff, 0xff, 0x4c, 0x00, 0x00, 0x00, 0x00, 0x00, 0x00, 0x14, 0xff, 0xff, 0xff, 0x40,
    0x0c, 0xff, 0xff, 0xff, 0x4c, 0x00, 0x00, 0x00, 0x00, 0x00, 0x00, 0x14, 0xff, 0xff, 0xff, 0x40,
    0x0c, 0xff, 0xff, 0xff, 0x4c, 0x00, 0x00, 0x00, 0x00, 0x00, 0x00, 0x14, 0xff, 0xff, 0xff, 0x40,
    0x0c, 0xff, 0xff, 0xff, 0x4c, 0x00, 0x00, 0x00, 0x00, 0x00, 0x00, 0x15, 0xff, 0xff, 0xff, 0x40,
    0x0b, 0xff, 0xff, 0xff, 0x52, 0x00, 0x00, 0x00, 0x00, 0x00, 0x00, 0x22, 0xff, 0xff, 0xff, 0x40,
    0x01, 0xfb, 0xff, 0xff, 0x7c, 0x00, 0x00, 0x00, 0x00, 0x00, 0x00, 0x5b, 0xff, 0xff, 0xff, 0x40,
    0x00, 0xd2, 0xff, 0xff, 0xdc, 0x09, 0x00, 0x00, 0x00, 0x00, 0x08, 0xd2, 0xff, 0xff, 0xff, 0x40,
    0x00, 0x81, 0xff, 0xff, 0xff, 0xbb, 0x2c, 0x00, 0x02, 0x39, 0xc4, 0xff, 0xff, 0xff, 0xff, 0x40,
    0x00, 0x14, 0xea, 0xff, 0xff, 0xff, 0xff, 0xf7, 0xfa, 0xff, 0xff, 0xcf, 0xff, 0xff, 0xff, 0x40,
    0x00, 0x00, 0x38, 0xee, 0xff, 0xff, 0xff, 0xff, 0xff, 0xff, 0xdb, 0x1f, 0xff, 0xff, 0xff, 0x40,
    0x00, 0x00, 0x00, 0x18, 0x8c, 0xd9, 0xfa, 0xf9, 0xd2, 0x7c, 0x0d, 0x00, 0xff, 0xff, 0xff, 0x40,

    /* U+0076 "v" */
    0x5c, 0xff, 0xff, 0xff, 0x31, 0x00, 0x00, 0x00, 0x00, 0x00, 0x00, 0x00, 0x0a, 0xf3, 0xff, 0xff, 0x88,
    0x0a, 0xf2, 0xff, 0xff, 0x8b, 0x00, 0x00, 0x00, 0x00, 0x00, 0x00, 0x00, 0x56, 0xff, 0xff, 0xff, 0x28,
    0x00, 0x9c, 0xff, 0xff, 0xe4, 0x02, 0x00, 0x00, 0x00, 0x00, 0x00, 0x00, 0xae, 0xff, 0xff, 0xc8, 0x00,
    0x00, 0x3c, 0xff, 0xff, 0xff, 0x41, 0x00, 0x00, 0x00, 0x00, 0x00, 0x10, 0xf9, 0xff, 0xff, 0x68, 0x00,
    0x00, 0x01, 0xdb, 0xff, 0xff, 0x9b, 0x00, 0x00, 0x00, 0x00, 0x00, 0x62, 0xff, 0xff, 0xf8, 0x10, 0x00,
    0x00, 0x00, 0x7c, 0xff, 0xff, 0xef, 0x07, 0x00, 0x00, 0x00, 0x00, 0xbb, 0xff, 0xff, 0xa9, 0x00, 0x00,
    0x00, 0x00, 0x1e, 0xfe, 0xff, 0xff, 0x52, 0x00, 0x00, 0x00, 0x17, 0xfd, 0xff, 0xff, 0x48, 0x00, 0x00,
    0x00, 0x00, 0x00, 0xbe, 0xff, 0xff, 0xab, 0x00, 0x00, 0x00, 0x6e, 0xff, 0xff, 0xe6, 0x03, 0x00, 0x00,
    0x00, 0x00, 0x00, 0x5e, 0xff, 0xff, 0xf7, 0x0e, 0x00, 0x00, 0xc7, 0xff, 0xff, 0x8a, 0x00, 0x00, 0x00,
    0x00, 0x00, 0x00, 0x0c, 0xf4, 0xff, 0xff, 0x60, 0x00, 0x1f, 0xff, 0xff, 0xff, 0x2c, 0x00, 0x00, 0x00,
    0x00, 0x00, 0x00, 0x00, 0x9f, 0xff, 0xff, 0xb8, 0x00, 0x72, 0xff, 0xff, 0xcc, 0x00, 0x00, 0x00, 0x00,
    0x00, 0x00, 0x00, 0x00, 0x40, 0xff, 0xff, 0xfa, 0x0f, 0xc2, 0xff, 0xff, 0x6c, 0x00, 0x00, 0x00, 0x00,
    0x00, 0x00, 0x00, 0x00, 0x01, 0xdf, 0xff, 0xff, 0x6d, 0xfd, 0xff, 0xf9, 0x13, 0x00, 0x00, 0x00, 0x00,
    0x00, 0x00, 0x00, 0x00, 0x00, 0x80, 0xff, 0xff, 0xef, 0xff, 0xff, 0xac, 0x00, 0x00, 0x00, 0x00, 0x00,
    0x00, 0x00, 0x00, 0x00, 0x00, 0x21, 0xff, 0xff, 0xff, 0xff, 0xff, 0x4c, 0x00, 0x00, 0x00, 0x00, 0x00,
    0x00, 0x00, 0x00, 0x00, 0x00, 0x00, 0xc0, 0xff, 0xff, 0xff, 0xe8, 0x04, 0x00, 0x00, 0x00, 0x00, 0x00,
    0x00, 0x00, 0x00, 0x00, 0x00, 0x00, 0x60, 0xff, 0xff, 0xff, 0x8c, 0x00, 0x00, 0x00, 0x00, 0x00, 0x00,

    /* U+0077 "w" */
    0x5d, 0xff, 0xff, 0xff, 0x1f, 0x00, 0x00, 0x00, 0x00, 0x00, 0x28, 0xff, 0xff, 0xff, 0x52, 0x00, 0x00, 0x00, 0x00, 0x00, 0x06, 0xf5, 0xff, 0xff, 0x86,
    0x13, 0xfd, 0xff, 0xff, 0x64, 0x00, 0x00, 0x00, 0x00, 0x00, 0x6e, 0xff, 0xff, 0xff, 0x98, 0x00, 0x00, 0x00, 0x00, 0x00, 0x42, 0xff, 0xff, 0xff, 0x39,
    0x00, 0xc2, 0xff, 0xff, 0xab, 0x00, 0x00, 0x00, 0x00, 0x00, 0xb5, 0xff, 0xff, 0xff, 0xde, 0x00, 0x00, 0x00, 0x00, 0x00, 0x89, 0xff, 0xff, 0xe8, 0x02,
    0x00, 0x75, 0xff, 0xff, 0xee, 0x03, 0x00, 0x00, 0x00, 0x06, 0xf5, 0xff, 0xff, 0xff, 0xff, 0x23, 0x00, 0x00, 0x00, 0x00, 0xcf, 0xff, 0xff, 0x9d, 0x00,
    0x00, 0x28, 0xff, 0xff, 0xff, 0x37, 0x00, 0x00, 0x00, 0x42, 0xff, 0xff, 0xd3, 0xff, 0xff, 0x69, 0x00, 0x00, 0x00, 0x17, 0xff, 0xff, 0xff, 0x50, 0x00,
    0x00, 0x00, 0xda, 0xff, 0xff, 0x7e, 0x00, 0x00, 0x00, 0x88, 0xff, 0xff, 0x55, 0xff, 0xff, 0xae, 0x00, 0x00, 0x00, 0x5d, 0xff, 0xff, 0xf7, 0x0b, 0x00,
    0x00, 0x00, 0x8e, 0xff, 0xff, 0xc3, 0x00, 0x00, 0x00, 0xcf, 0xff, 0xf8, 0x08, 0xd4, 0xff, 0xf0, 0x03, 0x00, 0x00, 0xa3, 0xff, 0xff, 0xb4, 0x00, 0x00,
    0x00, 0x00, 0x3f, 0xff, 0xff, 0xfb, 0x0c, 0x00, 0x15, 0xff, 0xff, 0xbe, 0x00, 0x94, 0xff, 0xff, 0x38, 0x00, 0x01, 0xe8, 0xff, 0xff, 0x67, 0x00, 0x00,
    0x00, 0x00, 0x04, 0xee, 0xff, 0xff, 0x49, 0x00, 0x57, 0xff, 0xff, 0x7a, 0x00, 0x51, 0xff, 0xff, 0x7a, 0x00, 0x2a, 0xff, 0xff, 0xff, 0x1b, 0x00, 0x00,
    0x00, 0x00, 0x00, 0xa6, 0xff, 0xff, 0x87, 0x00, 0x97, 0xff, 0xff, 0x34, 0x00, 0x10, 0xfc, 0xff, 0xbc, 0x00, 0x6b, 0xff, 0xff, 0xcd, 0x00, 0x00, 0x00,
    0x00, 0x00, 0x00, 0x56, 0xff, 0xff, 0xc5, 0x00, 0xd7, 0xff, 0xe9, 0x02, 0x00, 0x00, 0xc4, 0xff, 0xf6, 0x05, 0xa7, 0xff, 0xff, 0x7f, 0x00, 0x00, 0x00,
    0x00, 0x00, 0x00, 0x10, 0xfa, 0xff, 0xfa, 0x1f, 0xff, 0xff, 0xa0, 0x00, 0x00, 0x00, 0x7c, 0xff, 0xff, 0x38, 0xe6, 0xff, 0xff, 0x32, 0x00, 0x00, 0x00,
    0x00, 0x00, 0x00, 0x00, 0xbd, 0xff, 0xff, 0x93, 0xff, 0xff, 0x57, 0x00, 0x00, 0x00, 0x34, 0xff, 0xff, 0x99, 0xff, 0xff, 0xe4, 0x01, 0x00, 0x00, 0x00,
    0x00, 0x00, 0x00, 0x00, 0x6f, 0xff, 0xff, 0xf6, 0xff, 0xfc, 0x10, 0x00, 0x00, 0x00, 0x01, 0xe9, 0xff, 0xf9, 0xff, 0xff, 0x96, 0x00, 0x00, 0x00, 0x00,
    0x00, 0x00, 0x00, 0x00, 0x21, 0xff, 0xff, 0xff, 0xff, 0xc1, 0x00, 0x00, 0x00, 0x00, 0x00, 0xa2, 0xff, 0xff, 0xff, 0xff, 0x4a, 0x00, 0x00, 0x00, 0x00,
    0x00, 0x00, 0x00, 0x00, 0x00, 0xd4, 0xff, 0xff, 0xff, 0x79, 0x00, 0x00, 0x00, 0x00, 0x00, 0x59, 0xff, 0xff, 0xff, 0xf5, 0x08, 0x00, 0x00, 0x00, 0x00,
    0x00, 0x00, 0x00, 0x00, 0x00, 0x86, 0xff, 0xff, 0xff, 0x2d, 0x00, 0x00, 0x00, 0x00, 0x00, 0x13, 0xfd, 0xff, 0xff, 0xae, 0x00, 0x00, 0x00, 0x00, 0x00,

    /* U+0078 "x" */
    0x04, 0xc9, 0xff, 0xff, 0xe8, 0x10, 0x00, 0x00, 0x00, 0x00, 0x00, 0x14, 0xe9, 0xff, 0xff, 0xb8, 0x01,
    0x00, 0x28, 0xf6, 0xff, 0xff, 0x9f, 0x00, 0x00, 0x00, 0x00, 0x00, 0xa6, 0xff, 0xff, 0xed, 0x1b, 0x00,
    0x00, 0x00, 0x70, 0xff, 0xff, 0xff, 0x45, 0x00, 0x00, 0x00, 0x50, 0xff, 0xff, 0xff, 0x5a, 0x00, 0x00,
    0x00, 0x00, 0x02, 0xc0, 0xff, 0xff, 0xde, 0x0a, 0x00, 0x10, 0xe7, 0xff, 0xff, 0xa9, 0x00, 0x00, 0x00,
    0x00, 0x00, 0x00, 0x20, 0xf2, 0xff, 0xff, 0x87, 0x00, 0x95, 0xff, 0xff, 0xe6, 0x13, 0x00, 0x00, 0x00,
    0x00, 0x00, 0x00, 0x00, 0x65, 0xff, 0xff, 0xfa, 0x5b, 0xfd, 0xff, 0xff, 0x49, 0x00, 0x00, 0x00, 0x00,
    0x00, 0x00, 0x00, 0x00, 0x00, 0xb5, 0xff, 0xff, 0xff, 0xff, 0xff, 0x9a, 0x00, 0x00, 0x00, 0x00, 0x00,
    0x00, 0x00, 0x00, 0x00, 0x00, 0x1a, 0xed, 0xff, 0xff, 0xff, 0xdd, 0x0c, 0x00, 0x00, 0x00, 0x00, 0x00,
    0x00, 0x00, 0x00, 0x00, 0x00, 0x00, 0xac, 0xff, 0xff, 0xff, 0x8f, 0x00, 0x00, 0x00, 0x00, 0x00, 0x00,
    0x00, 0x00, 0x00, 0x00, 0x00, 0x4d, 0xff, 0xff, 0xff, 0xff, 0xfa, 0x31, 0x00, 0x00, 0x00, 0x00, 0x00,
    0x00, 0x00, 0x00, 0x00, 0x16, 0xe9, 0xff, 0xff, 0xe4, 0xff, 0xff, 0xd3, 0x07, 0x00, 0x00, 0x00, 0x00,
    0x00, 0x00, 0x00, 0x00, 0xb0, 0xff, 0xff, 0xd5, 0x1a, 0xee, 0xff, 0xff, 0x8d, 0x00, 0x00, 0x00, 0x00,
    0x00, 0x00, 0x00, 0x63, 0xff, 0xff, 0xff, 0x3d, 0x00, 0x65, 0xff, 0xff, 0xfe, 0x40, 0x00, 0x00, 0x00,
    0x00, 0x00, 0x22, 0xf2, 0xff, 0xff, 0x9a, 0x00, 0x00, 0x01, 0xc1, 0xff, 0xff, 0xe0, 0x0e, 0x00, 0x00,
    0x00, 0x03, 0xc4, 0xff, 0xff, 0xe0, 0x0e, 0x00, 0x00, 0x00, 0x24, 0xf5, 0xff, 0xff, 0x9e, 0x00, 0x00,
    0x00, 0x79, 0xff, 0xff, 0xff, 0x44, 0x00, 0x00, 0x00, 0x00, 0x00, 0x6f, 0xff, 0xff, 0xff, 0x4f, 0x00,
    0x31, 0xfa, 0xff, 0xff, 0x96, 0x00, 0x00, 0x00, 0x00, 0x00, 0x00, 0x02, 0xc3, 0xff, 0xff, 0xe9, 0x16,

    /* U+0079 "y" */
    0x5a, 0xff, 0xff, 0xff, 0x33, 0x00, 0x00, 0x00, 0x00, 0x00, 0x00, 0x00, 0x09, 0xf2, 0xff, 0xff, 0x86,
    0x08, 0xed, 0xff, 0xff, 0x90, 0x00, 0x00, 0x00, 0x00, 0x00, 0x00, 0x00, 0x57, 0xff, 0xff, 0xff, 0x23,
    0x00, 0x93, 0xff, 0xff, 0xe8, 0x04, 0x00, 0x00, 0x00, 0x00, 0x00, 0x00, 0xb4, 0xff, 0xff, 0xbe, 0x00,
    0x00, 0x2d, 0xff, 0xff, 0xff, 0x49, 0x00, 0x00, 0x00, 0x00, 0x00, 0x15, 0xfb, 0xff, 0xff, 0x5a, 0x00,
    0x00, 0x00, 0xca, 0xff, 0xff, 0xa7, 0x00, 0x00, 0x00, 0x00, 0x00, 0x6d, 0xff, 0xff, 0xef, 0x08, 0x00,
    0x00, 0x00, 0x66, 0xff, 0xff, 0xf6, 0x0e, 0x00, 0x00, 0x00, 0x00, 0xc9, 0xff, 0xff, 0x93, 0x00, 0x00,
    0x00, 0x00, 0x0e, 0xf4, 0xff, 0xff, 0x60, 0x00, 0x00, 0x00, 0x26, 0xff, 0xff, 0xff, 0x2f, 0x00, 0x00,
    0x00, 0x00, 0x00, 0x9e, 0xff, 0xff, 0xbe, 0x00, 0x00, 0x00, 0x83, 0xff, 0xff, 0xcb, 0x00, 0x00, 0x00,
    0x00, 0x00, 0x00, 0x3a, 0xff, 0xff, 0xfe, 0x1d, 0x00, 0x01, 0xdf, 0xff, 0xff, 0x67, 0x00, 0x00, 0x00,
    0x00, 0x00, 0x00, 0x00, 0xd5, 0xff, 0xff, 0x77, 0x00, 0x3a, 0xff, 0xff, 0xf5, 0x0e, 0x00, 0x00, 0x00,
    0x00, 0x00, 0x00, 0x00, 0x72, 0xff, 0xff, 0xd1, 0x00, 0x91, 0xff, 0xff, 0x9f, 0x00, 0x00, 0x00, 0x00,
    0x00, 0x00, 0x00, 0x00, 0x14, 0xf9, 0xff, 0xff, 0x28, 0xe6, 0xff, 0xff, 0x3c, 0x00, 0x00, 0x00, 0x00,
    0x00, 0x00, 0x00, 0x00, 0x00, 0xa9, 0xff, 0xff, 0xb0, 0xff, 0xff, 0xd8, 0x00, 0x00, 0x00, 0x00, 0x00,
    0x00, 0x00, 0x00, 0x00, 0x00, 0x45, 0xff, 0xff, 0xff, 0xff, 0xff, 0x74, 0x00, 0x00, 0x00, 0x00, 0x00,
    0x00, 0x00, 0x00, 0x00, 0x00, 0x02, 0xdf, 0xff, 0xff, 0xff, 0xfb, 0x15, 0x00, 0x00, 0x00, 0x00, 0x00,
    0x00, 0x00, 0x00, 0x00, 0x00, 0x00, 0x7d, 0xff, 0xff, 0xff, 0xac, 0x00, 0x00, 0x00, 0x00, 0x00, 0x00,
    0x00, 0x00, 0x00, 0x00, 0x00, 0x00, 0x35, 0xff, 0xff, 0xff, 0x48, 0x00, 0x00, 0x00, 0x00, 0x00, 0x00,
    0x00, 0x00, 0x00, 0x00, 0x00, 0x00, 0x7e, 0xff, 0xff, 0xe2, 0x02, 0x00, 0x00, 0x00, 0x00, 0x00, 0x00,
    0x00, 0x00, 0x00, 0x00, 0x00, 0x03, 0xdd, 0xff, 0xff, 0x80, 0x00, 0x00, 0x00, 0x00, 0x00, 0x00, 0x00,
    0x00, 0x00, 0x00, 0x00, 0x00, 0x7c, 0xff, 0xff, 0xfc, 0x1d, 0x00, 0x00, 0x00, 0x00, 0x00, 0x00, 0x00,
    0x00, 0x00, 0x9c, 0xcc, 0xdf, 0xff, 0xff, 0xff, 0x9a, 0x00, 0x00, 0x00, 0x00, 0x00, 0x00, 0x00, 0x00,
    0x00, 0x00, 0xd2, 0xff, 0xff, 0xff, 0xff, 0xca, 0x0c, 0x00, 0x00, 0x00, 0x00, 0x00, 0x00, 0x00, 0x00,
    0x00, 0x00, 0xe2, 0xff, 0xfd, 0xda, 0x80, 0x0a, 0x00, 0x00, 0x00, 0x00, 0x00, 0x00, 0x00, 0x00, 0x00,

    /* U+007A "z" */
    0x5c, 0xff, 0xff, 0xff, 0xff, 0xff, 0xff, 0xff, 0xff, 0xff, 0xff, 0xff, 0xff, 0x8c,
    0x5c, 0xff, 0xff, 0xff, 0xff, 0xff, 0xff, 0xff, 0xff, 0xff, 0xff, 0xff, 0xff, 0x8c,
    0x51, 0xe0, 0xe0, 0xe0, 0xe0, 0xe0, 0xe0, 0xe0, 0xe0, 0xf3, 0xff, 0xff, 0xff, 0x74,
    0x00, 0x00, 0x00, 0x00, 0x00, 0x00, 0x00, 0x00, 0x18, 0xe8, 0xff, 0xff, 0xc7, 0x05,
    0x00, 0x00, 0x00, 0x00, 0x00, 0x00, 0x00, 0x03, 0xc1, 0xff, 0xff, 0xee, 0x1e, 0x00,
    0x00, 0x00, 0x00, 0x00, 0x00, 0x00, 0x00, 0x84, 0xff, 0xff, 0xff, 0x4d, 0x00, 0x00,
    0x00, 0x00, 0x00, 0x00, 0x00, 0x00, 0x47, 0xfe, 0xff, 0xff, 0x8c, 0x00, 0x00, 0x00,
    0x00, 0x00, 0x00, 0x00, 0x00, 0x1c, 0xeb, 0xff, 0xff, 0xc7, 0x05, 0x00, 0x00, 0x00,
    0x00, 0x00, 0x00, 0x00, 0x04, 0xc3, 0xff, 0xff, 0xee, 0x1e, 0x00, 0x00, 0x00, 0x00,
    0x00, 0x00, 0x00, 0x00, 0x8a, 0xff, 0xff, 0xff, 0x4d, 0x00, 0x00, 0x00, 0x00, 0x00,
    0x00, 0x00, 0x00, 0x4c, 0xff, 0xff, 0xff, 0x8c, 0x00, 0x00, 0x00, 0x00, 0x00, 0x00,
    0x00, 0x00, 0x1e, 0xee, 0xff, 0xff, 0xc6, 0x05, 0x00, 0x00, 0x00, 0x00, 0x00, 0x00,
    0x00, 0x06, 0xc8, 0xff, 0xff, 0xed, 0x1e, 0x00, 0x00, 0x00, 0x00, 0x00, 0x00, 0x00,
    0x00, 0x8f, 0xff, 0xff, 0xff, 0x4c, 0x00, 0x00, 0x00, 0x00, 0x00, 0x00, 0x00, 0x00,
    0x45, 0xff, 0xff, 0xff, 0xfb, 0xdc, 0xdc, 0xdc, 0xdc, 0xdc, 0xdc, 0xdc, 0xdc, 0x94,
    0x6c, 0xff, 0xff, 0xff, 0xff, 0xff, 0xff, 0xff, 0xff, 0xff, 0xff, 0xff, 0xff, 0xac,
    0x6c, 0xff, 0xff, 0xff, 0xff, 0xff, 0xff, 0xff, 0xff, 0xff, 0xff, 0xff, 0xff, 0xac,

    /* U+007B "{" */
    0x00, 0x00, 0x00, 0x00, 0x00, 0x00, 0x1f, 0x8a, 0xcc, 0xf0, 0xd6,
    0x00, 0x00, 0x00, 0x00, 0x00, 0x44, 0xf4, 0xff, 0xff, 0xff, 0xd8,
    0x00, 0x00, 0x00, 0x00, 0x0b, 0xea, 0xff, 0xff, 0xff, 0xd5, 0x98,
    0x00, 0x00, 0x00, 0x00, 0x5a, 0xff, 0xff, 0xfe, 0x4e, 0x00, 0x00,
    0x00, 0x00, 0x00, 0x00, 0x91, 0xff, 0xff, 0xbe, 0x00, 0x00, 0x00,
    0x00, 0x00, 0x00, 0x00, 0xa9, 0xff, 0xff, 0x8f, 0x00, 0x00, 0x00,
    0x00, 0x00, 0x00, 0x00, 0xb0, 0xff, 0xff, 0x84, 0x00, 0x00, 0x00,
    0x00, 0x00, 0x00, 0x00, 0xb0, 0xff, 0xff, 0x84, 0x00, 0x00, 0x00,
    0x00, 0x00, 0x00, 0x00, 0xb0, 0xff, 0xff, 0x84, 0x00, 0x00, 0x00,
    0x00, 0x00, 0x00, 0x00, 0xb1, 0xff, 0xff, 0x84, 0x00, 0x00, 0x00,
    0x00, 0x00, 0x00, 0x00, 0xc1, 0xff, 0xff, 0x83, 0x00, 0x00, 0x00,
    0x00, 0x00, 0x00, 0x10, 0xf5, 0xff, 0xff, 0x68, 0x00, 0x00, 0x00,
    0x00, 0x07, 0x35, 0xbd, 0xff, 0xff, 0xf9, 0x1e, 0x00, 0x00, 0x00,
    0x38, 0xff, 0xff, 0xff, 0xff, 0xf6, 0x59, 0x00, 0x00, 0x00, 0x00,
    0x40, 0xff, 0xff, 0xff, 0xe0, 0x30, 0x00, 0x00, 0x00, 0x00, 0x00,
    0x38, 0xff, 0xff, 0xff, 0xff, 0xf3, 0x53, 0x00, 0x00, 0x00, 0x00,
    0x0b, 0x40, 0x67, 0xdd, 0xff, 0xff, 0xf6, 0x1a, 0x00, 0x00, 0x00,
    0x00, 0x00, 0x00, 0x21, 0xfc, 0xff, 0xff, 0x68, 0x00, 0x00, 0x00,
    0x00, 0x00, 0x00, 0x00, 0xc8, 0xff, 0xff, 0x83, 0x00, 0x00, 0x00,
    0x00, 0x00, 0x00, 0x00, 0xb1, 0xff, 0xff, 0x84, 0x00, 0x00, 0x00,
    0x00, 0x00, 0x00, 0x00, 0xb0, 0xff, 0xff, 0x84, 0x00, 0x00, 0x00,
    0x00, 0x00, 0x00, 0x00, 0xb0, 0xff, 0xff, 0x84, 0x00, 0x00, 0x00,
    0x00, 0x00, 0x00, 0x00, 0xb0, 0xff, 0xff, 0x84, 0x00, 0x00, 0x00,
    0x00, 0x00, 0x00, 0x00, 0xab, 0xff, 0xff, 0x8f, 0x00, 0x00, 0x00,
    0x00, 0x00, 0x00, 0x00, 0x93, 0xff, 0xff, 0xbf, 0x00, 0x00, 0x00,
    0x00, 0x00, 0x00, 0x00, 0x5e, 0xff, 0xff, 0xff, 0x51, 0x00, 0x00,
    0x00, 0x00, 0x00, 0x00, 0x0d, 0xeb, 0xff, 0xff, 0xff, 0xd9, 0x9b,
    0x00, 0x00, 0x00, 0x00, 0x00, 0x45, 0xf4, 0xff, 0xff, 0xff, 0xd8,
    0x00, 0x00, 0x00, 0x00, 0x00, 0x00, 0x1f, 0x8b, 0xcc, 0xf0, 0xd6,

    /* U+007C "|" */
    0x64, 0xff, 0xff, 0xa0,
    0x64, 0xff, 0xff, 0xa0,
    0x64, 0xff, 0xff, 0xa0,
    0x64, 0xff, 0xff, 0xa0,
    0x64, 0xff, 0xff, 0xa0,
    0x64, 0xff, 0xff, 0xa0,
    0x64, 0xff, 0xff, 0xa0,
    0x64, 0xff, 0xff, 0xa0,
    0x64, 0xff, 0xff, 0xa0,
    0x64, 0xff, 0xff, 0xa0,
    0x64, 0xff, 0xff, 0xa0,
    0x64, 0xff, 0xff, 0xa0,
    0x64, 0xff, 0xff, 0xa0,
    0x64, 0xff, 0xff, 0xa0,
    0x64, 0xff, 0xff, 0xa0,
    0x64, 0xff, 0xff, 0xa0,
    0x64, 0xff, 0xff, 0xa0,
    0x64, 0xff, 0xff, 0xa0,
    0x64, 0xff, 0xff, 0xa0,
    0x64, 0xff, 0xff, 0xa0,
    0x64, 0xff, 0xff, 0xa0,
    0x64, 0xff, 0xff, 0xa0,
    0x64, 0xff, 0xff, 0xa0,
    0x64, 0xff, 0xff, 0xa0,
    0x64, 0xff, 0xff, 0xa0,
    0x64, 0xff, 0xff, 0xa0,
    0x64, 0xff, 0xff, 0xa0,
    0x64, 0xff, 0xff, 0xa0,
    0x64, 0xff, 0xff, 0xa0,
    0x64, 0xff, 0xff, 0xa0,
    0x64, 0xff, 0xff, 0xa0,
    0x64, 0xff, 0xff, 0xa0,
    0x64, 0xff, 0xff, 0xa0,
    0x64, 0xff, 0xff, 0xa0,
    0x64, 0xff, 0xff, 0xa0,
    0x64, 0xff, 0xff, 0xa0,
    0x64, 0xff, 0xff, 0xa0,
    0x64, 0xff, 0xff, 0xa0,

    /* U+007D "}" */
    0xab, 0xf4, 0xd4, 0x98, 0x2e, 0x00, 0x00, 0x00, 0x00, 0x00, 0x00,
    0xac, 0xff, 0xff, 0xff, 0xfc, 0x65, 0x00, 0x00, 0x00, 0x00, 0x00,
    0x78, 0xcc, 0xfd, 0xff, 0xff, 0xfb, 0x25, 0x00, 0x00, 0x00, 0x00,
    0x00, 0x00, 0x2e, 0xf1, 0xff, 0xff, 0x83, 0x00, 0x00, 0x00, 0x00,
    0x00, 0x00, 0x00, 0x92, 0xff, 0xff, 0xb8, 0x00, 0x00, 0x00, 0x00,
    0x00, 0x00, 0x00, 0x63, 0xff, 0xff, 0xd1, 0x00, 0x00, 0x00, 0x00,
    0x00, 0x00, 0x00, 0x58, 0xff, 0xff, 0xd8, 0x00, 0x00, 0x00, 0x00,
    0x00, 0x00, 0x00, 0x58, 0xff, 0xff, 0xd8, 0x00, 0x00, 0x00, 0x00,
    0x00, 0x00, 0x00, 0x58, 0xff, 0xff, 0xd8, 0x00, 0x00, 0x00, 0x00,
    0x00, 0x00, 0x00, 0x58, 0xff, 0xff, 0xd8, 0x00, 0x00, 0x00, 0x00,
    0x00, 0x00, 0x00, 0x57, 0xff, 0xff, 0xe9, 0x00, 0x00, 0x00, 0x00,
    0x00, 0x00, 0x00, 0x40, 0xff, 0xff, 0xff, 0x2e, 0x00, 0x00, 0x00,
    0x00, 0x00, 0x00, 0x07, 0xe7, 0xff, 0xff, 0xd5, 0x43, 0x0c, 0x00,
    0x00, 0x00, 0x00, 0x00, 0x3d, 0xeb, 0xff, 0xff, 0xff, 0xff, 0x50,
    0x00, 0x00, 0x00, 0x00, 0x00, 0x1a, 0xca, 0xff, 0xff, 0xff, 0x56,
    0x00, 0x00, 0x00, 0x00, 0x36, 0xe8, 0xff, 0xff, 0xff, 0xff, 0x50,
    0x00, 0x00, 0x00, 0x05, 0xe2, 0xff, 0xff, 0xee, 0x77, 0x44, 0x13,
    0x00, 0x00, 0x00, 0x3c, 0xff, 0xff, 0xff, 0x45, 0x00, 0x00, 0x00,
    0x00, 0x00, 0x00, 0x57, 0xff, 0xff, 0xef, 0x01, 0x00, 0x00, 0x00,
    0x00, 0x00, 0x00, 0x58, 0xff, 0xff, 0xd9, 0x00, 0x00, 0x00, 0x00,
    0x00, 0x00, 0x00, 0x58, 0xff, 0xff, 0xd8, 0x00, 0x00, 0x00, 0x00,
    0x00, 0x00, 0x00, 0x58, 0xff, 0xff, 0xd8, 0x00, 0x00, 0x00, 0x00,
    0x00, 0x00, 0x00, 0x58, 0xff, 0xff, 0xd8, 0x00, 0x00, 0x00, 0x00,
    0x00, 0x00, 0x00, 0x63, 0xff, 0xff, 0xd2, 0x00, 0x00, 0x00, 0x00,
    0x00, 0x00, 0x00, 0x94, 0xff, 0xff, 0xbb, 0x00, 0x00, 0x00, 0x00,
    0x00, 0x00, 0x31, 0xf2, 0xff, 0xff, 0x86, 0x00, 0x00, 0x00, 0x00,
    0x7a, 0xd0, 0xfe, 0xff, 0xff, 0xfc, 0x27, 0x00, 0x00, 0x00, 0x00,
    0xac, 0xff, 0xff, 0xff, 0xfd, 0x69, 0x00, 0x00, 0x00, 0x00, 0x00,
    0xab, 0xf4, 0xd5, 0x98, 0x2e, 0x00, 0x00, 0x00, 0x00, 0x00, 0x00,

    /* U+007E "~" */
    0x00, 0x02, 0x66, 0xd0, 0xfa, 0xf2, 0xb6, 0x3f, 0x00, 0x00, 0x00, 0x00, 0x00, 0x32, 0x64, 0x64, 0x26,
    0x00, 0x9a, 0xff, 0xff, 0xff, 0xff, 0xff, 0xff, 0x96, 0x07, 0x00, 0x00, 0x00, 0x94, 0xff, 0xff, 0x5a,
    0x40, 0xff, 0xff, 0xff, 0xfa, 0xf6, 0xff, 0xff, 0xff, 0xcd, 0x2d, 0x00, 0x2f, 0xee, 0xff, 0xff, 0x32,
    0x9b, 0xff, 0xff, 0xae, 0x0d, 0x05, 0x6f, 0xf8, 0xff, 0xff, 0xff, 0xee, 0xff, 0xff, 0xff, 0xd7, 0x02,
    0xc0, 0xff, 0xff, 0x2e, 0x00, 0x00, 0x00, 0x34, 0xde, 0xff, 0xff, 0xff, 0xff, 0xff, 0xf7, 0x3b, 0x00,
    0x54, 0x6c, 0x6c, 0x0a, 0x00, 0x00, 0x00, 0x00, 0x0b, 0x7d, 0xd7, 0xfd, 0xef, 0xae, 0x2f, 0x00, 0x00
};

/*---------------------
 *  GLYPH DESCRIPTION
 *--------------------*/

static const lv_font_fmt_txt_glyph_dsc_t glyph_dsc[] = {
    {.bitmap_index = 0, .adv_w = 0, .box_w = 0, .box_h = 0, .ofs_x = 0, .ofs_y = 0} /* id = 0 reserved */,
    {.bitmap_index = 0, .adv_w = 125, .box_w = 0, .box_h = 0, .ofs_x = 0, .ofs_y = 0},
    {.bitmap_index = 0, .adv_w = 126, .box_w = 6, .box_h = 23, .ofs_x = 1, .ofs_y = 0},
    {.bitmap_index = 138, .adv_w = 226, .box_w = 10, .box_h = 9, .ofs_x = 2, .ofs_y = 14},
    {.bitmap_index = 228, .adv_w = 315, .box_w = 20, .box_h = 23, .ofs_x = 0, .ofs_y = 0},
    {.bitmap_index = 688, .adv_w = 323, .box_w = 18, .box_h = 30, .ofs_x = 1, .ofs_y = -3},
    {.bitmap_index = 1228, .adv_w = 462, .box_w = 25, .box_h = 23, .ofs_x = 2, .ofs_y = 0},
    {.bitmap_index = 1803, .adv_w = 322, .box_w = 20, .box_h = 23, .ofs_x = 1, .ofs_y = 0},
    {.bitmap_index = 2263, .adv_w = 139, .box_w = 4, .box_h = 9, .ofs_x = 2, .ofs_y = 14},
    {.bitmap_index = 2299, .adv_w = 165, .box_w = 8, .box_h = 29, .ofs_x = 2, .ofs_y = -5},
    {.bitmap_index = 2531, .adv_w = 165, .box_w = 8, .box_h = 29, .ofs_x = 0, .ofs_y = -5},
    {.bitmap_index = 2763, .adv_w = 255, .box_w = 14, .box_h = 14, .ofs_x = 1, .ofs_y = 9},
    {.bitmap_index = 2959, .adv_w = 330, .box_w = 16, .box_h = 16, .ofs_x = 2, .ofs_y = 1},
    {.bitmap_index = 3215, .adv_w = 125, .box_w = 5, .box_h = 9, .ofs_x = 1, .ofs_y = -5},
    {.bitmap_index = 3260, .adv_w = 226, .box_w = 12, .box_h = 3, .ofs_x = 1, .ofs_y = 8},
    {.bitmap_index = 3296, .adv_w = 125, .box_w = 6, .box_h = 5, .ofs_x = 1, .ofs_y = 0},
    {.bitmap_index = 3326, .adv_w = 177, .box_w = 11, .box_h = 28, .ofs_x = 0, .ofs_y = -3},
    {.bitmap_index = 3634, .adv_w = 323, .box_w = 18, .box_h = 23, .ofs_x = 1, .ofs_y = 0},
    {.bitmap_index = 4048, .adv_w = 195, .box_w = 10, .box_h = 23, .ofs_x = 0, .ofs_y = 0},
    {.bitmap_index = 4278, .adv_w = 299, .box_w = 17, .box_h = 23, .ofs_x = 1, .ofs_y = 0},
    {.bitmap_index = 4669, .adv_w = 313, .box_w = 18, .box_h = 23, .ofs_x = 1, .ofs_y = 0},
    {.bitmap_index = 5083, .adv_w = 326, .box_w = 19, .box_h = 23, .ofs_x = 1, .ofs_y = 0},
    {.bitmap_index = 5520, .adv_w = 301, .box_w = 17, .box_h = 23, .ofs_x = 1, .ofs_y = 0},
    {.bitmap_index = 5911, .adv_w = 309, .box_w = 17, .box_h = 23, .ofs_x = 1, .ofs_y = 0},
    {.bitmap_index = 6302, .adv_w = 275, .box_w = 17, .box_h = 23, .ofs_x = 0, .ofs_y = 0},
    {.bitmap_index = 6693, .adv_w = 308, .box_w = 17, .box_h = 23, .ofs_x = 1, .ofs_y = 0},
    {.bitmap_index = 7084, .adv_w = 309, .box_w = 17, .box_h = 23, .ofs_x = 1, .ofs_y = 0},
    {.bitmap_index = 7475, .adv_w = 125, .box_w = 6, .box_h = 17, .ofs_x = 1, .ofs_y = 0},
    {.bitmap_index = 7577, .adv_w = 128, .box_w = 6, .box_h = 21, .ofs_x = 1, .ofs_y = -5},
    {.bitmap_index = 7703, .adv_w = 330, .box_w = 16, .box_h = 18, .ofs_x = 2, .ofs_y = 0},
    {.bitmap_index = 7991, .adv_w = 330, .box_w = 15, .box_h = 10, .ofs_x = 3, .ofs_y = 4},
    {.bitmap_index = 8141, .adv_w = 330, .box_w = 16, .box_h = 18, .ofs_x = 3, .ofs_y = 0},
    {.bitmap_index = 8429, .adv_w = 275, .box_w = 15, .box_h = 23, .ofs_x = 1, .ofs_y = 0},
    {.bitmap_index = 8774, .adv_w = 504, .box_w = 30, .box_h = 29, .ofs_x = 1, .ofs_y = -6},
    {.bitmap_index = 9644, .adv_w = 349, .box_w = 22, .box_h = 23, .ofs_x = 0, .ofs_y = 0},
    {.bitmap_index = 10150, .adv_w = 330, .box_w = 18, .box_h = 23, .ofs_x = 2, .ofs_y = 0},
    {.bitmap_index = 10564, .adv_w = 372, .box_w = 21, .box_h = 23, .ofs_x = 1, .ofs_y = 0},
    {.bitmap_index = 11047, .adv_w = 358, .box_w = 20, .box_h = 23, .ofs_x = 2, .ofs_y = 0},
    {.bitmap_index = 11507, .adv_w = 303, .box_w = 16, .box_h = 23, .ofs_x = 2, .ofs_y = 0},
    {.bitmap_index = 11875, .adv_w = 291, .box_w = 16, .box_h = 23, .ofs_x = 2, .ofs_y = 0},
    {.bitmap_index = 12243, .adv_w = 377, .box_w = 22, .box_h = 23, .ofs_x = 1, .ofs_y = 0},
    {.bitmap_index = 12749, .adv_w = 368, .box_w = 19, .box_h = 23, .ofs_x = 2, .ofs_y = 0},
    {.bitmap_index = 13186, .adv_w = 127, .box_w = 4, .box_h = 23, .ofs_x = 2, .ofs_y = 0},
    {.bitmap_index = 13278, .adv_w = 282, .box_w = 15, .box_h = 23, .ofs_x = 1, .ofs_y = 0},
    {.bitmap_index = 13623, .adv_w = 338, .box_w = 19, .box_h = 23, .ofs_x = 2, .ofs_y = 0},
    {.bitmap_index = 14060, .adv_w = 280, .box_w = 15, .box_h = 23, .ofs_x = 2, .ofs_y = 0},
    {.bitmap_index = 14405, .adv_w = 450, .box_w = 24, .box_h = 23, .ofs_x = 2, .ofs_y = 0},
    {.bitmap_index = 14957, .adv_w = 371, .box_w = 19, .box_h = 23, .ofs_x = 2, .ofs_y = 0},
    {.bitmap_index = 15394, .adv_w = 385, .box_w = 22, .box_h = 23, .ofs_x = 1, .ofs_y = 0},
    {.bitmap_index = 15900, .adv_w = 319, .box_w = 17, .box_h = 23, .ofs_x = 2, .ofs_y = 0},
    {.bitmap_index = 16291, .adv_w = 386, .box_w = 22, .box_h = 25, .ofs_x = 1, .ofs_y = -2},
    {.bitmap_index = 16841, .adv_w = 328, .box_w = 18, .box_h = 23, .ofs_x = 2, .ofs_y = 0},
    {.bitmap_index = 17255, .adv_w = 323, .box_w = 18, .box_h = 23, .ofs_x = 1, .ofs_y = 0},
    {.bitmap_index = 17669, .adv_w = 321, .box_w = 20, .box_h = 23, .ofs_x = 0, .ofs_y = 0},
    {.bitmap_index = 18129, .adv_w = 364, .box_w = 19, .box_h = 23, .ofs_x = 2, .ofs_y = 0},
    {.bitmap_index = 18566, .adv_w = 348, .box_w = 22, .box_h = 23, .ofs_x = 0, .ofs_y = 0},
    {.bitmap_index = 19072, .adv_w = 499, .box_w = 31, .box_h = 23, .ofs_x = 0, .ofs_y = 0},
    {.bitmap_index = 19785, .adv_w = 344, .box_w = 22, .box_h = 23, .ofs_x = 0, .ofs_y = 0},
    {.bitmap_index = 20291, .adv_w = 342, .box_w = 21, .box_h = 23, .ofs_x = 0, .ofs_y = 0},
    {.bitmap_index = 20774, .adv_w = 320, .box_w = 18, .box_h = 23, .ofs_x = 1, .ofs_y = 0},
    {.bitmap_index = 21188, .adv_w = 165, .box_w = 8, .box_h = 29, .ofs_x = 2, .ofs_y = -5},
    {.bitmap_index = 21420, .adv_w = 177, .box_w = 11, .box_h = 28, .ofs_x = 0, .ofs_y = -3},
    {.bitmap_index = 21728, .adv_w = 165, .box_w = 7, .box_h = 29, .ofs_x = 1, .ofs_y = -5},
    {.bitmap_index = 21931, .adv_w = 232, .box_w = 14, .box_h = 11, .ofs_x = 0, .ofs_y = 12},
    {.bitmap_index = 22085, .adv_w = 236, .box_w = 15, .box_h = 3, .ofs_x = 0, .ofs_y = -3},
    {.bitmap_index = 22130, .adv_w = 142, .box_w = 7, .box_h = 5, .ofs_x = 1, .ofs_y = 19},
    {.bitmap_index = 22165, .adv_w = 276, .box_w = 15, .box_h = 17, .ofs_x = 1, .ofs_y = 0},
    {.bitmap_index = 22420, .adv_w = 300, .box_w = 17, .box_h = 23, .ofs_x = 1, .ofs_y = 0},
    {.bitmap_index = 22811, .adv_w = 278, .box_w = 16, .box_h = 17, .ofs_x = 1, .ofs_y = 0},
    {.bitmap_index = 23083, .adv_w = 300, .box_w = 16, .box_h = 23, .ofs_x = 1, .ofs_y = 0},
    {.bitmap_index = 23451, .adv_w = 284, .box_w = 16, .box_h = 17, .ofs_x = 1, .ofs_y = 0},
    {.bitmap_index = 23723, .adv_w = 174, .box_w = 11, .box_h = 23, .ofs_x = 0, .ofs_y = 0},
    {.bitmap_index = 23976, .adv_w = 300, .box_w = 16, .box_h = 23, .ofs_x = 1, .ofs_y = -6},
    {.bitmap_index = 24344, .adv_w = 291, .box_w = 16, .box_h = 23, .ofs_x = 1, .ofs_y = 0},
    {.bitmap_index = 24712, .adv_w = 116, .box_w = 5, .box_h = 23, .ofs_x = 1, .ofs_y = 0},
    {.bitmap_index = 24827, .adv_w = 116, .box_w = 7, .box_h = 29, .ofs_x = -1, .ofs_y = -6},
    {.bitmap_index = 25030, .adv_w = 271, .box_w = 16, .box_h = 23, .ofs_x = 1, .ofs_y = 0},
    {.bitmap_index = 25398, .adv_w = 116, .box_w = 5, .box_h = 23, .ofs_x = 1, .ofs_y = 0},
    {.bitmap_index = 25513, .adv_w = 441, .box_w = 25, .box_h = 17, .ofs_x = 1, .ofs_y = 0},
    {.bitmap_index = 25938, .adv_w = 291, .box_w = 16, .box_h = 17, .ofs_x = 1, .ofs_y = 0},
    {.bitmap_index = 26210, .adv_w = 292, .box_w = 17, .box_h = 17, .ofs_x = 1, .ofs_y = 0},
    {.bitmap_index = 26499, .adv_w = 300, .box_w = 17, .box_h = 23, .ofs_x = 1, .ofs_y = -6},
    {.bitmap_index = 26890, .adv_w = 300, .box_w = 16, .box_h = 23, .ofs_x = 1, .ofs_y = -6},
    {.bitmap_index = 27258, .adv_w = 179, .box_w = 10, .box_h = 17, .ofs_x = 1, .ofs_y = 0},
    {.bitmap_index = 27428, .adv_w = 256, .box_w = 14, .box_h = 17, .ofs_x = 1, .ofs_y = 0},
    {.bitmap_index = 27666, .adv_w = 170, .box_w = 10, .box_h = 21, .ofs_x = 0, .ofs_y = 0},
    {.bitmap_index = 27876, .adv_w = 291, .box_w = 16, .box_h = 17, .ofs_x = 1, .ofs_y = 0},
    {.bitmap_index = 28148, .adv_w = 275, .box_w = 17, .box_h = 17, .ofs_x = 0, .ofs_y = 0},
    {.bitmap_index = 28437, .adv_w = 403, .box_w = 25, .box_h = 17, .ofs_x = 0, .ofs_y = 0},
    {.bitmap_index = 28862, .adv_w = 269, .box_w = 17, .box_h = 17, .ofs_x = 0, .ofs_y = 0},
    {.bitmap_index = 29151, .adv_w = 275, .box_w = 17, .box_h = 23, .ofs_x = 0, .ofs_y = -6},
    {.bitmap_index = 29542, .adv_w = 260, .box_w = 14, .box_h = 17, .ofs_x = 1, .ofs_y = 0},
    {.bitmap_index = 29780, .adv_w = 211, .box_w = 11, .box_h = 29, .ofs_x = 1, .ofs_y = -5},
    {.bitmap_index = 30099, .adv_w = 164, .box_w = 4, .box_h = 38, .ofs_x = 3, .ofs_y = -7},
    {.bitmap_index = 30251, .adv_w = 211, .box_w = 11, .box_h = 29, .ofs_x = 1, .ofs_y = -5},
    {.bitmap_index = 30570, .adv_w = 330, .box_w = 17, .box_h = 6, .ofs_x = 2, .ofs_y = 6}
};

/*---------------------
 *  CHARACTER MAPPING
 *--------------------*/



/*Collect the unicode lists and glyph_id offsets*/
static const lv_font_fmt_txt_cmap_t cmaps[] =
{
    {
        .range_start = 32, .range_length = 95, .glyph_id_start = 1,
        .unicode_list = NULL, .glyph_id_ofs_list = NULL, .list_length = 0, .type = LV_FONT_FMT_TXT_CMAP_FORMAT0_TINY
    }
};

/*-----------------
 *    KERNING
 *----------------*/

/*Map glyph_ids to kern left classes*/
static const uint8_t kern_left_class_mapping[] =
{
    0, 0, 0, 1, 0, 2, 0, 3,
    1, 4, 0, 5, 6, 7, 6, 7,
    8, 9, 10, 0, 11, 12, 13, 0,
    14, 11, 9, 15, 15, 0, 16, 17,
    18, 19, 20, 21, 22, 23, 0, 24,
    25, 26, 26, 27, 28, 29, 26, 26,
    23, 30, 23, 31, 32, 33, 27, 34,
    35, 36, 37, 38, 4, 39, 0, 5,
    40, 0, 41, 42, 42, 26, 42, 43,
    44, 41, 45, 45, 46, 26, 41, 41,
    42, 42, 44, 47, 48, 49, 50, 51,
    52, 53, 51, 54, 4, 10, 0, 55
};

/*Map glyph_ids to kern right classes*/
static const uint8_t kern_right_class_mapping[] =
{
    0, 0, 0, 1, 0, 2, 0, 3,
    1, 0, 4, 5, 6, 7, 8, 9,
    10, 11, 12, 0, 13, 14, 0, 11,
    15, 13, 0, 16, 16, 17, 18, 0,
    19, 20, 21, 22, 23, 22, 22, 22,
    23, 22, 22, 24, 22, 22, 22, 22,
    23, 22, 23, 22, 25, 26, 27, 28,
    29, 30, 31, 32, 0, 33, 4, 34,
    35, 0, 36, 22, 37, 37, 37, 38,
    37, 22, 39, 40, 22, 22, 41, 41,
    37, 41, 37, 41, 42, 43, 44, 45,
    46, 47, 45, 48, 0, 49, 4, 50
};

/*Kern values between classes*/
static const int8_t kern_class_values[] =
{
    0, 0, 0, 0, 0, 0, 0, 0,
    0, 0, 0, 0, 0, 0, 0, 0,
    0, 0, 0, 0, -40, 0, 0, -84,
    0, 0, 0, 0, 0, 0, 0, 0,
    0, 0, 0, 0, -19, 0, 0, 0,
    0, -13, 0, 0, 0, 0, 0, 0,
    0, 0, 0, 0, 0, 0, 0, 0,
    0, 0, 0, 0, 0, 0, 0, 0,
    0, 0, 0, 0, 0, 0, -2, 0,
    0, 0, 0, -7, 0, 0, 0, -8,
    0, 0, 0, 0, 0, 0, 0, 0,
    0, 0, 0, 0, 0, 0, 0, 0,
    0, 0, 0, 0, 0, 0, 0, 0,
    0, 0, 0, 0, 0, 0, 0, 0,
    0, 0, 0, 0, 0, 0, 0, 0,
    0, 0, 0, 0, 0, -29, 0, -32,
    -20, 0, -38, 0, 0, 0, 0, 0,
    0, 0, 0, 0, 0, 0, 0, 0,
    -17, -17, 0, 0, 0, 0, 0, 0,
    0, 0, 0, 0, 0, 0, 0, 0,
    0, 0, 0, 0, 0, 0, 0, 0,
    0, 0, 0, 1, 0, 0, 0, 0,
    0, 0, 0, 0, 0, 0, 0, 0,
    0, 0, -5, 0, 0, 12, 1, 0,
    0, 0, 0, 0, 0, 0, 0, 0,
    0, 0, 0, 0, 0, 0, 0, 0,
    0, 0, 0, 0, 0, 0, 0, 0,
    0, 0, 0, 0, -43, 0, -1, -49,
    0, 0, 0, 0, 0, 0, 0, 0,
    0, 0, 0, 0, 0, 0, 0, 0,
    0, 0, 0, 0, 0, 0, 0, 0,
    0, 0, 0, 0, 0, 0, 0, 0,
    0, 0, 0, 0, 0, 0, 0, 0,
    0, 0, 0, 0, 0, 0, -17, 0,
    0, -23, 0, -38, 0, -25, -24, -23,
    -38, 0, 0, 0, 0, 0, 0, 0,
    0, 0, 0, 0, 0, 0, -5, 0,
    -11, 0, 0, 0, 0, 0, 0, 0,
    0, 0, 0, 0, 0, 0, 0, 0,
    0, 0, 0, 0, 0, 0, 0, 0,
    0, 0, -22, 0, 0, -17, 0, 0,
    0, 0, -22, 0, 0, 0, 0, 0,
    0, 0, 0, 0, 0, 0, 0, 0,
    0, 0, 0, 0, 0, 0, 0, 0,
    0, 0, 0, 0, 0, 0, 0, 0,
    0, 0, 0, 0, 0, 0, 0, 0,
    0, 0, -18, 0, 0, -32, 0, 0,
    0, 1, 1, 0, 0, 0, 0, 0,
    0, 0, 0, 0, 0, 0, 0, 0,
    0, 0, 0, 0, 0, 0, 0, 0,
    0, 0, 0, 0, 0, 0, 0, 0,
    0, 0, 0, 0, 0, 0, 0, 0,
    0, 0, 0, 0, -11, 0, 0, 0,
    0, 0, 0, -13, 0, -19, -17, 0,
    0, 0, 0, 0, 0, 0, 0, 0,
    0, 0, 10, 0, 0, 0, 0, 0,
    0, 0, 0, 0, 0, 0, 0, 0,
    0, 0, 0, 0, 0, 0, 0, 0,
    0, 0, 0, 0, 0, 0, 0, 0,
    0, 0, 0, 0, 0, 0, 0, 0,
    0, 0, 0, 0, 0, 0, 0, 0,
    0, 0, 0, 0, 4, 0, 3, 0,
    0, 0, 0, 0, 0, 0, 0, 0,
    0, 0, 0, 0, 0, 0, 0, 0,
    0, 0, 0, 0, 0, 0, 0, 0,
    0, 0, 0, 0, 0, 0, 0, 0,
    0, -10, 0, 0, 0, 0, 0, 0,
    0, 0, 0, 0, 0, 0, 0, 0,
    0, 0, 0, 0, 0, 0, 0, 0,
    0, 0, 0, 0, 0, 0, 0, 0,
    0, 0, 0, 0, 0, 0, 0, 0,
    0, 0, -1, 0, 0, 0, 0, 0,
    0, 0, 0, 0, 0, 0, 0, 0,
    0, 0, 0, 0, 0, 0, 0, 0,
    -9, 0, 0, 0, 0, 0, 0, 0,
    0, 0, 0, 0, 0, 0, 0, 0,
    0, 0, 0, 0, 0, 0, 0, 0,
    0, 0, 0, 0, 0, 0, 0, 0,
    0, 0, 0, 0, 0, 0, 0, 0,
    0, 0, 0, 0, 0, 0, 0, 0,
    0, 0, -6, 0, 0, 0, 0, 0,
    0, 0, 0, 0, 0, 0, 0, 0,
    0, 0, 0, 0, 0, 0, 0, 0,
    0, 0, 0, 0, 0, 0, -55, 0,
    0, -49, 0, 0, 0, 0, 0, 0,
    0, 0, 0, 0, 0, -23, -26, 0,
    0, 0, -26, -29, 0, 0, 0, 0,
    0, 0, 0, 0, 0, 0, 0, 0,
    0, 0, 0, 0, 0, 0, 0, 0,
    0, 0, 0, 0, 0, 0, 0, 0,
    0, 0, 0, 0, 0, -17, 0, -32,
    0, 0, 0, 0, 0, 0, 0, 0,
    0, 0, 0, 0, 0, 0, 0, 0,
    0, 0, 0, 0, 0, 0, 0, 0,
    0, 0, 0, 0, 0, 0, 0, 0,
    0, 0, 0, 0, 0, 0, 0, 0,
    0, 0, -26, 0, 0, 0, 0, -23,
    0, -35, -32, -26, -49, 0, 0, 0,
    0, 0, 0, 0, 0, 0, 0, 0,
    0, 0, -20, 0, -17, 0, 0, 0,
    0, 0, 0, 0, 0, 0, 0, 0,
    0, 0, 0, 0, 0, 0, 0, 0,
    0, 0, 0, 0, -6, 0, 0, 0,
    0, -40, 0, -38, -38, -29, -46, -32,
    0, 0, 0, 0, 0, 0, 0, 0,
    0, 0, 0, 0, 0, 0, 0, 0,
    0, 0, 0, 0, 0, 0, 0, 0,
    0, 0, 0, 0, 0, 0, 0, 0,
    0, 0, 0, 0, 0, 0, -32, 0,
    0, 0, 0, 0, 0, 0, 0, 0,
    0, 0, 0, 0, 0, 0, 0, 0,
    0, 0, 0, 0, 0, 0, 0, 0,
    0, 0, 0, 0, 0, 0, 0, 0,
    0, 0, 0, 0, 0, 0, 0, 0,
    0, 0, 0, 0, 0, 0, 0, 0,
    -17, 0, 0, 0, 0, -20, 0, -19,
    -10, -28, -25, 0, 0, 0, 0, 0,
    0, 0, 0, 0, 0, 0, 0, 0,
    0, 0, 0, 0, 0, 0, -40, -2,
    0, 0, -43, -17, 0, -17, 0, 9,
    -11, -38, 0, 0, 0, 0, -6, -26,
    -32, -17, 6, 0, -17, 0, -2, -49,
    -18, -48, -34, 0, -51, 0, -48, -43,
    0, 0, -9, -3, 1, 0, 0, -2,
    -17, 0, -35, -35, 0, 0, 0, -17,
    0, 0, 0, 0, 0, 0, 0, 0,
    0, 0, 0, 0, 0, 0, 0, 0,
    0, 0, 0, 0, 0, 0, 0, 0,
    0, -20, 0, 0, 0, 0, 0, 0,
    0, 0, 0, 0, 0, 0, 0, 0,
    0, 0, 0, 0, 0, 0, 0, 0,
    0, 0, 0, 0, 0, 0, 0, 0,
    0, 0, 0, 0, 0, 0, 0, 0,
    0, 0, 0, 0, 0, 0, -10, 0,
    0, 0, 0, 0, 0, 0, 0, -4,
    0, 0, 0, 0, -20, 0, 0, 0,
    0, 0, 0, 0, 0, 0, 1, 0,
    0, 0, 0, 0, 0, 0, 0, 0,
    0, 0, -22, 0, -22, -20, 0, 0,
    0, 0, 0, 0, 0, 0, 0, 0,
    -17, 0, 0, 0, 0, -20, 0, -19,
    -10, -28, -25, 0, -19, 0, -20, 0,
    0, 0, 0, 0, 0, 0, 0, 0,
    0, 0, 0, 0, 0, 0, 0, 0,
    0, 0, 0, 0, -20, 0, -17, -7,
    0, 0, 0, 0, 0, 0, 0, 0,
    0, -3, -46, 0, -3, -35, 0, 0,
    0, 0, 0, 0, 0, 0, 0, 0,
    -17, -9, -8, 0, 0, 0, -8, 0,
    0, -17, -17, 0, 0, -17, 0, 0,
    0, 0, 0, 0, 0, 0, 0, 0,
    0, 0, 0, 0, 0, 0, 0, 0,
    0, 0, 0, 0, -13, 0, 0, 0,
    0, -15, 0, -11, 0, -4, -12, 0,
    -11, 0, 0, 0, 0, 0, 0, 0,
    0, 0, 0, 0, 0, 0, 0, 0,
    0, 0, 0, 0, 0, 1, 0, 0,
    0, 0, 0, 0, 0, 0, 0, 0,
    0, 0, 0, 0, 0, 0, 0, 0,
    0, 0, 0, 0, 0, 0, 0, 0,
    0, 0, 0, 0, 1, 0, 0, 0,
    0, 0, 0, 0, 4, 0, 3, 0,
    0, 0, 0, 0, 0, 0, 0, 0,
    0, 0, -17, 0, -17, -29, 0, 0,
    0, 0, 0, 0, 0, 0, 0, 0,
    -18, 0, 0, 0, 0, 0, 0, 0,
    0, 0, 0, 0, 0, 0, -26, 0,
    0, 0, 0, 0, 0, 0, 0, 0,
    0, 0, 0, 0, 0, 0, 0, -11,
    0, 0, 0, -50, 0, -50, 0, 0,
    0, 0, 0, 0, 0, 0, -35, -17,
    0, -21, 0, 0, -21, 0, -11, 0,
    0, 0, 0, 0, 0, 0, 0, 0,
    0, 0, -20, 0, 2, 0, 0, 0,
    0, -17, -20, -32, 0, 0, 0, -50,
    -46, 0, 0, 0, -20, -40, 0, -26,
    0, 0, 0, -23, 0, 0, 0, 0,
    0, 0, -25, -14, 0, 0, -14, 0,
    0, -49, 0, -36, -6, 0, -60, 0,
    -36, -67, 0, 0, 0, 0, 0, 0,
    0, 0, -11, 0, -35, 0, 0, 0,
    0, -20, 0, 0, -17, 0, 0, -19,
    -20, -19, -17, 0, 0, 0, 0, 0,
    0, 0, 0, 0, 0, 0, -39, 0,
    0, -49, 0, -3, 0, 0, 0, 0,
    0, 0, 0, 0, 0, -10, -12, 0,
    0, 0, -3, 0, 0, 0, 0, 0,
    0, 0, 0, -19, 0, 0, 0, 0,
    0, 0, 0, 0, 0, 0, 0, 0,
    0, 0, 0, 0, 0, 0, 0, 0,
    0, 0, 0, 0, 0, -8, 0, -9,
    0, 0, -13, 0, -9, 0, 0, -5,
    -10, 0, 0, 0, 0, 0, 0, 0,
    0, 0, 0, 0, 0, 0, 0, 0,
    0, 0, 0, 0, 0, 0, 0, 0,
    0, 0, 0, 0, -1, 0, 0, 0,
    0, 0, -2, 0, 0, 0, 0, -7,
    0, 0, 0, -8, 0, 0, 0, 0,
    0, 0, 0, 0, 0, 0, 0, 0,
    0, 0, 0, 0, 0, 0, 0, 0,
    0, -1, -17, 0, 0, -37, -17, -37,
    -17, -26, -17, 0, 0, -35, -40, -17,
    -40, -17, 0, -20, -49, 0, -20, -46,
    -1, 0, 0, 0, 0, 0, 2, 0,
    0, 0, -29, -52, -56, -5, 0, 0,
    -41, -50, -22, -47, -48, -47, -38, -42,
    0, -37, 0, 0, -26, 0, 0, -27,
    -49, -27, -49, -27, -13, 0, 0, -17,
    0, -32, -38, -32, 0, -17, -48, 0,
    -19, -49, 0, 0, 0, 11, 0, 0,
    0, 0, 11, 0, -40, -33, -35, 0,
    0, 0, -16, -23, 0, 0, 0, 0,
    0, 0, 0, -27, 0, -1, -26, 0,
    0, -24, -49, -24, -49, -5, 0, 0,
    0, -17, 0, -26, -38, -32, 0, -10,
    -34, 0, -10, -32, -1, 0, 0, 0,
    9, 0, 0, 0, 0, 0, 0, -27,
    -27, 0, 0, 0, -12, -17, 0, 0,
    0, 0, 0, 0, 0, -24, 0, -8,
    0, 0, 0, -23, 0, -23, 0, 0,
    -19, 0, -10, -20, 0, 0, -29, -26,
    0, -28, 0, 0, -28, 0, -8, -4,
    0, 0, 0, 0, 0, 0, 0, 0,
    0, -29, -14, 0, 0, 0, 0, 0,
    0, 0, 0, 0, 0, 0, 0, -17,
    0, 0, -32, 0, 0, -38, -22, -38,
    -22, 0, 0, 0, 0, -35, 0, -32,
    -52, -49, 0, -25, -51, 0, -25, -17,
    0, 2, 0, 0, 0, 0, 0, 0,
    0, 0, 0, -51, -52, 0, -13, 0,
    -33, -35, 0, -20, 0, 0, 0, 0,
    0, -38, 0, 0, 0, 0, 0, -20,
    0, -20, 0, 0, 0, 0, 0, 0,
    0, 0, -32, 0, 0, -17, 0, 0,
    -17, 0, 0, 0, 0, 0, 0, 0,
    0, 0, 0, 0, 0, 0, 0, 0,
    0, 0, 0, 0, 0, 0, 0, 0,
    0, 0, 0, -20, 0, 0, 0, 0,
    0, 0, 0, 0, 0, 0, 0, 0,
    0, 0, 0, 0, 0, 0, 0, 0,
    6, 0, -17, 0, -2, -20, -18, -27,
    -30, 0, -51, 0, 0, 0, 0, 0,
    -9, -3, 1, 0, 0, -2, -17, 0,
    -26, -35, 0, 0, 0, 0, 0, 0,
    0, 0, 0, 0, 0, 0, 0, 0,
    0, 0, 0, 0, 0, 0, 0, 0,
    0, 0, 0, 4, -20, 0, 0, -29,
    -20, -40, 0, 0, 0, 0, 0, 0,
    0, 0, 0, 0, 3, 49, 6, 0,
    0, 0, -40, 0, 0, 0, 0, 0,
    -19, 0, 0, 0, 0, 0, 0, 0,
    0, 0, 0, -20, 0, 0, 0, 0,
    0, 0, 0, 0, 0, 0, 0, 0,
    0, -47, 0, -26, -26, 0, -42, 0,
    -26, 0, 0, 0, 0, 0, 0, 0,
    0, 0, 0, 0, -11, 0, 0, 0,
    0, 0, -20, 0, 0, -6, 0, 0,
    0, 0, 0, 0, 0, -17, 0, 0,
    0, 0, 0, 0, 0, 0, -12, 0,
    0, 0, 0, -58, 0, -35, -27, -14,
    -52, 0, -35, 0, 0, 4, 0, 0,
    0, 0, 0, 0, 0, 0, -10, -8,
    -14, -9, 0, 0, 0, 0, 0, 0,
    0, -13, -29, -13, -29, -12, 0, 0,
    0, -32, 0, 0, 0, 0, 0, 0,
    -17, 0, 0, -32, 0, 0, 0, 0,
    0, 0, 4, 0, 0, 0, -7, -9,
    -7, -19, 0, 2, 0, -11, -19, 0,
    2, 13, 0, 0, 0, -13, 0, 0,
    0, 0, 0, 0, 0, 0, 0, 0,
    0, 0, 0, 0, 0, 0, 0, 0,
    0, 0, 0, 0, 0, 0, 0, -26,
    0, 0, 0, 0, 0, 0, 0, 0,
    0, 0, 0, 0, 0, 2, 0, 0,
    0, 0, 0, 0, 0, 0, 0, 0,
    0, 0, 0, 11, 0, 0, 0, 0,
    0, 0, 0, 0, 0, 0, 0, 0,
    0, 0, 0, 0, 0, 0, 0, 0,
    0, 0, 0, 0, 0, 0, 0, 0,
    0, 0, 0, 0, 0, 0, 0, 0,
    0, 0, 4, 0, 0, 0, 0, 0,
    0, 0, 0, 0, 0, 0, 0, -25,
    0, -25, 0, 0, 0, 0, 0, -23,
    0, 0, -43, 0, 0, 0, 0, 0,
    0, 0, 0, -29, 0, 0, 0, 0,
    0, 0, 0, 0, 0, 0, -11, 0,
    0, 0, 0, 0, 0, 0, 1, 0,
    0, 0, 0, -25, 0, 0, 0, 0,
    0, -18, -32, -18, -32, -17, 0, 0,
    0, 0, 0, 0, -18, 0, 0, 0,
    -20, -1, 0, -29, 0, -29, 0, 0,
    0, 0, 0, -17, 0, 0, 0, -5,
    -5, 9, 2, 3, 3, 0, 9, 0,
    6, 5, 3, 0, -1, -18, -11, 0,
    0, 0, 0, 0, 0, 0, 0, 0,
    0, 0, 0, 0, 0, 0, 0, 0,
    0, 0, 0, 0, 0, 0, 0, -38,
    0, -23, -17, 0, -38, 0, -23, 0,
    0, 0, 0, 0, 0, 0, 0, 0,
    4, 0, -5, 0, 0, 0, 0, 0,
    0, 0, 0, 0, 0, -9, 0, -9,
    0, 0, 0, 0, 0, -6, 0, 0,
    -14, 0, 0, 0, 0, 0, 0, 0,
    0, -17, 0, -4, -4, 0, -6, 0,
    -4, 0, 0, 6, -5, -11, 0, 4,
    0, -4, -15, 0, 13, 12, 0, 0,
    0, -9, 0, 0, 0, 0, 0, -20,
    0, -20, 0, -17, 0, 0, 0, 0,
    0, 0, -20, 0, 0, 0, 0, 0,
    0, 0, 0, -26, 0, 0, 0, 0,
    -29, 0, 0, 0, -17, 0, 0, 0,
    0, 0, 0, 0, 0, 0, 0, 0,
    0, 0, 0, -20, 0, 0, 0, 0,
    0, -10, -31, -10, -31, -29, 0, 0,
    0, 0, 0, 0, -17, -20, 0, 0,
    -35, 3, 0, -32, 0, -17, 0, 0,
    0, 0, -17, 0, 0, 0, -40, -7,
    -10, 9, 0, 0, 0, -4, 9, 0,
    0, 0, 0, 0, 3, -10, 0, 0,
    -17, 0, 0, 0, -38, 0, -38, 0,
    0, 0, 0, 0, 0, 0, 0, 0,
    0, 0, -35, 0, 0, -29, 0, -26,
    0, 0, 0, 0, 0, -17, 0, 0,
    0, -3, -8, 0, 0, 0, 0, 0,
    0, 0, 0, 0, 0, 0, 0, 0,
    0, 0, 0, 0, 0, -11, 0, -11,
    0, 0, 0, 0, 0, 0, 0, 0,
    0, -17, 0, 0, 0, 0, 0, 0,
    0, -27, 0, 0, 0, 0, 0, 0,
    0, 0, 0, -4, -14, 8, 0, 0,
    0, 0, 8, 0, 0, 0, 0, 0,
    0, -11, 0, 0, 0, 0, 0, 0,
    0, 0, 0, 0, 0, 0, 0, 0,
    0, 0, 0, 0, 0, 0, 0, 0,
    0, 0, 0, -17, 0, 0, 0, 0,
    0, 0, 0, 0, 0, 0, -9, 0,
    0, 0, 0, 0, 0, 0, 0, 0,
    0, 0, 0, 0, 0, 0, 0, 0,
    0, 0, 0, 0, 0, 0, 0, 0,
    0, 0, 0, 0, 0, 0, 0, 0,
    -17, 0, 0, -23, 0, -38, 0, -25,
    -24, -18, -38, 0, 0, 0, 0, 0,
    0, 0, 0, 0, 0, 0, 0, 0,
    -5, 0, -11, 0, 0, 0
};

/*Collect the kern class' data in one place*/
static const lv_font_fmt_txt_kern_classes_t kern_classes =
{
    .class_pair_values   = kern_class_values,
    .left_class_mapping  = kern_left_class_mapping,
    .right_class_mapping = kern_right_class_mapping,
    .left_class_cnt      = 55,
    .right_class_cnt     = 50,
};

/*--------------------
 *  ALL CUSTOM DATA
 *--------------------*/

#if LVGL_VERSION_MAJOR == 8
/*Store all the custom data of the font*/
static  lv_font_fmt_txt_glyph_cache_t cache;
#endif

#if LVGL_VERSION_MAJOR >= 8
static const lv_font_fmt_txt_dsc_t font_dsc = {
#else
static lv_font_fmt_txt_dsc_t font_dsc = {
#endif
    .glyph_bitmap = glyph_bitmap,
    .glyph_dsc = glyph_dsc,
    .cmaps = cmaps,
    .kern_dsc = &kern_classes,
    .kern_scale = 16,
    .cmap_num = 1,
    .bpp = 8,
    .kern_classes = 1,
    .bitmap_format = 0,
#if LVGL_VERSION_MAJOR == 8
    .cache = &cache
#endif
    .stride = 1
};



/*-----------------
 *  PUBLIC FONT
 *----------------*/

/*Initialize a public general font descriptor*/
#if LVGL_VERSION_MAJOR >= 8
const lv_font_t inter_medium_32 = {
#else
lv_font_t inter_medium_32 = {
#endif
    .get_glyph_dsc = lv_font_get_glyph_dsc_fmt_txt,    /*Function pointer to get glyph's data*/
    .get_glyph_bitmap = lv_font_get_bitmap_fmt_txt,    /*Function pointer to get glyph's bitmap*/
    .line_height = 38,          /*The maximum line height required by the font*/
    .base_line = 7,             /*Baseline measured from the bottom of the line*/
#if LV_VERSION_CHECK(9, 6, 0) || LVGL_VERSION_MAJOR >= 10
    .cap_height = 23,           /*Cap height of the font*/
    .x_height = 17,               /*x-height of the font*/
#endif
#if !(LVGL_VERSION_MAJOR == 6 && LVGL_VERSION_MINOR == 0)
    .subpx = LV_FONT_SUBPX_NONE,
#endif
#if LV_VERSION_CHECK(7, 4, 0) || LVGL_VERSION_MAJOR >= 8
    .underline_position = -3,
    .underline_thickness = 3,
#endif

#if LV_VERSION_CHECK(9, 3, 0)
    .static_bitmap = 1,    /*Bitmaps are stored as const so they are always static if not compressed */
#endif

    .dsc = &font_dsc,          /*The custom font data. Will be accessed by `get_glyph_bitmap/dsc` */
#if LV_VERSION_CHECK(8, 2, 0) || LVGL_VERSION_MAJOR >= 9
    .fallback = NULL,
#endif
    .user_data = NULL,
};



#endif /*#if INTER_MEDIUM_32*/
