/*******************************************************************************
 * Size: 20 px
 * Bpp: 8
 * Opts: --bpp 8 --size 20 --no-compress --stride 1 --align 1 --font Inter_28pt-Medium.ttf --range 32-127 --format lvgl -o inter_medium_20.c
 ******************************************************************************/

#ifdef __has_include
    #if __has_include("lvgl.h")
        #ifndef LV_LVGL_H_INCLUDE_SIMPLE
            #define LV_LVGL_H_INCLUDE_SIMPLE
        #endif
    #endif
#endif

#ifdef LV_LVGL_H_INCLUDE_SIMPLE
    #include "lvgl.h"
#else
    #include "lvgl/lvgl.h"
#endif

#if !LV_VERSION_CHECK(9, 3, 0)
#error "At least LVGL v9.3 is required to use the stride attribute of the fonts"
#endif

#ifndef INTER_MEDIUM_20
#define INTER_MEDIUM_20 1
#endif

#if INTER_MEDIUM_20

/*-----------------
 *    BITMAPS
 *----------------*/

/*Store the image of the glyphs*/
static LV_ATTRIBUTE_LARGE_CONST const uint8_t glyph_bitmap[] = {
    /* U+0020 " " */

    /* U+0021 "!" */
    0xae, 0xff, 0x92,
    0xaa, 0xff, 0x8e,
    0xa6, 0xff, 0x8b,
    0xa2, 0xff, 0x87,
    0x9e, 0xff, 0x83,
    0x9a, 0xff, 0x80,
    0x96, 0xff, 0x7c,
    0x91, 0xff, 0x78,
    0x8d, 0xff, 0x74,
    0x89, 0xff, 0x70,
    0x5e, 0xb4, 0x4d,
    0x00, 0x00, 0x00,
    0x67, 0xcf, 0x56,
    0xe8, 0xff, 0xd0,
    0x89, 0xf8, 0x73,

    /* U+0022 "\"" */
    0x47, 0xff, 0xb3, 0x00, 0xdf, 0xff, 0x1b,
    0x3c, 0xff, 0xa8, 0x00, 0xd5, 0xff, 0x0f,
    0x30, 0xff, 0x9f, 0x00, 0xcb, 0xff, 0x04,
    0x25, 0xff, 0x94, 0x00, 0xc0, 0xf9, 0x00,
    0x1b, 0xff, 0x89, 0x00, 0xb5, 0xee, 0x00,
    0x08, 0x6c, 0x37, 0x00, 0x4a, 0x61, 0x00,

    /* U+0023 "#" */
    0x00, 0x00, 0x00, 0x20, 0xff, 0x8c, 0x00, 0x00, 0x07, 0xfd, 0xac, 0x00, 0x00,
    0x00, 0x00, 0x00, 0x4a, 0xff, 0x64, 0x00, 0x00, 0x2e, 0xff, 0x82, 0x00, 0x00,
    0x00, 0x00, 0x00, 0x73, 0xff, 0x3a, 0x00, 0x00, 0x57, 0xff, 0x59, 0x00, 0x00,
    0x00, 0x00, 0x00, 0x9b, 0xff, 0x12, 0x00, 0x00, 0x80, 0xff, 0x30, 0x00, 0x00,
    0x00, 0xde, 0xff, 0xff, 0xff, 0xff, 0xff, 0xff, 0xff, 0xff, 0xff, 0xff, 0x20,
    0x05, 0xbe, 0xc0, 0xff, 0xec, 0xc0, 0xc0, 0xc0, 0xf8, 0xf4, 0xc0, 0xbc, 0x02,
    0x00, 0x00, 0x16, 0xff, 0x98, 0x00, 0x00, 0x03, 0xf8, 0xb5, 0x00, 0x00, 0x00,
    0x00, 0x00, 0x3e, 0xff, 0x70, 0x00, 0x00, 0x24, 0xff, 0x8c, 0x00, 0x00, 0x00,
    0x00, 0x00, 0x67, 0xff, 0x48, 0x00, 0x00, 0x4d, 0xff, 0x63, 0x00, 0x00, 0x00,
    0x81, 0xb8, 0xde, 0xff, 0xc6, 0xb8, 0xb8, 0xd6, 0xff, 0xcc, 0xb8, 0x3a, 0x00,
    0xda, 0xff, 0xff, 0xff, 0xff, 0xff, 0xff, 0xff, 0xff, 0xff, 0xff, 0x2d, 0x00,
    0x00, 0x00, 0xe2, 0xcd, 0x00, 0x00, 0x00, 0xc8, 0xe8, 0x00, 0x00, 0x00, 0x00,
    0x00, 0x0b, 0xff, 0xa6, 0x00, 0x00, 0x00, 0xf2, 0xbe, 0x00, 0x00, 0x00, 0x00,
    0x00, 0x33, 0xff, 0x7d, 0x00, 0x00, 0x1a, 0xff, 0x96, 0x00, 0x00, 0x00, 0x00,
    0x00, 0x5c, 0xff, 0x54, 0x00, 0x00, 0x43, 0xff, 0x6c, 0x00, 0x00, 0x00, 0x00,

    /* U+0024 "$" */
    0x00, 0x00, 0x00, 0x00, 0x00, 0x3a, 0x80, 0x0c, 0x00, 0x00, 0x00, 0x00,
    0x00, 0x00, 0x00, 0x00, 0x00, 0x74, 0xff, 0x18, 0x00, 0x00, 0x00, 0x00,
    0x00, 0x00, 0x00, 0x00, 0x00, 0x74, 0xff, 0x18, 0x00, 0x00, 0x00, 0x00,
    0x00, 0x00, 0x04, 0x68, 0xc6, 0xf6, 0xff, 0xe8, 0xa5, 0x2e, 0x00, 0x00,
    0x00, 0x08, 0xbf, 0xff, 0xff, 0xff, 0xff, 0xff, 0xff, 0xf9, 0x4d, 0x00,
    0x00, 0x7f, 0xff, 0xf3, 0x61, 0x80, 0xff, 0x42, 0xb3, 0xff, 0xef, 0x0e,
    0x00, 0xd0, 0xff, 0x72, 0x00, 0x74, 0xff, 0x18, 0x07, 0xe2, 0xff, 0x57,
    0x00, 0xdf, 0xff, 0x5b, 0x00, 0x74, 0xff, 0x18, 0x00, 0x57, 0x80, 0x39,
    0x00, 0xa6, 0xff, 0xdd, 0x37, 0x74, 0xff, 0x18, 0x00, 0x00, 0x00, 0x00,
    0x00, 0x1e, 0xe1, 0xff, 0xff, 0xf5, 0xff, 0x64, 0x11, 0x00, 0x00, 0x00,
    0x00, 0x00, 0x10, 0x85, 0xe5, 0xff, 0xff, 0xff, 0xf9, 0xa3, 0x1c, 0x00,
    0x00, 0x00, 0x00, 0x00, 0x01, 0x85, 0xff, 0xb9, 0xf9, 0xff, 0xe9, 0x20,
    0x00, 0x00, 0x00, 0x00, 0x00, 0x74, 0xff, 0x18, 0x1e, 0xd5, 0xff, 0x9e,
    0x23, 0xd0, 0xd0, 0x06, 0x00, 0x74, 0xff, 0x18, 0x00, 0x64, 0xff, 0xcf,
    0x0a, 0xf9, 0xff, 0x52, 0x00, 0x74, 0xff, 0x18, 0x00, 0x86, 0xff, 0xbe,
    0x00, 0xa2, 0xff, 0xee, 0x5c, 0x7f, 0xff, 0x2c, 0x75, 0xfb, 0xff, 0x68,
    0x00, 0x12, 0xcf, 0xff, 0xff, 0xff, 0xff, 0xff, 0xff, 0xff, 0xaa, 0x03,
    0x00, 0x00, 0x08, 0x6f, 0xc9, 0xf6, 0xff, 0xee, 0xba, 0x56, 0x01, 0x00,
    0x00, 0x00, 0x00, 0x00, 0x00, 0x74, 0xff, 0x18, 0x00, 0x00, 0x00, 0x00,
    0x00, 0x00, 0x00, 0x00, 0x00, 0x74, 0xff, 0x18, 0x00, 0x00, 0x00, 0x00,

    /* U+0025 "%" */
    0x00, 0x3f, 0xd0, 0xfc, 0xdc, 0x55, 0x00, 0x00, 0x00, 0x00, 0x00, 0x46, 0xff, 0x90, 0x00, 0x00,
    0x1e, 0xf5, 0xe1, 0x82, 0xd1, 0xfd, 0x35, 0x00, 0x00, 0x00, 0x0e, 0xe2, 0xdb, 0x0a, 0x00, 0x00,
    0x74, 0xff, 0x47, 0x00, 0x27, 0xff, 0x90, 0x00, 0x00, 0x00, 0x9b, 0xfe, 0x3d, 0x00, 0x00, 0x00,
    0x8a, 0xff, 0x26, 0x00, 0x06, 0xff, 0xa6, 0x00, 0x00, 0x46, 0xff, 0x90, 0x00, 0x00, 0x00, 0x00,
    0x73, 0xff, 0x47, 0x00, 0x27, 0xff, 0x8f, 0x00, 0x0e, 0xe2, 0xdb, 0x0a, 0x00, 0x00, 0x00, 0x00,
    0x1e, 0xf4, 0xe3, 0x87, 0xd6, 0xfc, 0x33, 0x00, 0x9b, 0xfe, 0x3d, 0x00, 0x00, 0x00, 0x00, 0x00,
    0x00, 0x3e, 0xd0, 0xfc, 0xda, 0x53, 0x00, 0x46, 0xff, 0x90, 0x00, 0x00, 0x00, 0x00, 0x00, 0x00,
    0x00, 0x00, 0x00, 0x00, 0x00, 0x00, 0x0e, 0xe2, 0xdb, 0x0a, 0x00, 0x07, 0x20, 0x07, 0x00, 0x00,
    0x00, 0x00, 0x00, 0x00, 0x00, 0x00, 0x9b, 0xfe, 0x3d, 0x00, 0x6c, 0xf4, 0xff, 0xf1, 0x62, 0x00,
    0x00, 0x00, 0x00, 0x00, 0x00, 0x46, 0xff, 0x90, 0x00, 0x3a, 0xff, 0xc0, 0x5d, 0xc7, 0xfd, 0x2d,
    0x00, 0x00, 0x00, 0x00, 0x0e, 0xe2, 0xdb, 0x0a, 0x00, 0x8c, 0xff, 0x26, 0x00, 0x35, 0xff, 0x7e,
    0x00, 0x00, 0x00, 0x00, 0x9b, 0xfe, 0x3d, 0x00, 0x00, 0x9f, 0xff, 0x0d, 0x00, 0x1d, 0xff, 0x8f,
    0x00, 0x00, 0x00, 0x46, 0xff, 0x90, 0x00, 0x00, 0x00, 0x87, 0xff, 0x33, 0x00, 0x43, 0xff, 0x77,
    0x00, 0x00, 0x0e, 0xe2, 0xdb, 0x0a, 0x00, 0x00, 0x00, 0x2b, 0xfb, 0xd9, 0x85, 0xde, 0xf7, 0x21,
    0x00, 0x00, 0x9b, 0xfe, 0x3d, 0x00, 0x00, 0x00, 0x00, 0x00, 0x4d, 0xd7, 0xfd, 0xd3, 0x44, 0x00,

    /* U+0026 "&" */
    0x00, 0x00, 0x02, 0x73, 0xdc, 0xfc, 0xe8, 0x8f, 0x0a, 0x00, 0x00, 0x00, 0x00,
    0x00, 0x00, 0x81, 0xff, 0xfe, 0xd7, 0xf7, 0xff, 0xaf, 0x00, 0x00, 0x00, 0x00,
    0x00, 0x03, 0xf2, 0xff, 0x46, 0x00, 0x1e, 0xf0, 0xff, 0x1b, 0x00, 0x00, 0x00,
    0x00, 0x16, 0xff, 0xeb, 0x00, 0x00, 0x00, 0xca, 0xff, 0x27, 0x00, 0x00, 0x00,
    0x00, 0x02, 0xee, 0xff, 0x28, 0x00, 0x45, 0xfe, 0xe2, 0x03, 0x00, 0x00, 0x00,
    0x00, 0x00, 0x81, 0xff, 0xc5, 0x79, 0xfa, 0xfb, 0x46, 0x00, 0x00, 0x00, 0x00,
    0x00, 0x00, 0x07, 0xce, 0xff, 0xff, 0xe8, 0x41, 0x00, 0x00, 0x00, 0x00, 0x00,
    0x00, 0x00, 0x41, 0xea, 0xff, 0xff, 0x74, 0x00, 0x00, 0x01, 0x04, 0x03, 0x00,
    0x00, 0x49, 0xfa, 0xfe, 0xa1, 0xfc, 0xfa, 0x3c, 0x00, 0x3f, 0xff, 0xaa, 0x00,
    0x0a, 0xec, 0xff, 0x60, 0x00, 0x6b, 0xff, 0xe9, 0x1e, 0x6d, 0xff, 0x8d, 0x00,
    0x3e, 0xff, 0xe2, 0x00, 0x00, 0x00, 0x95, 0xff, 0xcf, 0xcf, 0xff, 0x4e, 0x00,
    0x3a, 0xff, 0xed, 0x06, 0x00, 0x00, 0x04, 0xbc, 0xff, 0xff, 0xde, 0x05, 0x00,
    0x07, 0xec, 0xff, 0xa0, 0x0b, 0x00, 0x0b, 0x90, 0xff, 0xff, 0x9a, 0x00, 0x00,
    0x00, 0x50, 0xfb, 0xff, 0xf6, 0xd8, 0xf6, 0xff, 0xf7, 0xf1, 0xff, 0x53, 0x00,
    0x00, 0x00, 0x35, 0xb0, 0xed, 0xfe, 0xe4, 0x9e, 0x26, 0x43, 0xfb, 0xf4, 0x2e,

    /* U+0027 "'" */
    0x47, 0xff, 0xb3,
    0x3c, 0xff, 0xa8,
    0x30, 0xff, 0x9f,
    0x25, 0xff, 0x94,
    0x1b, 0xff, 0x89,
    0x08, 0x6c, 0x37,

    /* U+0028 "(" */
    0x00, 0x00, 0x3b, 0xb8, 0x84,
    0x00, 0x00, 0xbe, 0xff, 0x5e,
    0x00, 0x27, 0xff, 0xf4, 0x0a,
    0x00, 0x7a, 0xff, 0xab, 0x00,
    0x00, 0xc2, 0xff, 0x63, 0x00,
    0x05, 0xf8, 0xff, 0x25, 0x00,
    0x30, 0xff, 0xf1, 0x01, 0x00,
    0x55, 0xff, 0xc9, 0x00, 0x00,
    0x6e, 0xff, 0xaf, 0x00, 0x00,
    0x7c, 0xff, 0xa0, 0x00, 0x00,
    0x7c, 0xff, 0xa0, 0x00, 0x00,
    0x70, 0xff, 0xaf, 0x00, 0x00,
    0x55, 0xff, 0xcd, 0x00, 0x00,
    0x2a, 0xff, 0xf5, 0x04, 0x00,
    0x02, 0xef, 0xff, 0x35, 0x00,
    0x00, 0xa9, 0xff, 0x82, 0x00,
    0x00, 0x50, 0xff, 0xd8, 0x00,
    0x00, 0x04, 0xdf, 0xff, 0x3b,
    0x00, 0x00, 0x64, 0xff, 0xa6,

    /* U+0029 ")" */
    0x32, 0xb8, 0x92, 0x00, 0x00,
    0x04, 0xe3, 0xff, 0x37, 0x00,
    0x00, 0x88, 0xff, 0x9d, 0x00,
    0x00, 0x32, 0xff, 0xed, 0x03,
    0x00, 0x01, 0xea, 0xff, 0x38,
    0x00, 0x00, 0xaf, 0xff, 0x73,
    0x00, 0x00, 0x7b, 0xff, 0xa5,
    0x00, 0x00, 0x53, 0xff, 0xcc,
    0x00, 0x00, 0x37, 0xff, 0xe6,
    0x00, 0x00, 0x28, 0xff, 0xf4,
    0x00, 0x00, 0x29, 0xff, 0xf4,
    0x00, 0x00, 0x37, 0xff, 0xe8,
    0x00, 0x00, 0x58, 0xff, 0xcb,
    0x00, 0x00, 0x86, 0xff, 0xa2,
    0x00, 0x00, 0xc3, 0xff, 0x68,
    0x00, 0x12, 0xfc, 0xff, 0x20,
    0x00, 0x63, 0xff, 0xc7, 0x00,
    0x00, 0xc6, 0xff, 0x5b, 0x00,
    0x32, 0xff, 0xd8, 0x04, 0x00,

    /* U+002A "*" */
    0x00, 0x00, 0x00, 0xc7, 0xba, 0x00, 0x00, 0x00,
    0x32, 0x2a, 0x00, 0xbb, 0xaf, 0x00, 0x30, 0x2b,
    0xbe, 0xf9, 0x78, 0xb2, 0xa8, 0x80, 0xfb, 0xb1,
    0x19, 0x97, 0xfb, 0xff, 0xfe, 0xf9, 0x8f, 0x14,
    0x00, 0x25, 0xbf, 0xff, 0xff, 0xb7, 0x20, 0x00,
    0x8c, 0xfb, 0xdd, 0xd3, 0xce, 0xe2, 0xfa, 0x81,
    0x79, 0x93, 0x0b, 0xb6, 0xa9, 0x0e, 0x9b, 0x6d,
    0x00, 0x00, 0x00, 0xc1, 0xb5, 0x00, 0x00, 0x00,
    0x00, 0x00, 0x00, 0x58, 0x53, 0x00, 0x00, 0x00,

    /* U+002B "+" */
    0x00, 0x00, 0x00, 0x00, 0x80, 0xff, 0x64, 0x00, 0x00, 0x00, 0x00,
    0x00, 0x00, 0x00, 0x00, 0x80, 0xff, 0x64, 0x00, 0x00, 0x00, 0x00,
    0x00, 0x00, 0x00, 0x00, 0x80, 0xff, 0x64, 0x00, 0x00, 0x00, 0x00,
    0x00, 0x00, 0x00, 0x00, 0x80, 0xff, 0x64, 0x00, 0x00, 0x00, 0x00,
    0x5c, 0xff, 0xff, 0xff, 0xff, 0xff, 0xff, 0xff, 0xff, 0xff, 0x3c,
    0x4f, 0xdc, 0xdc, 0xdc, 0xee, 0xff, 0xee, 0xdc, 0xdc, 0xdc, 0x34,
    0x00, 0x00, 0x00, 0x00, 0x80, 0xff, 0x64, 0x00, 0x00, 0x00, 0x00,
    0x00, 0x00, 0x00, 0x00, 0x80, 0xff, 0x64, 0x00, 0x00, 0x00, 0x00,
    0x00, 0x00, 0x00, 0x00, 0x80, 0xff, 0x64, 0x00, 0x00, 0x00, 0x00,
    0x00, 0x00, 0x00, 0x00, 0x80, 0xff, 0x64, 0x00, 0x00, 0x00, 0x00,

    /* U+002C "," */
    0x00, 0x28, 0x4c, 0x2f,
    0x00, 0xa0, 0xff, 0x6e,
    0x00, 0xc8, 0xff, 0x28,
    0x00, 0xf0, 0xdf, 0x00,
    0x18, 0xff, 0x98, 0x00,
    0x40, 0xff, 0x50, 0x00,

    /* U+002D "-" */
    0xb6, 0xe0, 0xe0, 0xe0, 0xe0, 0xe0, 0x8c,
    0xd0, 0xff, 0xff, 0xff, 0xff, 0xff, 0xa0,

    /* U+002E "." */
    0x67, 0xcf, 0x54,
    0xe9, 0xff, 0xcd,
    0x88, 0xf6, 0x6f,

    /* U+002F "/" */
    0x00, 0x00, 0x00, 0x00, 0x45, 0xff, 0x9c,
    0x00, 0x00, 0x00, 0x00, 0x87, 0xff, 0x57,
    0x00, 0x00, 0x00, 0x00, 0xcb, 0xff, 0x16,
    0x00, 0x00, 0x00, 0x10, 0xfd, 0xd3, 0x00,
    0x00, 0x00, 0x00, 0x50, 0xff, 0x90, 0x00,
    0x00, 0x00, 0x00, 0x93, 0xff, 0x4d, 0x00,
    0x00, 0x00, 0x00, 0xd5, 0xfc, 0x0f, 0x00,
    0x00, 0x00, 0x18, 0xff, 0xc7, 0x00, 0x00,
    0x00, 0x00, 0x5c, 0xff, 0x85, 0x00, 0x00,
    0x00, 0x00, 0x9d, 0xff, 0x43, 0x00, 0x00,
    0x00, 0x00, 0xe0, 0xf8, 0x08, 0x00, 0x00,
    0x00, 0x23, 0xff, 0xbd, 0x00, 0x00, 0x00,
    0x00, 0x64, 0xff, 0x7b, 0x00, 0x00, 0x00,
    0x00, 0xa9, 0xff, 0x39, 0x00, 0x00, 0x00,
    0x01, 0xea, 0xf1, 0x04, 0x00, 0x00, 0x00,
    0x2d, 0xff, 0xb3, 0x00, 0x00, 0x00, 0x00,
    0x70, 0xff, 0x70, 0x00, 0x00, 0x00, 0x00,
    0xb3, 0xff, 0x2d, 0x00, 0x00, 0x00, 0x00,

    /* U+0030 "0" */
    0x00, 0x00, 0x00, 0x2c, 0xab, 0xed, 0xfb, 0xda, 0x7f, 0x09, 0x00, 0x00,
    0x00, 0x00, 0x43, 0xf6, 0xff, 0xfd, 0xf3, 0xff, 0xff, 0xc9, 0x0c, 0x00,
    0x00, 0x10, 0xea, 0xff, 0x9e, 0x12, 0x00, 0x37, 0xe0, 0xff, 0x96, 0x00,
    0x00, 0x78, 0xff, 0xca, 0x02, 0x00, 0x00, 0x00, 0x36, 0xff, 0xfa, 0x17,
    0x00, 0xca, 0xff, 0x5b, 0x00, 0x00, 0x00, 0x00, 0x00, 0xc4, 0xff, 0x62,
    0x04, 0xfa, 0xff, 0x1b, 0x00, 0x00, 0x00, 0x00, 0x00, 0x83, 0xff, 0x97,
    0x19, 0xff, 0xfa, 0x01, 0x00, 0x00, 0x00, 0x00, 0x00, 0x64, 0xff, 0xb0,
    0x22, 0xff, 0xf2, 0x00, 0x00, 0x00, 0x00, 0x00, 0x00, 0x5a, 0xff, 0xba,
    0x1a, 0xff, 0xfa, 0x01, 0x00, 0x00, 0x00, 0x00, 0x00, 0x63, 0xff, 0xb2,
    0x04, 0xfb, 0xff, 0x1b, 0x00, 0x00, 0x00, 0x00, 0x00, 0x83, 0xff, 0x97,
    0x00, 0xca, 0xff, 0x5b, 0x00, 0x00, 0x00, 0x00, 0x00, 0xc4, 0xff, 0x62,
    0x00, 0x78, 0xff, 0xca, 0x02, 0x00, 0x00, 0x00, 0x36, 0xff, 0xfb, 0x17,
    0x00, 0x10, 0xea, 0xff, 0x9e, 0x12, 0x00, 0x37, 0xe0, 0xff, 0x96, 0x00,
    0x00, 0x00, 0x43, 0xf7, 0xff, 0xfd, 0xf3, 0xff, 0xff, 0xca, 0x0c, 0x00,
    0x00, 0x00, 0x00, 0x2c, 0xac, 0xed, 0xfb, 0xdb, 0x7f, 0x0a, 0x00, 0x00,

    /* U+0031 "1" */
    0x00, 0x00, 0x0c, 0x9a, 0xff, 0xff, 0x3c,
    0x00, 0x3c, 0xde, 0xff, 0xff, 0xff, 0x3c,
    0x54, 0xfd, 0xff, 0x92, 0xe9, 0xff, 0x3c,
    0x74, 0xe3, 0x43, 0x00, 0xe4, 0xff, 0x3c,
    0x35, 0x10, 0x00, 0x00, 0xe4, 0xff, 0x3c,
    0x00, 0x00, 0x00, 0x00, 0xe4, 0xff, 0x3c,
    0x00, 0x00, 0x00, 0x00, 0xe4, 0xff, 0x3c,
    0x00, 0x00, 0x00, 0x00, 0xe4, 0xff, 0x3c,
    0x00, 0x00, 0x00, 0x00, 0xe4, 0xff, 0x3c,
    0x00, 0x00, 0x00, 0x00, 0xe4, 0xff, 0x3c,
    0x00, 0x00, 0x00, 0x00, 0xe4, 0xff, 0x3c,
    0x00, 0x00, 0x00, 0x00, 0xe4, 0xff, 0x3c,
    0x00, 0x00, 0x00, 0x00, 0xe4, 0xff, 0x3c,
    0x00, 0x00, 0x00, 0x00, 0xe4, 0xff, 0x3c,
    0x00, 0x00, 0x00, 0x00, 0xe4, 0xff, 0x3c,

    /* U+0032 "2" */
    0x00, 0x00, 0x07, 0x79, 0xd5, 0xfa, 0xf4, 0xc0, 0x51, 0x00, 0x00,
    0x00, 0x07, 0xc0, 0xff, 0xff, 0xf0, 0xf7, 0xff, 0xff, 0x81, 0x00,
    0x00, 0x79, 0xff, 0xe3, 0x38, 0x00, 0x04, 0x63, 0xfd, 0xff, 0x31,
    0x00, 0xda, 0xff, 0x4e, 0x00, 0x00, 0x00, 0x00, 0xa3, 0xff, 0x85,
    0x06, 0xff, 0xff, 0x0a, 0x00, 0x00, 0x00, 0x00, 0x74, 0xff, 0x9d,
    0x00, 0x00, 0x00, 0x00, 0x00, 0x00, 0x00, 0x00, 0x98, 0xff, 0x7f,
    0x00, 0x00, 0x00, 0x00, 0x00, 0x00, 0x00, 0x24, 0xf5, 0xfd, 0x27,
    0x00, 0x00, 0x00, 0x00, 0x00, 0x00, 0x1a, 0xdb, 0xff, 0x86, 0x00,
    0x00, 0x00, 0x00, 0x00, 0x00, 0x1d, 0xda, 0xff, 0xae, 0x03, 0x00,
    0x00, 0x00, 0x00, 0x00, 0x25, 0xe1, 0xff, 0xb1, 0x06, 0x00, 0x00,
    0x00, 0x00, 0x00, 0x30, 0xea, 0xff, 0xa4, 0x04, 0x00, 0x00, 0x00,
    0x00, 0x00, 0x3c, 0xf0, 0xff, 0x95, 0x02, 0x00, 0x00, 0x00, 0x00,
    0x00, 0x48, 0xf6, 0xff, 0x86, 0x00, 0x00, 0x00, 0x00, 0x00, 0x00,
    0x09, 0xfa, 0xff, 0xff, 0xf0, 0xf0, 0xf0, 0xf0, 0xf0, 0xf0, 0xb4,
    0x0c, 0xff, 0xff, 0xff, 0xff, 0xff, 0xff, 0xff, 0xff, 0xff, 0xc0,

    /* U+0033 "3" */
    0x00, 0x00, 0x02, 0x64, 0xca, 0xf5, 0xfa, 0xd7, 0x81, 0x0e, 0x00, 0x00,
    0x00, 0x02, 0xac, 0xff, 0xff, 0xeb, 0xe4, 0xff, 0xff, 0xd8, 0x12, 0x00,
    0x00, 0x5d, 0xff, 0xee, 0x43, 0x00, 0x00, 0x27, 0xd6, 0xff, 0x92, 0x00,
    0x00, 0xb1, 0xff, 0x75, 0x00, 0x00, 0x00, 0x00, 0x51, 0xff, 0xd6, 0x00,
    0x00, 0x34, 0x44, 0x16, 0x00, 0x00, 0x00, 0x00, 0x49, 0xff, 0xcd, 0x00,
    0x00, 0x00, 0x00, 0x00, 0x00, 0x00, 0x00, 0x28, 0xd2, 0xff, 0x64, 0x00,
    0x00, 0x00, 0x00, 0x00, 0x4a, 0xd8, 0xe6, 0xff, 0xe1, 0x65, 0x00, 0x00,
    0x00, 0x00, 0x00, 0x00, 0x58, 0xff, 0xff, 0xff, 0xec, 0x8e, 0x09, 0x00,
    0x00, 0x00, 0x00, 0x00, 0x00, 0x00, 0x0b, 0x48, 0xd4, 0xff, 0xb2, 0x00,
    0x00, 0x00, 0x00, 0x00, 0x00, 0x00, 0x00, 0x00, 0x17, 0xf7, 0xff, 0x2f,
    0x0b, 0xd8, 0xd8, 0x1b, 0x00, 0x00, 0x00, 0x00, 0x00, 0xd6, 0xff, 0x54,
    0x00, 0xe4, 0xff, 0x5f, 0x00, 0x00, 0x00, 0x00, 0x11, 0xf7, 0xff, 0x3a,
    0x00, 0x7d, 0xff, 0xec, 0x48, 0x01, 0x00, 0x24, 0xc0, 0xff, 0xda, 0x03,
    0x00, 0x06, 0xb7, 0xff, 0xff, 0xf2, 0xeb, 0xff, 0xff, 0xec, 0x30, 0x00,
    0x00, 0x00, 0x03, 0x67, 0xca, 0xf5, 0xfc, 0xdc, 0x90, 0x19, 0x00, 0x00,

    /* U+0034 "4" */
    0x00, 0x00, 0x00, 0x00, 0x00, 0x00, 0x15, 0xeb, 0xff, 0xff, 0x00, 0x00, 0x00,
    0x00, 0x00, 0x00, 0x00, 0x00, 0x00, 0xaa, 0xff, 0xff, 0xff, 0x00, 0x00, 0x00,
    0x00, 0x00, 0x00, 0x00, 0x00, 0x53, 0xff, 0xdf, 0xff, 0xff, 0x00, 0x00, 0x00,
    0x00, 0x00, 0x00, 0x00, 0x13, 0xe9, 0xfc, 0x44, 0xff, 0xff, 0x00, 0x00, 0x00,
    0x00, 0x00, 0x00, 0x00, 0xa6, 0xff, 0x89, 0x10, 0xff, 0xff, 0x00, 0x00, 0x00,
    0x00, 0x00, 0x00, 0x50, 0xff, 0xda, 0x08, 0x10, 0xff, 0xff, 0x00, 0x00, 0x00,
    0x00, 0x00, 0x10, 0xe8, 0xfe, 0x3e, 0x00, 0x10, 0xff, 0xff, 0x00, 0x00, 0x00,
    0x00, 0x00, 0xa0, 0xff, 0x95, 0x00, 0x00, 0x10, 0xff, 0xff, 0x00, 0x00, 0x00,
    0x00, 0x4b, 0xff, 0xe1, 0x0d, 0x00, 0x00, 0x10, 0xff, 0xff, 0x00, 0x00, 0x00,
    0x10, 0xe5, 0xff, 0x47, 0x00, 0x00, 0x00, 0x10, 0xff, 0xff, 0x00, 0x00, 0x00,
    0x57, 0xff, 0xff, 0xff, 0xff, 0xff, 0xff, 0xff, 0xff, 0xff, 0xff, 0xff, 0x14,
    0x51, 0xec, 0xec, 0xec, 0xec, 0xec, 0xec, 0xf1, 0xff, 0xff, 0xec, 0xec, 0x12,
    0x00, 0x00, 0x00, 0x00, 0x00, 0x00, 0x00, 0x14, 0xff, 0xff, 0x00, 0x00, 0x00,
    0x00, 0x00, 0x00, 0x00, 0x00, 0x00, 0x00, 0x14, 0xff, 0xff, 0x00, 0x00, 0x00,
    0x00, 0x00, 0x00, 0x00, 0x00, 0x00, 0x00, 0x14, 0xff, 0xff, 0x00, 0x00, 0x00,

    /* U+0035 "5" */
    0x00, 0x7a, 0xff, 0xff, 0xff, 0xff, 0xff, 0xff, 0xff, 0xff, 0x20,
    0x00, 0x8a, 0xff, 0xf6, 0xec, 0xec, 0xec, 0xec, 0xec, 0xec, 0x1e,
    0x00, 0x9a, 0xff, 0x70, 0x00, 0x00, 0x00, 0x00, 0x00, 0x00, 0x00,
    0x00, 0xad, 0xff, 0x5c, 0x00, 0x00, 0x00, 0x00, 0x00, 0x00, 0x00,
    0x00, 0xbe, 0xff, 0x48, 0x00, 0x00, 0x00, 0x00, 0x00, 0x00, 0x00,
    0x00, 0xce, 0xff, 0x4d, 0x9f, 0xec, 0xfc, 0xd6, 0x71, 0x03, 0x00,
    0x00, 0xdf, 0xff, 0xf2, 0xff, 0xe8, 0xf0, 0xff, 0xff, 0xa9, 0x01,
    0x00, 0xf2, 0xff, 0xbd, 0x23, 0x00, 0x02, 0x58, 0xf8, 0xff, 0x58,
    0x00, 0x63, 0x64, 0x11, 0x00, 0x00, 0x00, 0x00, 0x84, 0xff, 0xb8,
    0x00, 0x00, 0x00, 0x00, 0x00, 0x00, 0x00, 0x00, 0x3a, 0xff, 0xe1,
    0x13, 0x70, 0x6d, 0x00, 0x00, 0x00, 0x00, 0x00, 0x3c, 0xff, 0xdf,
    0x0e, 0xfc, 0xff, 0x36, 0x00, 0x00, 0x00, 0x00, 0x8a, 0xff, 0xb0,
    0x00, 0xa3, 0xff, 0xde, 0x38, 0x00, 0x04, 0x65, 0xfb, 0xff, 0x48,
    0x00, 0x12, 0xd3, 0xff, 0xff, 0xf0, 0xf7, 0xff, 0xff, 0x8b, 0x00,
    0x00, 0x00, 0x0b, 0x7e, 0xd6, 0xfa, 0xf4, 0xc2, 0x53, 0x00, 0x00,

    /* U+0036 "6" */
    0x00, 0x00, 0x00, 0x2a, 0xa9, 0xed, 0xfc, 0xe1, 0x92, 0x15, 0x00, 0x00,
    0x00, 0x00, 0x3d, 0xf5, 0xff, 0xfc, 0xec, 0xff, 0xff, 0xe3, 0x1d, 0x00,
    0x00, 0x0c, 0xe5, 0xff, 0x8a, 0x0e, 0x00, 0x20, 0xc9, 0xff, 0xab, 0x00,
    0x00, 0x6c, 0xff, 0xad, 0x00, 0x00, 0x00, 0x00, 0x27, 0xd8, 0xd0, 0x02,
    0x00, 0xbd, 0xff, 0x42, 0x00, 0x00, 0x00, 0x00, 0x00, 0x00, 0x00, 0x00,
    0x00, 0xf1, 0xff, 0x12, 0x80, 0xde, 0xfc, 0xe5, 0x93, 0x12, 0x00, 0x00,
    0x11, 0xff, 0xf6, 0xb9, 0xff, 0xf0, 0xe1, 0xff, 0xff, 0xdb, 0x15, 0x00,
    0x21, 0xff, 0xff, 0xfe, 0x6f, 0x04, 0x00, 0x31, 0xe1, 0xff, 0xa1, 0x00,
    0x20, 0xff, 0xff, 0x96, 0x00, 0x00, 0x00, 0x00, 0x3f, 0xff, 0xf9, 0x09,
    0x0f, 0xff, 0xff, 0x47, 0x00, 0x00, 0x00, 0x00, 0x01, 0xf2, 0xff, 0x2d,
    0x00, 0xe6, 0xff, 0x47, 0x00, 0x00, 0x00, 0x00, 0x02, 0xf5, 0xff, 0x29,
    0x00, 0x9e, 0xff, 0x9c, 0x00, 0x00, 0x00, 0x00, 0x4c, 0xff, 0xf5, 0x07,
    0x00, 0x2f, 0xfd, 0xff, 0x77, 0x07, 0x00, 0x42, 0xea, 0xff, 0x90, 0x00,
    0x00, 0x00, 0x71, 0xff, 0xff, 0xf5, 0xee, 0xff, 0xff, 0xc9, 0x0c, 0x00,
    0x00, 0x00, 0x00, 0x49, 0xbd, 0xf3, 0xfa, 0xd6, 0x7b, 0x08, 0x00, 0x00,

    /* U+0037 "7" */
    0x70, 0xff, 0xff, 0xff, 0xff, 0xff, 0xff, 0xff, 0xff, 0xff, 0x2c,
    0x6d, 0xf8, 0xf8, 0xf8, 0xf8, 0xf8, 0xf8, 0xf8, 0xff, 0xff, 0x2c,
    0x00, 0x00, 0x00, 0x00, 0x00, 0x00, 0x00, 0x50, 0xff, 0xe7, 0x09,
    0x00, 0x00, 0x00, 0x00, 0x00, 0x00, 0x00, 0xcc, 0xff, 0x71, 0x00,
    0x00, 0x00, 0x00, 0x00, 0x00, 0x00, 0x49, 0xff, 0xeb, 0x0b, 0x00,
    0x00, 0x00, 0x00, 0x00, 0x00, 0x00, 0xc7, 0xff, 0x78, 0x00, 0x00,
    0x00, 0x00, 0x00, 0x00, 0x00, 0x44, 0xff, 0xee, 0x0d, 0x00, 0x00,
    0x00, 0x00, 0x00, 0x00, 0x00, 0xc3, 0xff, 0x7e, 0x00, 0x00, 0x00,
    0x00, 0x00, 0x00, 0x00, 0x40, 0xff, 0xf0, 0x10, 0x00, 0x00, 0x00,
    0x00, 0x00, 0x00, 0x00, 0xbe, 0xff, 0x84, 0x00, 0x00, 0x00, 0x00,
    0x00, 0x00, 0x00, 0x3c, 0xff, 0xf4, 0x13, 0x00, 0x00, 0x00, 0x00,
    0x00, 0x00, 0x00, 0xb9, 0xff, 0x89, 0x00, 0x00, 0x00, 0x00, 0x00,
    0x00, 0x00, 0x37, 0xff, 0xf6, 0x16, 0x00, 0x00, 0x00, 0x00, 0x00,
    0x00, 0x00, 0xb4, 0xff, 0x90, 0x00, 0x00, 0x00, 0x00, 0x00, 0x00,
    0x00, 0x31, 0xff, 0xf8, 0x1a, 0x00, 0x00, 0x00, 0x00, 0x00, 0x00,

    /* U+0038 "8" */
    0x00, 0x00, 0x04, 0x6e, 0xce, 0xf9, 0xf9, 0xce, 0x6e, 0x04, 0x00, 0x00,
    0x00, 0x03, 0xb4, 0xff, 0xff, 0xe4, 0xe4, 0xff, 0xff, 0xb8, 0x03, 0x00,
    0x00, 0x5a, 0xff, 0xf3, 0x43, 0x00, 0x00, 0x40, 0xf3, 0xff, 0x5c, 0x00,
    0x00, 0x98, 0xff, 0x91, 0x00, 0x00, 0x00, 0x00, 0x91, 0xff, 0x99, 0x00,
    0x00, 0x8b, 0xff, 0x8f, 0x00, 0x00, 0x00, 0x00, 0x8f, 0xff, 0x8b, 0x00,
    0x00, 0x2d, 0xfa, 0xf1, 0x3b, 0x00, 0x00, 0x37, 0xf1, 0xfb, 0x2d, 0x00,
    0x00, 0x00, 0x48, 0xd7, 0xff, 0xd9, 0xd8, 0xff, 0xd9, 0x4d, 0x00, 0x00,
    0x00, 0x00, 0x62, 0xdd, 0xff, 0xff, 0xff, 0xff, 0xdf, 0x63, 0x00, 0x00,
    0x00, 0x67, 0xff, 0xee, 0x5b, 0x0c, 0x0c, 0x59, 0xee, 0xff, 0x6a, 0x00,
    0x02, 0xe9, 0xff, 0x55, 0x00, 0x00, 0x00, 0x00, 0x53, 0xff, 0xec, 0x03,
    0x1e, 0xff, 0xff, 0x0e, 0x00, 0x00, 0x00, 0x00, 0x0e, 0xff, 0xff, 0x21,
    0x11, 0xff, 0xff, 0x31, 0x00, 0x00, 0x00, 0x00, 0x31, 0xff, 0xff, 0x15,
    0x00, 0xbd, 0xff, 0xce, 0x23, 0x00, 0x00, 0x23, 0xcd, 0xff, 0xc1, 0x00,
    0x00, 0x21, 0xe2, 0xff, 0xff, 0xde, 0xde, 0xff, 0xff, 0xe4, 0x23, 0x00,
    0x00, 0x00, 0x11, 0x84, 0xd5, 0xfa, 0xfa, 0xd5, 0x85, 0x12, 0x00, 0x00,

    /* U+0039 "9" */
    0x00, 0x00, 0x07, 0x76, 0xd2, 0xfa, 0xf6, 0xc4, 0x53, 0x00, 0x00, 0x00,
    0x00, 0x0a, 0xc6, 0xff, 0xff, 0xee, 0xf5, 0xff, 0xff, 0x80, 0x00, 0x00,
    0x00, 0x89, 0xff, 0xee, 0x49, 0x01, 0x04, 0x6a, 0xfc, 0xff, 0x3a, 0x00,
    0x02, 0xee, 0xff, 0x54, 0x00, 0x00, 0x00, 0x00, 0x87, 0xff, 0xab, 0x00,
    0x1d, 0xff, 0xfb, 0x05, 0x00, 0x00, 0x00, 0x00, 0x34, 0xff, 0xf1, 0x02,
    0x1c, 0xff, 0xfd, 0x06, 0x00, 0x00, 0x00, 0x00, 0x3b, 0xff, 0xff, 0x1d,
    0x01, 0xeb, 0xff, 0x5d, 0x00, 0x00, 0x00, 0x00, 0x97, 0xff, 0xff, 0x30,
    0x00, 0x82, 0xff, 0xf2, 0x5c, 0x0a, 0x18, 0x85, 0xff, 0xff, 0xff, 0x30,
    0x00, 0x07, 0xba, 0xff, 0xff, 0xff, 0xff, 0xff, 0xad, 0xea, 0xff, 0x21,
    0x00, 0x00, 0x03, 0x67, 0xbe, 0xd8, 0xbe, 0x67, 0x0a, 0xfc, 0xfb, 0x06,
    0x00, 0x00, 0x00, 0x00, 0x00, 0x00, 0x00, 0x00, 0x3d, 0xff, 0xcb, 0x00,
    0x03, 0xdf, 0xe8, 0x2f, 0x00, 0x00, 0x00, 0x00, 0xad, 0xff, 0x77, 0x00,
    0x00, 0xa3, 0xff, 0xcf, 0x23, 0x00, 0x0c, 0x89, 0xff, 0xec, 0x11, 0x00,
    0x00, 0x18, 0xde, 0xff, 0xff, 0xed, 0xfb, 0xff, 0xf8, 0x46, 0x00, 0x00,
    0x00, 0x00, 0x13, 0x8e, 0xe0, 0xfc, 0xef, 0xae, 0x2f, 0x00, 0x00, 0x00,

    /* U+003A ":" */
    0x89, 0xf6, 0x70,
    0xe8, 0xff, 0xcd,
    0x67, 0xd0, 0x52,
    0x00, 0x00, 0x00,
    0x00, 0x00, 0x00,
    0x00, 0x00, 0x00,
    0x00, 0x00, 0x00,
    0x00, 0x00, 0x00,
    0x67, 0xcf, 0x54,
    0xe9, 0xff, 0xcd,
    0x88, 0xf6, 0x6f,

    /* U+003B ";" */
    0x00, 0x73, 0xf7, 0x87,
    0x00, 0xd0, 0xff, 0xe4,
    0x00, 0x55, 0xcf, 0x65,
    0x00, 0x00, 0x00, 0x00,
    0x00, 0x00, 0x00, 0x00,
    0x00, 0x00, 0x00, 0x00,
    0x00, 0x00, 0x00, 0x00,
    0x00, 0x00, 0x00, 0x00,
    0x00, 0x94, 0xff, 0x84,
    0x00, 0xbc, 0xff, 0x3c,
    0x00, 0xe4, 0xf0, 0x04,
    0x0d, 0xff, 0xac, 0x00,
    0x34, 0xff, 0x66, 0x00,
    0x17, 0x4c, 0x10, 0x00,

    /* U+003C "<" */
    0x00, 0x00, 0x00, 0x00, 0x00, 0x00, 0x00, 0x00, 0x00, 0x31,
    0x00, 0x00, 0x00, 0x00, 0x00, 0x00, 0x00, 0x38, 0xb8, 0xec,
    0x00, 0x00, 0x00, 0x00, 0x00, 0x38, 0xb8, 0xff, 0xff, 0xe1,
    0x00, 0x00, 0x00, 0x37, 0xb8, 0xff, 0xff, 0xe7, 0x78, 0x0e,
    0x00, 0x35, 0xb6, 0xff, 0xff, 0xde, 0x67, 0x08, 0x00, 0x00,
    0x6a, 0xff, 0xff, 0xd0, 0x5a, 0x04, 0x00, 0x00, 0x00, 0x00,
    0x7e, 0xff, 0xff, 0xa1, 0x28, 0x00, 0x00, 0x00, 0x00, 0x00,
    0x06, 0x68, 0xe2, 0xff, 0xfe, 0xad, 0x33, 0x00, 0x00, 0x00,
    0x00, 0x00, 0x06, 0x68, 0xe2, 0xff, 0xff, 0xbc, 0x44, 0x00,
    0x00, 0x00, 0x00, 0x00, 0x06, 0x68, 0xe2, 0xff, 0xff, 0xbe,
    0x00, 0x00, 0x00, 0x00, 0x00, 0x00, 0x06, 0x68, 0xe2, 0xec,
    0x00, 0x00, 0x00, 0x00, 0x00, 0x00, 0x00, 0x00, 0x07, 0x5d,

    /* U+003D "=" */
    0x1c, 0xff, 0xff, 0xff, 0xff, 0xff, 0xff, 0xff, 0xff, 0xf8,
    0x19, 0xe4, 0xe4, 0xe4, 0xe4, 0xe4, 0xe4, 0xe4, 0xe4, 0xdd,
    0x00, 0x00, 0x00, 0x00, 0x00, 0x00, 0x00, 0x00, 0x00, 0x00,
    0x00, 0x00, 0x00, 0x00, 0x00, 0x00, 0x00, 0x00, 0x00, 0x00,
    0x19, 0xe8, 0xe8, 0xe8, 0xe8, 0xe8, 0xe8, 0xe8, 0xe8, 0xe1,
    0x1c, 0xff, 0xff, 0xff, 0xff, 0xff, 0xff, 0xff, 0xff, 0xf8,

    /* U+003E ">" */
    0x07, 0x2a, 0x00, 0x00, 0x00, 0x00, 0x00, 0x00, 0x00, 0x00, 0x00,
    0x10, 0xfe, 0xa8, 0x2a, 0x00, 0x00, 0x00, 0x00, 0x00, 0x00, 0x00,
    0x0d, 0xf8, 0xff, 0xfd, 0xa6, 0x28, 0x00, 0x00, 0x00, 0x00, 0x00,
    0x00, 0x19, 0x88, 0xf1, 0xff, 0xfd, 0xa4, 0x27, 0x00, 0x00, 0x00,
    0x00, 0x00, 0x00, 0x0f, 0x78, 0xe7, 0xff, 0xfd, 0xa4, 0x27, 0x00,
    0x00, 0x00, 0x00, 0x00, 0x00, 0x09, 0x6a, 0xde, 0xff, 0xfd, 0x4c,
    0x00, 0x00, 0x00, 0x00, 0x00, 0x00, 0x35, 0xb6, 0xff, 0xff, 0x5e,
    0x00, 0x00, 0x00, 0x00, 0x44, 0xbc, 0xff, 0xff, 0xd6, 0x58, 0x02,
    0x00, 0x02, 0x55, 0xcd, 0xff, 0xff, 0xd6, 0x58, 0x02, 0x00, 0x00,
    0x0a, 0xda, 0xff, 0xff, 0xd6, 0x58, 0x02, 0x00, 0x00, 0x00, 0x00,
    0x10, 0xff, 0xd6, 0x58, 0x02, 0x00, 0x00, 0x00, 0x00, 0x00, 0x00,
    0x0a, 0x58, 0x02, 0x00, 0x00, 0x00, 0x00, 0x00, 0x00, 0x00, 0x00,

    /* U+003F "?" */
    0x00, 0x00, 0x33, 0xb0, 0xee, 0xfc, 0xe1, 0x92, 0x15, 0x00,
    0x00, 0x47, 0xfa, 0xff, 0xf7, 0xe5, 0xfe, 0xff, 0xe0, 0x17,
    0x05, 0xe4, 0xff, 0x92, 0x0a, 0x00, 0x21, 0xd1, 0xff, 0x92,
    0x3b, 0xff, 0xea, 0x04, 0x00, 0x00, 0x00, 0x55, 0xff, 0xcd,
    0x26, 0x78, 0x5f, 0x00, 0x00, 0x00, 0x00, 0x5c, 0xff, 0xc2,
    0x00, 0x00, 0x00, 0x00, 0x00, 0x00, 0x0e, 0xd4, 0xff, 0x74,
    0x00, 0x00, 0x00, 0x00, 0x00, 0x32, 0xd7, 0xff, 0xbf, 0x06,
    0x00, 0x00, 0x00, 0x00, 0x45, 0xf9, 0xff, 0x93, 0x08, 0x00,
    0x00, 0x00, 0x00, 0x00, 0xcd, 0xff, 0x78, 0x00, 0x00, 0x00,
    0x00, 0x00, 0x00, 0x00, 0xf5, 0xff, 0x12, 0x00, 0x00, 0x00,
    0x00, 0x00, 0x00, 0x00, 0x9f, 0xa4, 0x05, 0x00, 0x00, 0x00,
    0x00, 0x00, 0x00, 0x00, 0x00, 0x00, 0x00, 0x00, 0x00, 0x00,
    0x00, 0x00, 0x00, 0x0c, 0xb1, 0xba, 0x15, 0x00, 0x00, 0x00,
    0x00, 0x00, 0x00, 0x51, 0xff, 0xff, 0x64, 0x00, 0x00, 0x00,
    0x00, 0x00, 0x00, 0x16, 0xd9, 0xe2, 0x21, 0x00, 0x00, 0x00,

    /* U+0040 "@" */
    0x00, 0x00, 0x00, 0x00, 0x00, 0x09, 0x63, 0xb2, 0xe3, 0xfa, 0xfb, 0xe4, 0xb2, 0x5f, 0x06, 0x00, 0x00, 0x00, 0x00,
    0x00, 0x00, 0x00, 0x00, 0x52, 0xe6, 0xff, 0xff, 0xef, 0xd3, 0xd2, 0xed, 0xff, 0xff, 0xdf, 0x40, 0x00, 0x00, 0x00,
    0x00, 0x00, 0x00, 0x77, 0xff, 0xfc, 0x97, 0x2d, 0x01, 0x00, 0x00, 0x00, 0x2d, 0x9a, 0xfd, 0xfc, 0x55, 0x00, 0x00,
    0x00, 0x00, 0x53, 0xff, 0xee, 0x3a, 0x00, 0x00, 0x00, 0x00, 0x00, 0x00, 0x00, 0x00, 0x48, 0xf7, 0xf8, 0x2c, 0x00,
    0x00, 0x0c, 0xe9, 0xfe, 0x40, 0x00, 0x00, 0x24, 0x93, 0xbc, 0xa2, 0x2f, 0x9f, 0xab, 0x00, 0x60, 0xff, 0xbd, 0x00,
    0x00, 0x6b, 0xff, 0xa5, 0x00, 0x00, 0x40, 0xf4, 0xff, 0xff, 0xff, 0xf7, 0xef, 0xe4, 0x00, 0x01, 0xce, 0xff, 0x2e,
    0x00, 0xc0, 0xff, 0x3e, 0x00, 0x0b, 0xe5, 0xfb, 0x5f, 0x08, 0x23, 0xc5, 0xff, 0xe4, 0x00, 0x00, 0x6e, 0xff, 0x7e,
    0x02, 0xf7, 0xf8, 0x05, 0x00, 0x5c, 0xff, 0x92, 0x00, 0x00, 0x00, 0x27, 0xff, 0xe4, 0x00, 0x00, 0x32, 0xff, 0xaf,
    0x18, 0xff, 0xd9, 0x00, 0x00, 0x97, 0xff, 0x47, 0x00, 0x00, 0x00, 0x00, 0xe5, 0xe4, 0x00, 0x00, 0x13, 0xff, 0xcb,
    0x22, 0xff, 0xce, 0x00, 0x00, 0xa9, 0xff, 0x32, 0x00, 0x00, 0x00, 0x00, 0xd3, 0xe4, 0x00, 0x00, 0x0a, 0xff, 0xd1,
    0x18, 0xff, 0xd9, 0x00, 0x00, 0x9c, 0xff, 0x40, 0x00, 0x00, 0x00, 0x00, 0xde, 0xe4, 0x00, 0x00, 0x17, 0xff, 0xc1,
    0x02, 0xf7, 0xf7, 0x05, 0x00, 0x6e, 0xff, 0x78, 0x00, 0x00, 0x00, 0x16, 0xfe, 0xe4, 0x00, 0x00, 0x42, 0xff, 0x9b,
    0x00, 0xc2, 0xff, 0x3c, 0x00, 0x1a, 0xf9, 0xe8, 0x21, 0x00, 0x02, 0x9b, 0xff, 0xf9, 0x0f, 0x01, 0xad, 0xff, 0x52,
    0x00, 0x6e, 0xff, 0xa2, 0x00, 0x00, 0x77, 0xff, 0xf5, 0xbf, 0xdc, 0xfd, 0xba, 0xff, 0xdd, 0xd4, 0xff, 0xcb, 0x03,
    0x00, 0x0e, 0xeb, 0xfe, 0x3f, 0x00, 0x00, 0x68, 0xdb, 0xfc, 0xdc, 0x55, 0x10, 0xab, 0xf7, 0xf2, 0xa7, 0x16, 0x00,
    0x00, 0x00, 0x58, 0xff, 0xee, 0x3a, 0x00, 0x00, 0x00, 0x00, 0x00, 0x00, 0x00, 0x00, 0x00, 0x00, 0x00, 0x00, 0x00,
    0x00, 0x00, 0x00, 0x7b, 0xff, 0xfc, 0x9a, 0x32, 0x02, 0x00, 0x00, 0x00, 0x10, 0x4d, 0x1c, 0x00, 0x00, 0x00, 0x00,
    0x00, 0x00, 0x00, 0x00, 0x52, 0xe6, 0xff, 0xff, 0xf2, 0xd7, 0xd4, 0xe7, 0xff, 0xff, 0x84, 0x00, 0x00, 0x00, 0x00,
    0x00, 0x00, 0x00, 0x00, 0x00, 0x09, 0x60, 0xb0, 0xe2, 0xf9, 0xfc, 0xe8, 0xbf, 0x7d, 0x26, 0x00, 0x00, 0x00, 0x00,

    /* U+0041 "A" */
    0x00, 0x00, 0x00, 0x00, 0x00, 0xad, 0xff, 0xff, 0x52, 0x00, 0x00, 0x00, 0x00, 0x00,
    0x00, 0x00, 0x00, 0x00, 0x0f, 0xf8, 0xff, 0xff, 0xaa, 0x00, 0x00, 0x00, 0x00, 0x00,
    0x00, 0x00, 0x00, 0x00, 0x61, 0xff, 0xb5, 0xfa, 0xf7, 0x0d, 0x00, 0x00, 0x00, 0x00,
    0x00, 0x00, 0x00, 0x00, 0xbb, 0xff, 0x5d, 0xbc, 0xff, 0x5e, 0x00, 0x00, 0x00, 0x00,
    0x00, 0x00, 0x00, 0x18, 0xfd, 0xfd, 0x14, 0x6e, 0xff, 0xb7, 0x00, 0x00, 0x00, 0x00,
    0x00, 0x00, 0x00, 0x6e, 0xff, 0xc2, 0x00, 0x1f, 0xff, 0xfc, 0x16, 0x00, 0x00, 0x00,
    0x00, 0x00, 0x00, 0xc9, 0xff, 0x6f, 0x00, 0x00, 0xcd, 0xff, 0x6a, 0x00, 0x00, 0x00,
    0x00, 0x00, 0x23, 0xff, 0xfe, 0x1b, 0x00, 0x00, 0x78, 0xff, 0xc4, 0x00, 0x00, 0x00,
    0x00, 0x00, 0x7c, 0xff, 0xc3, 0x00, 0x00, 0x00, 0x23, 0xff, 0xff, 0x1f, 0x00, 0x00,
    0x00, 0x00, 0xd6, 0xff, 0xf7, 0xe8, 0xe8, 0xe8, 0xe8, 0xff, 0xff, 0x77, 0x00, 0x00,
    0x00, 0x30, 0xff, 0xff, 0xff, 0xff, 0xff, 0xff, 0xff, 0xff, 0xff, 0xd2, 0x00, 0x00,
    0x00, 0x89, 0xff, 0xbf, 0x00, 0x00, 0x00, 0x00, 0x00, 0x25, 0xff, 0xff, 0x2a, 0x00,
    0x01, 0xe2, 0xff, 0x68, 0x00, 0x00, 0x00, 0x00, 0x00, 0x00, 0xd0, 0xff, 0x84, 0x00,
    0x3e, 0xff, 0xfc, 0x16, 0x00, 0x00, 0x00, 0x00, 0x00, 0x00, 0x7c, 0xff, 0xdd, 0x01,
    0x97, 0xff, 0xbc, 0x00, 0x00, 0x00, 0x00, 0x00, 0x00, 0x00, 0x27, 0xff, 0xff, 0x37,

    /* U+0042 "B" */
    0x9c, 0xff, 0xff, 0xff, 0xff, 0xff, 0xf6, 0xcf, 0x75, 0x06, 0x00, 0x00,
    0x9c, 0xff, 0xf6, 0xe8, 0xe8, 0xe8, 0xf8, 0xff, 0xff, 0xbb, 0x02, 0x00,
    0x9c, 0xff, 0x90, 0x00, 0x00, 0x00, 0x04, 0x63, 0xfe, 0xff, 0x4e, 0x00,
    0x9c, 0xff, 0x90, 0x00, 0x00, 0x00, 0x00, 0x00, 0xba, 0xff, 0x81, 0x00,
    0x9c, 0xff, 0x90, 0x00, 0x00, 0x00, 0x00, 0x00, 0xb6, 0xff, 0x74, 0x00,
    0x9c, 0xff, 0x90, 0x00, 0x00, 0x00, 0x01, 0x55, 0xfc, 0xf0, 0x1c, 0x00,
    0x9c, 0xff, 0xed, 0xd4, 0xd4, 0xd4, 0xe8, 0xff, 0xbf, 0x2f, 0x00, 0x00,
    0x9c, 0xff, 0xff, 0xff, 0xff, 0xff, 0xff, 0xff, 0xf3, 0x89, 0x04, 0x00,
    0x9c, 0xff, 0x90, 0x00, 0x00, 0x00, 0x0e, 0x58, 0xee, 0xff, 0x89, 0x00,
    0x9c, 0xff, 0x90, 0x00, 0x00, 0x00, 0x00, 0x00, 0x5c, 0xff, 0xf3, 0x04,
    0x9c, 0xff, 0x90, 0x00, 0x00, 0x00, 0x00, 0x00, 0x21, 0xff, 0xff, 0x18,
    0x9c, 0xff, 0x90, 0x00, 0x00, 0x00, 0x00, 0x00, 0x44, 0xff, 0xfe, 0x0a,
    0x9c, 0xff, 0x90, 0x00, 0x00, 0x00, 0x01, 0x36, 0xd8, 0xff, 0xbe, 0x00,
    0x9c, 0xff, 0xf6, 0xe8, 0xe8, 0xe8, 0xf5, 0xff, 0xff, 0xed, 0x2b, 0x00,
    0x9c, 0xff, 0xff, 0xff, 0xff, 0xff, 0xfa, 0xdc, 0x96, 0x1e, 0x00, 0x00,

    /* U+0043 "C" */
    0x00, 0x00, 0x00, 0x00, 0x48, 0xaf, 0xe8, 0xfc, 0xf0, 0xbc, 0x5a, 0x01, 0x00, 0x00,
    0x00, 0x00, 0x06, 0xa3, 0xff, 0xff, 0xff, 0xff, 0xff, 0xff, 0xff, 0xb7, 0x0a, 0x00,
    0x00, 0x00, 0x9d, 0xff, 0xfd, 0x93, 0x34, 0x14, 0x28, 0x7a, 0xf6, 0xff, 0xa8, 0x00,
    0x00, 0x3e, 0xff, 0xff, 0x59, 0x00, 0x00, 0x00, 0x00, 0x00, 0x45, 0xfe, 0xff, 0x39,
    0x00, 0xab, 0xff, 0xb0, 0x00, 0x00, 0x00, 0x00, 0x00, 0x00, 0x00, 0xb4, 0xff, 0x92,
    0x00, 0xf0, 0xff, 0x50, 0x00, 0x00, 0x00, 0x00, 0x00, 0x00, 0x00, 0x0b, 0x14, 0x0e,
    0x15, 0xff, 0xff, 0x1e, 0x00, 0x00, 0x00, 0x00, 0x00, 0x00, 0x00, 0x00, 0x00, 0x00,
    0x22, 0xff, 0xff, 0x0e, 0x00, 0x00, 0x00, 0x00, 0x00, 0x00, 0x00, 0x00, 0x00, 0x00,
    0x15, 0xff, 0xff, 0x1d, 0x00, 0x00, 0x00, 0x00, 0x00, 0x00, 0x00, 0x00, 0x00, 0x00,
    0x00, 0xf0, 0xff, 0x4d, 0x00, 0x00, 0x00, 0x00, 0x00, 0x00, 0x00, 0x08, 0x10, 0x0b,
    0x00, 0xaa, 0xff, 0xb0, 0x00, 0x00, 0x00, 0x00, 0x00, 0x00, 0x00, 0xb1, 0xff, 0x92,
    0x00, 0x3c, 0xff, 0xff, 0x59, 0x00, 0x00, 0x00, 0x00, 0x00, 0x42, 0xfe, 0xff, 0x3c,
    0x00, 0x00, 0x9b, 0xff, 0xfd, 0x93, 0x34, 0x14, 0x28, 0x7d, 0xf6, 0xff, 0xac, 0x00,
    0x00, 0x00, 0x05, 0xa2, 0xff, 0xff, 0xff, 0xff, 0xff, 0xff, 0xff, 0xb8, 0x0b, 0x00,
    0x00, 0x00, 0x00, 0x00, 0x47, 0xaf, 0xe8, 0xfc, 0xf0, 0xbc, 0x59, 0x01, 0x00, 0x00,

    /* U+0044 "D" */
    0x9c, 0xff, 0xff, 0xff, 0xff, 0xfd, 0xe7, 0xb1, 0x4f, 0x01, 0x00, 0x00, 0x00,
    0x9c, 0xff, 0xfe, 0xf8, 0xf8, 0xfd, 0xff, 0xff, 0xff, 0xb1, 0x0a, 0x00, 0x00,
    0x9c, 0xff, 0x94, 0x00, 0x00, 0x01, 0x20, 0x7a, 0xf6, 0xff, 0xaf, 0x00, 0x00,
    0x9c, 0xff, 0x94, 0x00, 0x00, 0x00, 0x00, 0x00, 0x3d, 0xfb, 0xff, 0x4b, 0x00,
    0x9c, 0xff, 0x94, 0x00, 0x00, 0x00, 0x00, 0x00, 0x00, 0x9c, 0xff, 0xb3, 0x00,
    0x9c, 0xff, 0x94, 0x00, 0x00, 0x00, 0x00, 0x00, 0x00, 0x45, 0xff, 0xf3, 0x01,
    0x9c, 0xff, 0x94, 0x00, 0x00, 0x00, 0x00, 0x00, 0x00, 0x1a, 0xff, 0xff, 0x15,
    0x9c, 0xff, 0x94, 0x00, 0x00, 0x00, 0x00, 0x00, 0x00, 0x0e, 0xff, 0xff, 0x22,
    0x9c, 0xff, 0x94, 0x00, 0x00, 0x00, 0x00, 0x00, 0x00, 0x1d, 0xff, 0xff, 0x15,
    0x9c, 0xff, 0x94, 0x00, 0x00, 0x00, 0x00, 0x00, 0x00, 0x47, 0xff, 0xf2, 0x01,
    0x9c, 0xff, 0x94, 0x00, 0x00, 0x00, 0x00, 0x00, 0x00, 0x9f, 0xff, 0xb0, 0x00,
    0x9c, 0xff, 0x94, 0x00, 0x00, 0x00, 0x00, 0x00, 0x42, 0xfc, 0xff, 0x48, 0x00,
    0x9c, 0xff, 0x94, 0x00, 0x00, 0x02, 0x25, 0x81, 0xf8, 0xff, 0xab, 0x00, 0x00,
    0x9c, 0xff, 0xfe, 0xf8, 0xf8, 0xfd, 0xff, 0xff, 0xff, 0xab, 0x09, 0x00, 0x00,
    0x9c, 0xff, 0xff, 0xff, 0xff, 0xfa, 0xe3, 0xaa, 0x48, 0x00, 0x00, 0x00, 0x00,

    /* U+0045 "E" */
    0x9c, 0xff, 0xff, 0xff, 0xff, 0xff, 0xff, 0xff, 0xff, 0xff, 0x08,
    0x9c, 0xff, 0xfd, 0xf8, 0xf8, 0xf8, 0xf8, 0xf8, 0xf8, 0xf8, 0x08,
    0x9c, 0xff, 0x94, 0x00, 0x00, 0x00, 0x00, 0x00, 0x00, 0x00, 0x00,
    0x9c, 0xff, 0x94, 0x00, 0x00, 0x00, 0x00, 0x00, 0x00, 0x00, 0x00,
    0x9c, 0xff, 0x94, 0x00, 0x00, 0x00, 0x00, 0x00, 0x00, 0x00, 0x00,
    0x9c, 0xff, 0x94, 0x00, 0x00, 0x00, 0x00, 0x00, 0x00, 0x00, 0x00,
    0x9c, 0xff, 0xf9, 0xf0, 0xf0, 0xf0, 0xf0, 0xf0, 0xf0, 0x74, 0x00,
    0x9c, 0xff, 0xff, 0xff, 0xff, 0xff, 0xff, 0xff, 0xff, 0x7c, 0x00,
    0x9c, 0xff, 0x94, 0x00, 0x00, 0x00, 0x00, 0x00, 0x00, 0x00, 0x00,
    0x9c, 0xff, 0x94, 0x00, 0x00, 0x00, 0x00, 0x00, 0x00, 0x00, 0x00,
    0x9c, 0xff, 0x94, 0x00, 0x00, 0x00, 0x00, 0x00, 0x00, 0x00, 0x00,
    0x9c, 0xff, 0x94, 0x00, 0x00, 0x00, 0x00, 0x00, 0x00, 0x00, 0x00,
    0x9c, 0xff, 0x94, 0x00, 0x00, 0x00, 0x00, 0x00, 0x00, 0x00, 0x00,
    0x9c, 0xff, 0xfd, 0xf8, 0xf8, 0xf8, 0xf8, 0xf8, 0xf8, 0xf8, 0x10,
    0x9c, 0xff, 0xff, 0xff, 0xff, 0xff, 0xff, 0xff, 0xff, 0xff, 0x10,

    /* U+0046 "F" */
    0x9c, 0xff, 0xff, 0xff, 0xff, 0xff, 0xff, 0xff, 0xff, 0xc4,
    0x9c, 0xff, 0xfd, 0xf8, 0xf8, 0xf8, 0xf8, 0xf8, 0xf8, 0xbe,
    0x9c, 0xff, 0x94, 0x00, 0x00, 0x00, 0x00, 0x00, 0x00, 0x00,
    0x9c, 0xff, 0x94, 0x00, 0x00, 0x00, 0x00, 0x00, 0x00, 0x00,
    0x9c, 0xff, 0x94, 0x00, 0x00, 0x00, 0x00, 0x00, 0x00, 0x00,
    0x9c, 0xff, 0x94, 0x00, 0x00, 0x00, 0x00, 0x00, 0x00, 0x00,
    0x9c, 0xff, 0x94, 0x00, 0x00, 0x00, 0x00, 0x00, 0x00, 0x00,
    0x9c, 0xff, 0xff, 0xff, 0xff, 0xff, 0xff, 0xff, 0xff, 0x34,
    0x9c, 0xff, 0xfb, 0xf4, 0xf4, 0xf4, 0xf4, 0xf4, 0xf4, 0x32,
    0x9c, 0xff, 0x94, 0x00, 0x00, 0x00, 0x00, 0x00, 0x00, 0x00,
    0x9c, 0xff, 0x94, 0x00, 0x00, 0x00, 0x00, 0x00, 0x00, 0x00,
    0x9c, 0xff, 0x94, 0x00, 0x00, 0x00, 0x00, 0x00, 0x00, 0x00,
    0x9c, 0xff, 0x94, 0x00, 0x00, 0x00, 0x00, 0x00, 0x00, 0x00,
    0x9c, 0xff, 0x94, 0x00, 0x00, 0x00, 0x00, 0x00, 0x00, 0x00,
    0x9c, 0xff, 0x94, 0x00, 0x00, 0x00, 0x00, 0x00, 0x00, 0x00,

    /* U+0047 "G" */
    0x00, 0x00, 0x00, 0x00, 0x46, 0xaf, 0xe8, 0xfc, 0xee, 0xb9, 0x56, 0x01, 0x00, 0x00,
    0x00, 0x00, 0x05, 0x9e, 0xff, 0xff, 0xff, 0xff, 0xff, 0xff, 0xff, 0xb8, 0x0b, 0x00,
    0x00, 0x00, 0x98, 0xff, 0xfe, 0x94, 0x32, 0x14, 0x29, 0x7f, 0xf7, 0xff, 0xb1, 0x00,
    0x00, 0x3a, 0xff, 0xff, 0x5d, 0x00, 0x00, 0x00, 0x00, 0x00, 0x41, 0xfd, 0xff, 0x45,
    0x00, 0xa9, 0xff, 0xb3, 0x00, 0x00, 0x00, 0x00, 0x00, 0x00, 0x00, 0x9c, 0xe0, 0x85,
    0x00, 0xef, 0xff, 0x51, 0x00, 0x00, 0x00, 0x00, 0x00, 0x00, 0x00, 0x00, 0x00, 0x00,
    0x15, 0xff, 0xff, 0x1e, 0x00, 0x00, 0x00, 0x00, 0x00, 0x00, 0x00, 0x00, 0x00, 0x00,
    0x22, 0xff, 0xff, 0x0e, 0x00, 0x00, 0x00, 0x00, 0xd2, 0xdc, 0xdc, 0xdc, 0xdc, 0xac,
    0x15, 0xff, 0xff, 0x1d, 0x00, 0x00, 0x00, 0x00, 0xf4, 0xff, 0xff, 0xff, 0xff, 0xc8,
    0x00, 0xef, 0xff, 0x4f, 0x00, 0x00, 0x00, 0x00, 0x00, 0x00, 0x00, 0x6c, 0xff, 0xbd,
    0x00, 0xa9, 0xff, 0xb2, 0x00, 0x00, 0x00, 0x00, 0x00, 0x00, 0x00, 0xaa, 0xff, 0x92,
    0x00, 0x3a, 0xff, 0xff, 0x5c, 0x00, 0x00, 0x00, 0x00, 0x00, 0x42, 0xfd, 0xff, 0x3a,
    0x00, 0x00, 0x96, 0xff, 0xfe, 0x95, 0x33, 0x14, 0x28, 0x7f, 0xf7, 0xff, 0xa4, 0x00,
    0x00, 0x00, 0x04, 0x9d, 0xff, 0xff, 0xff, 0xff, 0xff, 0xff, 0xff, 0xb2, 0x09, 0x00,
    0x00, 0x00, 0x00, 0x00, 0x46, 0xaf, 0xe8, 0xfc, 0xee, 0xb9, 0x54, 0x01, 0x00, 0x00,

    /* U+0048 "H" */
    0x9c, 0xff, 0x94, 0x00, 0x00, 0x00, 0x00, 0x00, 0x00, 0x34, 0xff, 0xfc,
    0x9c, 0xff, 0x94, 0x00, 0x00, 0x00, 0x00, 0x00, 0x00, 0x34, 0xff, 0xfc,
    0x9c, 0xff, 0x94, 0x00, 0x00, 0x00, 0x00, 0x00, 0x00, 0x34, 0xff, 0xfc,
    0x9c, 0xff, 0x94, 0x00, 0x00, 0x00, 0x00, 0x00, 0x00, 0x34, 0xff, 0xfc,
    0x9c, 0xff, 0x94, 0x00, 0x00, 0x00, 0x00, 0x00, 0x00, 0x34, 0xff, 0xfc,
    0x9c, 0xff, 0x94, 0x00, 0x00, 0x00, 0x00, 0x00, 0x00, 0x34, 0xff, 0xfc,
    0x9c, 0xff, 0xfb, 0xf4, 0xf4, 0xf4, 0xf4, 0xf4, 0xf4, 0xf6, 0xff, 0xfc,
    0x9c, 0xff, 0xff, 0xff, 0xff, 0xff, 0xff, 0xff, 0xff, 0xff, 0xff, 0xfc,
    0x9c, 0xff, 0x94, 0x00, 0x00, 0x00, 0x00, 0x00, 0x00, 0x34, 0xff, 0xfc,
    0x9c, 0xff, 0x94, 0x00, 0x00, 0x00, 0x00, 0x00, 0x00, 0x34, 0xff, 0xfc,
    0x9c, 0xff, 0x94, 0x00, 0x00, 0x00, 0x00, 0x00, 0x00, 0x34, 0xff, 0xfc,
    0x9c, 0xff, 0x94, 0x00, 0x00, 0x00, 0x00, 0x00, 0x00, 0x34, 0xff, 0xfc,
    0x9c, 0xff, 0x94, 0x00, 0x00, 0x00, 0x00, 0x00, 0x00, 0x34, 0xff, 0xfc,
    0x9c, 0xff, 0x94, 0x00, 0x00, 0x00, 0x00, 0x00, 0x00, 0x34, 0xff, 0xfc,
    0x9c, 0xff, 0x94, 0x00, 0x00, 0x00, 0x00, 0x00, 0x00, 0x34, 0xff, 0xfc,

    /* U+0049 "I" */
    0x9c, 0xff, 0x94,
    0x9c, 0xff, 0x94,
    0x9c, 0xff, 0x94,
    0x9c, 0xff, 0x94,
    0x9c, 0xff, 0x94,
    0x9c, 0xff, 0x94,
    0x9c, 0xff, 0x94,
    0x9c, 0xff, 0x94,
    0x9c, 0xff, 0x94,
    0x9c, 0xff, 0x94,
    0x9c, 0xff, 0x94,
    0x9c, 0xff, 0x94,
    0x9c, 0xff, 0x94,
    0x9c, 0xff, 0x94,
    0x9c, 0xff, 0x94,

    /* U+004A "J" */
    0x00, 0x00, 0x00, 0x00, 0x00, 0x00, 0x00, 0x84, 0xff, 0xac,
    0x00, 0x00, 0x00, 0x00, 0x00, 0x00, 0x00, 0x84, 0xff, 0xac,
    0x00, 0x00, 0x00, 0x00, 0x00, 0x00, 0x00, 0x84, 0xff, 0xac,
    0x00, 0x00, 0x00, 0x00, 0x00, 0x00, 0x00, 0x84, 0xff, 0xac,
    0x00, 0x00, 0x00, 0x00, 0x00, 0x00, 0x00, 0x84, 0xff, 0xac,
    0x00, 0x00, 0x00, 0x00, 0x00, 0x00, 0x00, 0x84, 0xff, 0xac,
    0x00, 0x00, 0x00, 0x00, 0x00, 0x00, 0x00, 0x84, 0xff, 0xac,
    0x00, 0x00, 0x00, 0x00, 0x00, 0x00, 0x00, 0x84, 0xff, 0xac,
    0x00, 0x00, 0x00, 0x00, 0x00, 0x00, 0x00, 0x84, 0xff, 0xac,
    0x1b, 0x60, 0x53, 0x00, 0x00, 0x00, 0x00, 0x84, 0xff, 0xac,
    0x47, 0xff, 0xdf, 0x00, 0x00, 0x00, 0x00, 0x87, 0xff, 0xab,
    0x31, 0xff, 0xf8, 0x0b, 0x00, 0x00, 0x00, 0xab, 0xff, 0x96,
    0x04, 0xe6, 0xff, 0xa2, 0x11, 0x03, 0x5b, 0xfc, 0xff, 0x51,
    0x00, 0x53, 0xfd, 0xff, 0xff, 0xfa, 0xff, 0xff, 0xb4, 0x01,
    0x00, 0x00, 0x41, 0xbb, 0xf3, 0xfc, 0xd8, 0x79, 0x06, 0x00,

    /* U+004B "K" */
    0x9c, 0xff, 0x94, 0x00, 0x00, 0x00, 0x00, 0x00, 0x59, 0xff, 0xff, 0x6c,
    0x9c, 0xff, 0x94, 0x00, 0x00, 0x00, 0x00, 0x3f, 0xf9, 0xff, 0x88, 0x00,
    0x9c, 0xff, 0x94, 0x00, 0x00, 0x00, 0x2a, 0xef, 0xff, 0xa6, 0x01, 0x00,
    0x9c, 0xff, 0x94, 0x00, 0x00, 0x1a, 0xe0, 0xff, 0xbd, 0x06, 0x00, 0x00,
    0x9c, 0xff, 0x94, 0x00, 0x0c, 0xcf, 0xff, 0xd3, 0x10, 0x00, 0x00, 0x00,
    0x9c, 0xff, 0x94, 0x03, 0xb4, 0xff, 0xe4, 0x1c, 0x00, 0x00, 0x00, 0x00,
    0x9c, 0xff, 0x92, 0x91, 0xff, 0xff, 0x53, 0x00, 0x00, 0x00, 0x00, 0x00,
    0x9c, 0xff, 0xe1, 0xff, 0xff, 0xff, 0xc8, 0x03, 0x00, 0x00, 0x00, 0x00,
    0x9c, 0xff, 0xff, 0xf7, 0x57, 0xf0, 0xff, 0x7b, 0x00, 0x00, 0x00, 0x00,
    0x9c, 0xff, 0xfe, 0x52, 0x00, 0x5b, 0xff, 0xfa, 0x2e, 0x00, 0x00, 0x00,
    0x9c, 0xff, 0xa4, 0x00, 0x00, 0x00, 0xaf, 0xff, 0xd0, 0x06, 0x00, 0x00,
    0x9c, 0xff, 0x94, 0x00, 0x00, 0x00, 0x17, 0xec, 0xff, 0x85, 0x00, 0x00,
    0x9c, 0xff, 0x94, 0x00, 0x00, 0x00, 0x00, 0x56, 0xff, 0xfc, 0x37, 0x00,
    0x9c, 0xff, 0x94, 0x00, 0x00, 0x00, 0x00, 0x00, 0xa8, 0xff, 0xd8, 0x0a,
    0x9c, 0xff, 0x94, 0x00, 0x00, 0x00, 0x00, 0x00, 0x13, 0xe8, 0xff, 0x92,

    /* U+004C "L" */
    0x9c, 0xff, 0x94, 0x00, 0x00, 0x00, 0x00, 0x00, 0x00, 0x00,
    0x9c, 0xff, 0x94, 0x00, 0x00, 0x00, 0x00, 0x00, 0x00, 0x00,
    0x9c, 0xff, 0x94, 0x00, 0x00, 0x00, 0x00, 0x00, 0x00, 0x00,
    0x9c, 0xff, 0x94, 0x00, 0x00, 0x00, 0x00, 0x00, 0x00, 0x00,
    0x9c, 0xff, 0x94, 0x00, 0x00, 0x00, 0x00, 0x00, 0x00, 0x00,
    0x9c, 0xff, 0x94, 0x00, 0x00, 0x00, 0x00, 0x00, 0x00, 0x00,
    0x9c, 0xff, 0x94, 0x00, 0x00, 0x00, 0x00, 0x00, 0x00, 0x00,
    0x9c, 0xff, 0x94, 0x00, 0x00, 0x00, 0x00, 0x00, 0x00, 0x00,
    0x9c, 0xff, 0x94, 0x00, 0x00, 0x00, 0x00, 0x00, 0x00, 0x00,
    0x9c, 0xff, 0x94, 0x00, 0x00, 0x00, 0x00, 0x00, 0x00, 0x00,
    0x9c, 0xff, 0x94, 0x00, 0x00, 0x00, 0x00, 0x00, 0x00, 0x00,
    0x9c, 0xff, 0x94, 0x00, 0x00, 0x00, 0x00, 0x00, 0x00, 0x00,
    0x9c, 0xff, 0x94, 0x00, 0x00, 0x00, 0x00, 0x00, 0x00, 0x00,
    0x9c, 0xff, 0xfd, 0xf8, 0xf8, 0xf8, 0xf8, 0xf8, 0xf8, 0x61,
    0x9c, 0xff, 0xff, 0xff, 0xff, 0xff, 0xff, 0xff, 0xff, 0x64,

    /* U+004D "M" */
    0x9c, 0xff, 0xff, 0xb0, 0x00, 0x00, 0x00, 0x00, 0x00, 0x00, 0x00, 0x1d, 0xfe, 0xff, 0xff, 0x30,
    0x9c, 0xff, 0xff, 0xfa, 0x13, 0x00, 0x00, 0x00, 0x00, 0x00, 0x00, 0x78, 0xff, 0xff, 0xff, 0x30,
    0x9c, 0xff, 0xff, 0xff, 0x6c, 0x00, 0x00, 0x00, 0x00, 0x00, 0x00, 0xd5, 0xff, 0xfc, 0xff, 0x30,
    0x9c, 0xff, 0xcd, 0xff, 0xcc, 0x00, 0x00, 0x00, 0x00, 0x00, 0x33, 0xff, 0xda, 0xe6, 0xff, 0x30,
    0x9c, 0xff, 0x8a, 0xf5, 0xff, 0x29, 0x00, 0x00, 0x00, 0x00, 0x90, 0xff, 0x8a, 0xed, 0xff, 0x30,
    0x9c, 0xff, 0x85, 0xa8, 0xff, 0x88, 0x00, 0x00, 0x00, 0x04, 0xe9, 0xff, 0x38, 0xf1, 0xff, 0x30,
    0x9c, 0xff, 0x88, 0x4f, 0xff, 0xe5, 0x03, 0x00, 0x00, 0x4a, 0xff, 0xde, 0x01, 0xf4, 0xff, 0x30,
    0x9c, 0xff, 0x88, 0x05, 0xeb, 0xff, 0x45, 0x00, 0x00, 0xa8, 0xff, 0x80, 0x00, 0xf4, 0xff, 0x30,
    0x9c, 0xff, 0x88, 0x00, 0x90, 0xff, 0xa4, 0x00, 0x0e, 0xf6, 0xff, 0x22, 0x00, 0xf4, 0xff, 0x30,
    0x9c, 0xff, 0x88, 0x00, 0x30, 0xff, 0xf5, 0x0a, 0x5e, 0xff, 0xc1, 0x00, 0x00, 0xf4, 0xff, 0x30,
    0x9c, 0xff, 0x88, 0x00, 0x00, 0xd0, 0xff, 0x52, 0xae, 0xff, 0x64, 0x00, 0x00, 0xf4, 0xff, 0x30,
    0x9c, 0xff, 0x88, 0x00, 0x00, 0x6f, 0xff, 0xab, 0xf5, 0xf6, 0x0e, 0x00, 0x00, 0xf4, 0xff, 0x30,
    0x9c, 0xff, 0x88, 0x00, 0x00, 0x13, 0xf9, 0xff, 0xff, 0xa4, 0x00, 0x00, 0x00, 0xf4, 0xff, 0x30,
    0x9c, 0xff, 0x88, 0x00, 0x00, 0x00, 0xac, 0xff, 0xff, 0x44, 0x00, 0x00, 0x00, 0xf4, 0xff, 0x30,
    0x9c, 0xff, 0x88, 0x00, 0x00, 0x00, 0x4c, 0xff, 0xe2, 0x02, 0x00, 0x00, 0x00, 0xf4, 0xff, 0x30,

    /* U+004E "N" */
    0x9c, 0xff, 0xfa, 0x28, 0x00, 0x00, 0x00, 0x00, 0x00, 0x18, 0xff, 0xff, 0x18,
    0x9c, 0xff, 0xff, 0xbf, 0x01, 0x00, 0x00, 0x00, 0x00, 0x18, 0xff, 0xff, 0x18,
    0x9c, 0xff, 0xff, 0xff, 0x5b, 0x00, 0x00, 0x00, 0x00, 0x18, 0xff, 0xff, 0x18,
    0x9c, 0xff, 0xca, 0xff, 0xe8, 0x0f, 0x00, 0x00, 0x00, 0x18, 0xff, 0xff, 0x18,
    0x9c, 0xff, 0x8a, 0xb9, 0xff, 0x94, 0x00, 0x00, 0x00, 0x18, 0xff, 0xff, 0x18,
    0x9c, 0xff, 0x91, 0x2b, 0xfc, 0xfd, 0x33, 0x00, 0x00, 0x18, 0xff, 0xff, 0x18,
    0x9c, 0xff, 0x94, 0x00, 0x91, 0xff, 0xcc, 0x02, 0x00, 0x18, 0xff, 0xff, 0x18,
    0x9c, 0xff, 0x94, 0x00, 0x0f, 0xe7, 0xff, 0x6a, 0x00, 0x18, 0xff, 0xff, 0x18,
    0x9c, 0xff, 0x94, 0x00, 0x00, 0x58, 0xff, 0xf0, 0x16, 0x18, 0xff, 0xff, 0x18,
    0x9c, 0xff, 0x94, 0x00, 0x00, 0x00, 0xbb, 0xff, 0xa2, 0x18, 0xff, 0xff, 0x18,
    0x9c, 0xff, 0x94, 0x00, 0x00, 0x00, 0x25, 0xf9, 0xff, 0x4a, 0xff, 0xff, 0x18,
    0x9c, 0xff, 0x94, 0x00, 0x00, 0x00, 0x00, 0x80, 0xff, 0xcb, 0xff, 0xff, 0x18,
    0x9c, 0xff, 0x94, 0x00, 0x00, 0x00, 0x00, 0x08, 0xdc, 0xff, 0xff, 0xff, 0x18,
    0x9c, 0xff, 0x94, 0x00, 0x00, 0x00, 0x00, 0x00, 0x48, 0xff, 0xff, 0xff, 0x18,
    0x9c, 0xff, 0x94, 0x00, 0x00, 0x00, 0x00, 0x00, 0x00, 0xab, 0xff, 0xff, 0x18,

    /* U+004F "O" */
    0x00, 0x00, 0x00, 0x00, 0x46, 0xaf, 0xe8, 0xfc, 0xec, 0xb4, 0x4e, 0x00, 0x00, 0x00, 0x00,
    0x00, 0x00, 0x04, 0x9c, 0xff, 0xff, 0xff, 0xff, 0xff, 0xff, 0xff, 0xa9, 0x07, 0x00, 0x00,
    0x00, 0x00, 0x94, 0xff, 0xfd, 0x94, 0x32, 0x14, 0x30, 0x8a, 0xfb, 0xff, 0xa5, 0x00, 0x00,
    0x00, 0x39, 0xff, 0xff, 0x5c, 0x00, 0x00, 0x00, 0x00, 0x00, 0x4d, 0xfe, 0xff, 0x46, 0x00,
    0x00, 0xa8, 0xff, 0xae, 0x00, 0x00, 0x00, 0x00, 0x00, 0x00, 0x00, 0xa2, 0xff, 0xb5, 0x00,
    0x00, 0xef, 0xff, 0x4d, 0x00, 0x00, 0x00, 0x00, 0x00, 0x00, 0x00, 0x41, 0xff, 0xf7, 0x04,
    0x15, 0xff, 0xff, 0x1d, 0x00, 0x00, 0x00, 0x00, 0x00, 0x00, 0x00, 0x11, 0xff, 0xff, 0x21,
    0x22, 0xff, 0xff, 0x0e, 0x00, 0x00, 0x00, 0x00, 0x00, 0x00, 0x00, 0x02, 0xff, 0xff, 0x2e,
    0x15, 0xff, 0xff, 0x1d, 0x00, 0x00, 0x00, 0x00, 0x00, 0x00, 0x00, 0x11, 0xff, 0xff, 0x21,
    0x00, 0xef, 0xff, 0x4d, 0x00, 0x00, 0x00, 0x00, 0x00, 0x00, 0x00, 0x41, 0xff, 0xf7, 0x04,
    0x00, 0xa8, 0xff, 0xae, 0x00, 0x00, 0x00, 0x00, 0x00, 0x00, 0x00, 0xa2, 0xff, 0xb5, 0x00,
    0x00, 0x39, 0xff, 0xff, 0x5c, 0x00, 0x00, 0x00, 0x00, 0x00, 0x4d, 0xfe, 0xff, 0x46, 0x00,
    0x00, 0x00, 0x94, 0xff, 0xfd, 0x94, 0x32, 0x14, 0x30, 0x8a, 0xfb, 0xff, 0xa5, 0x00, 0x00,
    0x00, 0x00, 0x04, 0x9d, 0xff, 0xff, 0xff, 0xff, 0xff, 0xff, 0xff, 0xa9, 0x07, 0x00, 0x00,
    0x00, 0x00, 0x00, 0x00, 0x46, 0xaf, 0xe8, 0xfc, 0xec, 0xb4, 0x4e, 0x00, 0x00, 0x00, 0x00,

    /* U+0050 "P" */
    0x9c, 0xff, 0xff, 0xff, 0xff, 0xff, 0xf4, 0xc6, 0x66, 0x02, 0x00,
    0x9c, 0xff, 0xf9, 0xf0, 0xf0, 0xf1, 0xfe, 0xff, 0xff, 0xae, 0x02,
    0x9c, 0xff, 0x94, 0x00, 0x00, 0x00, 0x0a, 0x6c, 0xfb, 0xff, 0x61,
    0x9c, 0xff, 0x94, 0x00, 0x00, 0x00, 0x00, 0x00, 0x91, 0xff, 0xb5,
    0x9c, 0xff, 0x94, 0x00, 0x00, 0x00, 0x00, 0x00, 0x62, 0xff, 0xcd,
    0x9c, 0xff, 0x94, 0x00, 0x00, 0x00, 0x00, 0x00, 0x91, 0xff, 0xb4,
    0x9c, 0xff, 0x94, 0x00, 0x00, 0x00, 0x0a, 0x6c, 0xfb, 0xff, 0x5d,
    0x9c, 0xff, 0xfc, 0xf0, 0xf0, 0xf1, 0xfe, 0xff, 0xff, 0xaa, 0x01,
    0x9c, 0xff, 0xff, 0xff, 0xff, 0xff, 0xf3, 0xc3, 0x60, 0x01, 0x00,
    0x9c, 0xff, 0x94, 0x00, 0x00, 0x00, 0x00, 0x00, 0x00, 0x00, 0x00,
    0x9c, 0xff, 0x94, 0x00, 0x00, 0x00, 0x00, 0x00, 0x00, 0x00, 0x00,
    0x9c, 0xff, 0x94, 0x00, 0x00, 0x00, 0x00, 0x00, 0x00, 0x00, 0x00,
    0x9c, 0xff, 0x94, 0x00, 0x00, 0x00, 0x00, 0x00, 0x00, 0x00, 0x00,
    0x9c, 0xff, 0x94, 0x00, 0x00, 0x00, 0x00, 0x00, 0x00, 0x00, 0x00,
    0x9c, 0xff, 0x94, 0x00, 0x00, 0x00, 0x00, 0x00, 0x00, 0x00, 0x00,

    /* U+0051 "Q" */
    0x00, 0x00, 0x00, 0x00, 0x46, 0xaf, 0xe8, 0xfc, 0xec, 0xb4, 0x4e, 0x00, 0x00, 0x00, 0x00,
    0x00, 0x00, 0x04, 0x9c, 0xff, 0xff, 0xff, 0xff, 0xff, 0xff, 0xff, 0xa9, 0x07, 0x00, 0x00,
    0x00, 0x00, 0x94, 0xff, 0xfd, 0x94, 0x32, 0x14, 0x30, 0x8a, 0xfb, 0xff, 0xa5, 0x00, 0x00,
    0x00, 0x39, 0xff, 0xff, 0x5c, 0x00, 0x00, 0x00, 0x00, 0x00, 0x4d, 0xfe, 0xff, 0x46, 0x00,
    0x00, 0xa8, 0xff, 0xae, 0x00, 0x00, 0x00, 0x00, 0x00, 0x00, 0x00, 0xa2, 0xff, 0xb5, 0x00,
    0x00, 0xef, 0xff, 0x4d, 0x00, 0x00, 0x00, 0x00, 0x00, 0x00, 0x00, 0x41, 0xff, 0xf7, 0x04,
    0x15, 0xff, 0xff, 0x1d, 0x00, 0x00, 0x00, 0x00, 0x00, 0x00, 0x00, 0x11, 0xff, 0xff, 0x21,
    0x22, 0xff, 0xff, 0x0e, 0x00, 0x00, 0x00, 0x00, 0x00, 0x00, 0x00, 0x02, 0xff, 0xff, 0x2e,
    0x15, 0xff, 0xff, 0x1d, 0x00, 0x00, 0x00, 0x00, 0x00, 0x00, 0x00, 0x11, 0xff, 0xff, 0x21,
    0x00, 0xef, 0xff, 0x4d, 0x00, 0x00, 0x00, 0x00, 0x00, 0x00, 0x00, 0x41, 0xff, 0xf7, 0x04,
    0x00, 0xa8, 0xff, 0xae, 0x00, 0x00, 0x11, 0xd7, 0xee, 0x31, 0x00, 0xa2, 0xff, 0xb5, 0x00,
    0x00, 0x39, 0xff, 0xff, 0x5c, 0x00, 0x00, 0x39, 0xfb, 0xde, 0x5e, 0xfe, 0xff, 0x46, 0x00,
    0x00, 0x00, 0x94, 0xff, 0xfd, 0x94, 0x32, 0x14, 0x94, 0xff, 0xff, 0xff, 0xa5, 0x00, 0x00,
    0x00, 0x00, 0x04, 0x9d, 0xff, 0xff, 0xff, 0xff, 0xff, 0xff, 0xff, 0xd7, 0x07, 0x00, 0x00,
    0x00, 0x00, 0x00, 0x00, 0x46, 0xaf, 0xe8, 0xfc, 0xec, 0xb4, 0xdb, 0xfe, 0x4b, 0x00, 0x00,
    0x00, 0x00, 0x00, 0x00, 0x00, 0x00, 0x00, 0x00, 0x00, 0x00, 0x2d, 0xf5, 0xee, 0x22, 0x00,

    /* U+0052 "R" */
    0x9c, 0xff, 0xff, 0xff, 0xff, 0xff, 0xf6, 0xcf, 0x77, 0x08, 0x00, 0x00,
    0x9c, 0xff, 0xf9, 0xf0, 0xf0, 0xf0, 0xfc, 0xff, 0xff, 0xc8, 0x0a, 0x00,
    0x9c, 0xff, 0x94, 0x00, 0x00, 0x00, 0x06, 0x57, 0xf3, 0xff, 0x7e, 0x00,
    0x9c, 0xff, 0x94, 0x00, 0x00, 0x00, 0x00, 0x00, 0x76, 0xff, 0xd0, 0x00,
    0x9c, 0xff, 0x94, 0x00, 0x00, 0x00, 0x00, 0x00, 0x45, 0xff, 0xe9, 0x00,
    0x9c, 0xff, 0x94, 0x00, 0x00, 0x00, 0x00, 0x00, 0x70, 0xff, 0xd1, 0x00,
    0x9c, 0xff, 0x94, 0x00, 0x00, 0x00, 0x04, 0x4f, 0xef, 0xff, 0x7d, 0x00,
    0x9c, 0xff, 0xfb, 0xec, 0xec, 0xec, 0xfa, 0xff, 0xff, 0xc4, 0x08, 0x00,
    0x9c, 0xff, 0xff, 0xff, 0xff, 0xff, 0xff, 0xff, 0x7e, 0x06, 0x00, 0x00,
    0x9c, 0xff, 0x94, 0x00, 0x00, 0x08, 0xe6, 0xff, 0x7c, 0x00, 0x00, 0x00,
    0x9c, 0xff, 0x94, 0x00, 0x00, 0x00, 0x70, 0xff, 0xee, 0x0e, 0x00, 0x00,
    0x9c, 0xff, 0x94, 0x00, 0x00, 0x00, 0x0b, 0xea, 0xff, 0x7a, 0x00, 0x00,
    0x9c, 0xff, 0x94, 0x00, 0x00, 0x00, 0x00, 0x78, 0xff, 0xed, 0x0d, 0x00,
    0x9c, 0xff, 0x94, 0x00, 0x00, 0x00, 0x00, 0x0d, 0xee, 0xff, 0x78, 0x00,
    0x9c, 0xff, 0x94, 0x00, 0x00, 0x00, 0x00, 0x00, 0x7f, 0xff, 0xec, 0x0c,

    /* U+0053 "S" */
    0x00, 0x00, 0x04, 0x68, 0xc6, 0xf3, 0xfc, 0xe5, 0xa5, 0x2e, 0x00, 0x00,
    0x00, 0x08, 0xbf, 0xff, 0xff, 0xff, 0xfc, 0xff, 0xff, 0xf9, 0x4d, 0x00,
    0x00, 0x7f, 0xff, 0xf3, 0x61, 0x0c, 0x01, 0x2a, 0xb3, 0xff, 0xef, 0x0e,
    0x00, 0xd0, 0xff, 0x72, 0x00, 0x00, 0x00, 0x00, 0x07, 0xe2, 0xff, 0x57,
    0x00, 0xdf, 0xff, 0x5b, 0x00, 0x00, 0x00, 0x00, 0x00, 0x57, 0x80, 0x39,
    0x00, 0xa6, 0xff, 0xdd, 0x37, 0x00, 0x00, 0x00, 0x00, 0x00, 0x00, 0x00,
    0x00, 0x1e, 0xe1, 0xff, 0xff, 0xd7, 0x94, 0x53, 0x11, 0x00, 0x00, 0x00,
    0x00, 0x00, 0x10, 0x85, 0xe5, 0xff, 0xff, 0xff, 0xf9, 0xa3, 0x1c, 0x00,
    0x00, 0x00, 0x00, 0x00, 0x01, 0x2c, 0x67, 0xad, 0xf9, 0xff, 0xe9, 0x20,
    0x00, 0x00, 0x00, 0x00, 0x00, 0x00, 0x00, 0x00, 0x1e, 0xd5, 0xff, 0x9e,
    0x23, 0xd0, 0xd0, 0x06, 0x00, 0x00, 0x00, 0x00, 0x00, 0x64, 0xff, 0xcf,
    0x0a, 0xf9, 0xff, 0x52, 0x00, 0x00, 0x00, 0x00, 0x00, 0x86, 0xff, 0xbe,
    0x00, 0xa2, 0xff, 0xee, 0x5c, 0x0b, 0x00, 0x14, 0x75, 0xfb, 0xff, 0x68,
    0x00, 0x12, 0xcf, 0xff, 0xff, 0xff, 0xf7, 0xff, 0xff, 0xff, 0xaa, 0x03,
    0x00, 0x00, 0x08, 0x6f, 0xc9, 0xf3, 0xfd, 0xec, 0xba, 0x56, 0x01, 0x00,

    /* U+0054 "T" */
    0x70, 0xff, 0xff, 0xff, 0xff, 0xff, 0xff, 0xff, 0xff, 0xff, 0xff, 0xf8,
    0x6d, 0xf8, 0xf8, 0xf8, 0xf8, 0xff, 0xff, 0xfb, 0xf8, 0xf8, 0xf8, 0xf0,
    0x00, 0x00, 0x00, 0x00, 0x00, 0xd4, 0xff, 0x5c, 0x00, 0x00, 0x00, 0x00,
    0x00, 0x00, 0x00, 0x00, 0x00, 0xd4, 0xff, 0x5c, 0x00, 0x00, 0x00, 0x00,
    0x00, 0x00, 0x00, 0x00, 0x00, 0xd4, 0xff, 0x5c, 0x00, 0x00, 0x00, 0x00,
    0x00, 0x00, 0x00, 0x00, 0x00, 0xd4, 0xff, 0x5c, 0x00, 0x00, 0x00, 0x00,
    0x00, 0x00, 0x00, 0x00, 0x00, 0xd4, 0xff, 0x5c, 0x00, 0x00, 0x00, 0x00,
    0x00, 0x00, 0x00, 0x00, 0x00, 0xd4, 0xff, 0x5c, 0x00, 0x00, 0x00, 0x00,
    0x00, 0x00, 0x00, 0x00, 0x00, 0xd4, 0xff, 0x5c, 0x00, 0x00, 0x00, 0x00,
    0x00, 0x00, 0x00, 0x00, 0x00, 0xd4, 0xff, 0x5c, 0x00, 0x00, 0x00, 0x00,
    0x00, 0x00, 0x00, 0x00, 0x00, 0xd4, 0xff, 0x5c, 0x00, 0x00, 0x00, 0x00,
    0x00, 0x00, 0x00, 0x00, 0x00, 0xd4, 0xff, 0x5c, 0x00, 0x00, 0x00, 0x00,
    0x00, 0x00, 0x00, 0x00, 0x00, 0xd4, 0xff, 0x5c, 0x00, 0x00, 0x00, 0x00,
    0x00, 0x00, 0x00, 0x00, 0x00, 0xd4, 0xff, 0x5c, 0x00, 0x00, 0x00, 0x00,
    0x00, 0x00, 0x00, 0x00, 0x00, 0xd4, 0xff, 0x5c, 0x00, 0x00, 0x00, 0x00,

    /* U+0055 "U" */
    0xa8, 0xff, 0x80, 0x00, 0x00, 0x00, 0x00, 0x00, 0x00, 0x48, 0xff, 0xe4,
    0xa8, 0xff, 0x80, 0x00, 0x00, 0x00, 0x00, 0x00, 0x00, 0x48, 0xff, 0xe4,
    0xa8, 0xff, 0x80, 0x00, 0x00, 0x00, 0x00, 0x00, 0x00, 0x48, 0xff, 0xe4,
    0xa8, 0xff, 0x80, 0x00, 0x00, 0x00, 0x00, 0x00, 0x00, 0x48, 0xff, 0xe4,
    0xa8, 0xff, 0x80, 0x00, 0x00, 0x00, 0x00, 0x00, 0x00, 0x48, 0xff, 0xe4,
    0xa8, 0xff, 0x80, 0x00, 0x00, 0x00, 0x00, 0x00, 0x00, 0x48, 0xff, 0xe4,
    0xa8, 0xff, 0x80, 0x00, 0x00, 0x00, 0x00, 0x00, 0x00, 0x48, 0xff, 0xe4,
    0xa8, 0xff, 0x80, 0x00, 0x00, 0x00, 0x00, 0x00, 0x00, 0x48, 0xff, 0xe4,
    0xa8, 0xff, 0x80, 0x00, 0x00, 0x00, 0x00, 0x00, 0x00, 0x48, 0xff, 0xe4,
    0xa7, 0xff, 0x81, 0x00, 0x00, 0x00, 0x00, 0x00, 0x00, 0x4a, 0xff, 0xe3,
    0x96, 0xff, 0xa4, 0x00, 0x00, 0x00, 0x00, 0x00, 0x00, 0x6b, 0xff, 0xd2,
    0x5c, 0xff, 0xf6, 0x24, 0x00, 0x00, 0x00, 0x00, 0x08, 0xd4, 0xff, 0x99,
    0x06, 0xdb, 0xff, 0xe4, 0x59, 0x16, 0x0f, 0x41, 0xc6, 0xff, 0xf8, 0x27,
    0x00, 0x2a, 0xe3, 0xff, 0xff, 0xff, 0xff, 0xff, 0xff, 0xf8, 0x54, 0x00,
    0x00, 0x00, 0x10, 0x81, 0xd1, 0xf7, 0xfb, 0xdf, 0x99, 0x25, 0x00, 0x00,

    /* U+0056 "V" */
    0x97, 0xff, 0xc0, 0x00, 0x00, 0x00, 0x00, 0x00, 0x00, 0x00, 0x23, 0xff, 0xff, 0x2c,
    0x3d, 0xff, 0xfd, 0x19, 0x00, 0x00, 0x00, 0x00, 0x00, 0x00, 0x78, 0xff, 0xd2, 0x00,
    0x01, 0xe2, 0xff, 0x6e, 0x00, 0x00, 0x00, 0x00, 0x00, 0x00, 0xcd, 0xff, 0x7a, 0x00,
    0x00, 0x89, 0xff, 0xc4, 0x00, 0x00, 0x00, 0x00, 0x00, 0x22, 0xff, 0xff, 0x22, 0x00,
    0x00, 0x2e, 0xff, 0xff, 0x1d, 0x00, 0x00, 0x00, 0x00, 0x76, 0xff, 0xc8, 0x00, 0x00,
    0x00, 0x00, 0xd5, 0xff, 0x74, 0x00, 0x00, 0x00, 0x00, 0xcb, 0xff, 0x6f, 0x00, 0x00,
    0x00, 0x00, 0x7b, 0xff, 0xcb, 0x00, 0x00, 0x00, 0x21, 0xff, 0xfd, 0x19, 0x00, 0x00,
    0x00, 0x00, 0x22, 0xff, 0xff, 0x23, 0x00, 0x00, 0x74, 0xff, 0xbe, 0x00, 0x00, 0x00,
    0x00, 0x00, 0x00, 0xc5, 0xff, 0x79, 0x00, 0x00, 0xc9, 0xff, 0x65, 0x00, 0x00, 0x00,
    0x00, 0x00, 0x00, 0x6c, 0xff, 0xca, 0x00, 0x1b, 0xff, 0xfa, 0x12, 0x00, 0x00, 0x00,
    0x00, 0x00, 0x00, 0x16, 0xfc, 0xff, 0x1a, 0x66, 0xff, 0xb4, 0x00, 0x00, 0x00, 0x00,
    0x00, 0x00, 0x00, 0x00, 0xb7, 0xff, 0x66, 0xb4, 0xff, 0x5a, 0x00, 0x00, 0x00, 0x00,
    0x00, 0x00, 0x00, 0x00, 0x5e, 0xff, 0xbb, 0xf7, 0xf6, 0x0c, 0x00, 0x00, 0x00, 0x00,
    0x00, 0x00, 0x00, 0x00, 0x0d, 0xf6, 0xff, 0xff, 0xa9, 0x00, 0x00, 0x00, 0x00, 0x00,
    0x00, 0x00, 0x00, 0x00, 0x00, 0xaa, 0xff, 0xff, 0x51, 0x00, 0x00, 0x00, 0x00, 0x00,

    /* U+0057 "W" */
    0xa3, 0xff, 0xa4, 0x00, 0x00, 0x00, 0x00, 0x00, 0x99, 0xff, 0xfd, 0x0f, 0x00, 0x00, 0x00, 0x00, 0x30, 0xff, 0xff, 0x1b,
    0x5f, 0xff, 0xe1, 0x00, 0x00, 0x00, 0x00, 0x00, 0xd9, 0xff, 0xff, 0x4c, 0x00, 0x00, 0x00, 0x00, 0x6d, 0xff, 0xd7, 0x00,
    0x1c, 0xff, 0xff, 0x20, 0x00, 0x00, 0x00, 0x19, 0xff, 0xff, 0xff, 0x8c, 0x00, 0x00, 0x00, 0x00, 0xac, 0xff, 0x93, 0x00,
    0x00, 0xd7, 0xff, 0x60, 0x00, 0x00, 0x00, 0x59, 0xff, 0xbe, 0xff, 0xcc, 0x00, 0x00, 0x00, 0x01, 0xe9, 0xff, 0x50, 0x00,
    0x00, 0x94, 0xff, 0x9c, 0x00, 0x00, 0x00, 0x99, 0xff, 0x62, 0xed, 0xfd, 0x0f, 0x00, 0x00, 0x27, 0xff, 0xfd, 0x0f, 0x00,
    0x00, 0x51, 0xff, 0xdc, 0x00, 0x00, 0x00, 0xdc, 0xff, 0x27, 0xb0, 0xff, 0x4c, 0x00, 0x00, 0x65, 0xff, 0xca, 0x00, 0x00,
    0x00, 0x11, 0xfd, 0xff, 0x1b, 0x00, 0x1c, 0xff, 0xe8, 0x01, 0x70, 0xff, 0x90, 0x00, 0x00, 0xa4, 0xff, 0x85, 0x00, 0x00,
    0x00, 0x00, 0xcb, 0xff, 0x59, 0x00, 0x5c, 0xff, 0xa4, 0x00, 0x2d, 0xff, 0xd0, 0x00, 0x00, 0xe1, 0xff, 0x42, 0x00, 0x00,
    0x00, 0x00, 0x86, 0xff, 0x96, 0x00, 0x9c, 0xff, 0x64, 0x00, 0x01, 0xeb, 0xfe, 0x12, 0x20, 0xff, 0xf7, 0x08, 0x00, 0x00,
    0x00, 0x00, 0x43, 0xff, 0xd2, 0x00, 0xd8, 0xff, 0x20, 0x00, 0x00, 0xa9, 0xff, 0x4c, 0x5b, 0xff, 0xbb, 0x00, 0x00, 0x00,
    0x00, 0x00, 0x08, 0xf8, 0xfd, 0x1f, 0xff, 0xdf, 0x00, 0x00, 0x00, 0x66, 0xff, 0x86, 0x93, 0xff, 0x78, 0x00, 0x00, 0x00,
    0x00, 0x00, 0x00, 0xbc, 0xff, 0x89, 0xff, 0x9c, 0x00, 0x00, 0x00, 0x24, 0xff, 0xbe, 0xcc, 0xff, 0x34, 0x00, 0x00, 0x00,
    0x00, 0x00, 0x00, 0x7a, 0xff, 0xeb, 0xff, 0x5b, 0x00, 0x00, 0x00, 0x00, 0xe2, 0xf3, 0xf9, 0xee, 0x02, 0x00, 0x00, 0x00,
    0x00, 0x00, 0x00, 0x35, 0xff, 0xff, 0xff, 0x18, 0x00, 0x00, 0x00, 0x00, 0xa0, 0xff, 0xff, 0xad, 0x00, 0x00, 0x00, 0x00,
    0x00, 0x00, 0x00, 0x03, 0xee, 0xff, 0xd4, 0x00, 0x00, 0x00, 0x00, 0x00, 0x5d, 0xff, 0xff, 0x6a, 0x00, 0x00, 0x00, 0x00,

    /* U+0058 "X" */
    0x18, 0xed, 0xff, 0x7c, 0x00, 0x00, 0x00, 0x00, 0x00, 0x10, 0xe5, 0xff, 0x7f, 0x00,
    0x00, 0x5f, 0xff, 0xf9, 0x28, 0x00, 0x00, 0x00, 0x00, 0xa0, 0xff, 0xcf, 0x05, 0x00,
    0x00, 0x00, 0xb5, 0xff, 0xc6, 0x02, 0x00, 0x00, 0x4b, 0xff, 0xfb, 0x2f, 0x00, 0x00,
    0x00, 0x00, 0x1b, 0xf0, 0xff, 0x6e, 0x00, 0x0e, 0xe3, 0xff, 0x80, 0x00, 0x00, 0x00,
    0x00, 0x00, 0x00, 0x60, 0xff, 0xf3, 0x1d, 0x94, 0xff, 0xd0, 0x05, 0x00, 0x00, 0x00,
    0x00, 0x00, 0x00, 0x00, 0xb8, 0xff, 0xc9, 0xfd, 0xfb, 0x30, 0x00, 0x00, 0x00, 0x00,
    0x00, 0x00, 0x00, 0x00, 0x1e, 0xf2, 0xff, 0xff, 0x81, 0x00, 0x00, 0x00, 0x00, 0x00,
    0x00, 0x00, 0x00, 0x00, 0x00, 0xaf, 0xff, 0xff, 0x34, 0x00, 0x00, 0x00, 0x00, 0x00,
    0x00, 0x00, 0x00, 0x00, 0x4b, 0xff, 0xff, 0xff, 0xce, 0x05, 0x00, 0x00, 0x00, 0x00,
    0x00, 0x00, 0x00, 0x13, 0xe6, 0xff, 0x78, 0xe8, 0xff, 0x7d, 0x00, 0x00, 0x00, 0x00,
    0x00, 0x00, 0x00, 0xa6, 0xff, 0xc2, 0x02, 0x58, 0xff, 0xfa, 0x2d, 0x00, 0x00, 0x00,
    0x00, 0x00, 0x56, 0xff, 0xf5, 0x25, 0x00, 0x00, 0xb1, 0xff, 0xcd, 0x04, 0x00, 0x00,
    0x00, 0x17, 0xec, 0xff, 0x6e, 0x00, 0x00, 0x00, 0x1b, 0xf0, 0xff, 0x7b, 0x00, 0x00,
    0x00, 0xb2, 0xff, 0xc1, 0x02, 0x00, 0x00, 0x00, 0x00, 0x60, 0xff, 0xf9, 0x2c, 0x00,
    0x61, 0xff, 0xf4, 0x22, 0x00, 0x00, 0x00, 0x00, 0x00, 0x00, 0xb5, 0xff, 0xcc, 0x04,

    /* U+0059 "Y" */
    0x78, 0xff, 0xf3, 0x17, 0x00, 0x00, 0x00, 0x00, 0x00, 0x00, 0xb2, 0xff, 0xcb, 0x02,
    0x06, 0xda, 0xff, 0x9f, 0x00, 0x00, 0x00, 0x00, 0x00, 0x46, 0xff, 0xfe, 0x37, 0x00,
    0x00, 0x48, 0xff, 0xfe, 0x36, 0x00, 0x00, 0x00, 0x04, 0xd4, 0xff, 0x9e, 0x00, 0x00,
    0x00, 0x00, 0xaf, 0xff, 0xc7, 0x01, 0x00, 0x00, 0x6c, 0xff, 0xf1, 0x16, 0x00, 0x00,
    0x00, 0x00, 0x21, 0xf7, 0xff, 0x5f, 0x00, 0x11, 0xed, 0xff, 0x6e, 0x00, 0x00, 0x00,
    0x00, 0x00, 0x00, 0x7f, 0xff, 0xe6, 0x0c, 0x8f, 0xff, 0xd4, 0x04, 0x00, 0x00, 0x00,
    0x00, 0x00, 0x00, 0x09, 0xde, 0xff, 0xa0, 0xfa, 0xff, 0x40, 0x00, 0x00, 0x00, 0x00,
    0x00, 0x00, 0x00, 0x00, 0x4e, 0xff, 0xff, 0xff, 0xa9, 0x00, 0x00, 0x00, 0x00, 0x00,
    0x00, 0x00, 0x00, 0x00, 0x00, 0xb7, 0xff, 0xf5, 0x1d, 0x00, 0x00, 0x00, 0x00, 0x00,
    0x00, 0x00, 0x00, 0x00, 0x00, 0x68, 0xff, 0xc4, 0x00, 0x00, 0x00, 0x00, 0x00, 0x00,
    0x00, 0x00, 0x00, 0x00, 0x00, 0x68, 0xff, 0xc4, 0x00, 0x00, 0x00, 0x00, 0x00, 0x00,
    0x00, 0x00, 0x00, 0x00, 0x00, 0x68, 0xff, 0xc4, 0x00, 0x00, 0x00, 0x00, 0x00, 0x00,
    0x00, 0x00, 0x00, 0x00, 0x00, 0x68, 0xff, 0xc4, 0x00, 0x00, 0x00, 0x00, 0x00, 0x00,
    0x00, 0x00, 0x00, 0x00, 0x00, 0x68, 0xff, 0xc4, 0x00, 0x00, 0x00, 0x00, 0x00, 0x00,
    0x00, 0x00, 0x00, 0x00, 0x00, 0x68, 0xff, 0xc4, 0x00, 0x00, 0x00, 0x00, 0x00, 0x00,

    /* U+005A "Z" */
    0x18, 0xff, 0xff, 0xff, 0xff, 0xff, 0xff, 0xff, 0xff, 0xff, 0xff, 0xbc,
    0x17, 0xf4, 0xf4, 0xf4, 0xf4, 0xf4, 0xf4, 0xf4, 0xf4, 0xff, 0xff, 0xb6,
    0x00, 0x00, 0x00, 0x00, 0x00, 0x00, 0x00, 0x00, 0x48, 0xfd, 0xfa, 0x34,
    0x00, 0x00, 0x00, 0x00, 0x00, 0x00, 0x00, 0x20, 0xee, 0xff, 0x70, 0x00,
    0x00, 0x00, 0x00, 0x00, 0x00, 0x00, 0x05, 0xc7, 0xff, 0xb3, 0x01, 0x00,
    0x00, 0x00, 0x00, 0x00, 0x00, 0x00, 0x8c, 0xff, 0xe2, 0x12, 0x00, 0x00,
    0x00, 0x00, 0x00, 0x00, 0x00, 0x4a, 0xff, 0xfc, 0x3b, 0x00, 0x00, 0x00,
    0x00, 0x00, 0x00, 0x00, 0x1c, 0xed, 0xff, 0x79, 0x00, 0x00, 0x00, 0x00,
    0x00, 0x00, 0x00, 0x04, 0xc1, 0xff, 0xba, 0x02, 0x00, 0x00, 0x00, 0x00,
    0x00, 0x00, 0x00, 0x84, 0xff, 0xe8, 0x17, 0x00, 0x00, 0x00, 0x00, 0x00,
    0x00, 0x00, 0x43, 0xfe, 0xfe, 0x43, 0x00, 0x00, 0x00, 0x00, 0x00, 0x00,
    0x00, 0x17, 0xe8, 0xff, 0x80, 0x00, 0x00, 0x00, 0x00, 0x00, 0x00, 0x00,
    0x02, 0xbc, 0xff, 0xb9, 0x02, 0x00, 0x00, 0x00, 0x00, 0x00, 0x00, 0x00,
    0x46, 0xff, 0xff, 0xf8, 0xf4, 0xf4, 0xf4, 0xf4, 0xf4, 0xf4, 0xf4, 0xc6,
    0x4c, 0xff, 0xff, 0xff, 0xff, 0xff, 0xff, 0xff, 0xff, 0xff, 0xff, 0xd0,

    /* U+005B "[" */
    0x50, 0xc4, 0xc4, 0xc4, 0x7e,
    0x68, 0xff, 0xff, 0xff, 0xa4,
    0x68, 0xff, 0xa8, 0x00, 0x00,
    0x68, 0xff, 0xa8, 0x00, 0x00,
    0x68, 0xff, 0xa8, 0x00, 0x00,
    0x68, 0xff, 0xa8, 0x00, 0x00,
    0x68, 0xff, 0xa8, 0x00, 0x00,
    0x68, 0xff, 0xa8, 0x00, 0x00,
    0x68, 0xff, 0xa8, 0x00, 0x00,
    0x68, 0xff, 0xa8, 0x00, 0x00,
    0x68, 0xff, 0xa8, 0x00, 0x00,
    0x68, 0xff, 0xa8, 0x00, 0x00,
    0x68, 0xff, 0xa8, 0x00, 0x00,
    0x68, 0xff, 0xa8, 0x00, 0x00,
    0x68, 0xff, 0xa8, 0x00, 0x00,
    0x68, 0xff, 0xa8, 0x00, 0x00,
    0x68, 0xff, 0xa8, 0x00, 0x00,
    0x68, 0xff, 0xeb, 0xc4, 0x7e,
    0x68, 0xff, 0xff, 0xff, 0xa4,

    /* U+005C "\\" */
    0xb3, 0xff, 0x2d, 0x00, 0x00, 0x00, 0x00,
    0x70, 0xff, 0x70, 0x00, 0x00, 0x00, 0x00,
    0x2d, 0xff, 0xb3, 0x00, 0x00, 0x00, 0x00,
    0x01, 0xea, 0xf1, 0x04, 0x00, 0x00, 0x00,
    0x00, 0xa9, 0xff, 0x39, 0x00, 0x00, 0x00,
    0x00, 0x64, 0xff, 0x7b, 0x00, 0x00, 0x00,
    0x00, 0x23, 0xff, 0xbd, 0x00, 0x00, 0x00,
    0x00, 0x00, 0xe0, 0xf8, 0x08, 0x00, 0x00,
    0x00, 0x00, 0x9d, 0xff, 0x42, 0x00, 0x00,
    0x00, 0x00, 0x5c, 0xff, 0x85, 0x00, 0x00,
    0x00, 0x00, 0x18, 0xff, 0xc7, 0x00, 0x00,
    0x00, 0x00, 0x00, 0xd5, 0xfc, 0x0f, 0x00,
    0x00, 0x00, 0x00, 0x93, 0xff, 0x4d, 0x00,
    0x00, 0x00, 0x00, 0x50, 0xff, 0x90, 0x00,
    0x00, 0x00, 0x00, 0x10, 0xfd, 0xd3, 0x00,
    0x00, 0x00, 0x00, 0x00, 0xcb, 0xff, 0x16,
    0x00, 0x00, 0x00, 0x00, 0x87, 0xff, 0x57,
    0x00, 0x00, 0x00, 0x00, 0x45, 0xff, 0x9c,

    /* U+005D "]" */
    0x22, 0xc4, 0xc4, 0xc4, 0xa8,
    0x2c, 0xff, 0xff, 0xff, 0xdc,
    0x00, 0x00, 0x34, 0xff, 0xdc,
    0x00, 0x00, 0x34, 0xff, 0xdc,
    0x00, 0x00, 0x34, 0xff, 0xdc,
    0x00, 0x00, 0x34, 0xff, 0xdc,
    0x00, 0x00, 0x34, 0xff, 0xdc,
    0x00, 0x00, 0x34, 0xff, 0xdc,
    0x00, 0x00, 0x34, 0xff, 0xdc,
    0x00, 0x00, 0x34, 0xff, 0xdc,
    0x00, 0x00, 0x34, 0xff, 0xdc,
    0x00, 0x00, 0x34, 0xff, 0xdc,
    0x00, 0x00, 0x34, 0xff, 0xdc,
    0x00, 0x00, 0x34, 0xff, 0xdc,
    0x00, 0x00, 0x34, 0xff, 0xdc,
    0x00, 0x00, 0x34, 0xff, 0xdc,
    0x00, 0x00, 0x34, 0xff, 0xdc,
    0x22, 0xc4, 0xd0, 0xff, 0xdc,
    0x2c, 0xff, 0xff, 0xff, 0xdc,

    /* U+005E "^" */
    0x00, 0x00, 0x00, 0x9c, 0xd8, 0xa5, 0x00, 0x00, 0x00,
    0x00, 0x00, 0x29, 0xfe, 0xff, 0xff, 0x33, 0x00, 0x00,
    0x00, 0x00, 0xa1, 0xff, 0x50, 0xfd, 0xad, 0x00, 0x00,
    0x00, 0x1f, 0xfb, 0xb9, 0x00, 0xab, 0xfe, 0x28, 0x00,
    0x00, 0x95, 0xff, 0x45, 0x00, 0x38, 0xff, 0xa0, 0x00,
    0x16, 0xf7, 0xd0, 0x01, 0x00, 0x00, 0xc3, 0xfb, 0x1f,
    0x24, 0x60, 0x30, 0x00, 0x00, 0x00, 0x2a, 0x60, 0x28,

    /* U+005F "_" */
    0xdc, 0xdc, 0xdc, 0xdc, 0xdc, 0xdc, 0xdc, 0xdc, 0xdc, 0x34,
    0xff, 0xff, 0xff, 0xff, 0xff, 0xff, 0xff, 0xff, 0xff, 0x3c,

    /* U+0060 "`" */
    0x01, 0x08, 0x08, 0x01, 0x00,
    0x03, 0xc4, 0xff, 0x51, 0x00,
    0x00, 0x25, 0xf6, 0xcc, 0x00,
    0x00, 0x00, 0x6e, 0xff, 0x46,

    /* U+0061 "a" */
    0x00, 0x00, 0x2c, 0xaa, 0xec, 0xfc, 0xe1, 0x91, 0x13, 0x00,
    0x00, 0x39, 0xf6, 0xff, 0xe7, 0xca, 0xf4, 0xff, 0xd5, 0x09,
    0x00, 0xc5, 0xff, 0x87, 0x03, 0x00, 0x13, 0xdb, 0xff, 0x5e,
    0x00, 0x53, 0x58, 0x08, 0x00, 0x00, 0x00, 0x8f, 0xff, 0x85,
    0x00, 0x00, 0x00, 0x27, 0x56, 0x78, 0x9b, 0xf0, 0xff, 0x88,
    0x00, 0x39, 0xd5, 0xff, 0xff, 0xff, 0xe8, 0xdd, 0xff, 0x88,
    0x0d, 0xed, 0xff, 0xa6, 0x40, 0x14, 0x00, 0x84, 0xff, 0x88,
    0x3b, 0xff, 0xe0, 0x01, 0x00, 0x00, 0x00, 0x9e, 0xff, 0x88,
    0x2c, 0xff, 0xf3, 0x1d, 0x00, 0x00, 0x3b, 0xf6, 0xff, 0x88,
    0x01, 0xc9, 0xff, 0xf6, 0xc3, 0xd0, 0xff, 0xcf, 0xff, 0x88,
    0x00, 0x15, 0x9f, 0xeb, 0xfc, 0xda, 0x5d, 0x84, 0xff, 0x88,

    /* U+0062 "b" */
    0xc8, 0xff, 0x50, 0x00, 0x00, 0x00, 0x00, 0x00, 0x00, 0x00,
    0xc8, 0xff, 0x50, 0x00, 0x00, 0x00, 0x00, 0x00, 0x00, 0x00,
    0xc8, 0xff, 0x50, 0x00, 0x00, 0x00, 0x00, 0x00, 0x00, 0x00,
    0xc8, 0xff, 0x50, 0x00, 0x00, 0x00, 0x00, 0x00, 0x00, 0x00,
    0xc8, 0xff, 0x50, 0x6a, 0xdb, 0xfa, 0xe0, 0x7f, 0x06, 0x00,
    0xc8, 0xff, 0xbe, 0xff, 0xe9, 0xe4, 0xff, 0xff, 0xb4, 0x02,
    0xc8, 0xff, 0xfc, 0x5c, 0x01, 0x00, 0x47, 0xf6, 0xff, 0x5b,
    0xc8, 0xff, 0x97, 0x00, 0x00, 0x00, 0x00, 0x80, 0xff, 0xbb,
    0xc8, 0xff, 0x48, 0x00, 0x00, 0x00, 0x00, 0x36, 0xff, 0xeb,
    0xc8, 0xff, 0x32, 0x00, 0x00, 0x00, 0x00, 0x22, 0xff, 0xfa,
    0xc8, 0xff, 0x49, 0x00, 0x00, 0x00, 0x00, 0x37, 0xff, 0xea,
    0xc8, 0xff, 0x9a, 0x00, 0x00, 0x00, 0x00, 0x82, 0xff, 0xba,
    0xc8, 0xff, 0xfd, 0x5f, 0x01, 0x00, 0x4b, 0xf7, 0xff, 0x5a,
    0xc8, 0xff, 0xaf, 0xff, 0xea, 0xe5, 0xff, 0xff, 0xb4, 0x02,
    0xc8, 0xff, 0x44, 0x66, 0xdb, 0xfb, 0xe0, 0x80, 0x06, 0x00,

    /* U+0063 "c" */
    0x00, 0x00, 0x0b, 0x84, 0xdd, 0xfc, 0xee, 0xa8, 0x27, 0x00, 0x00,
    0x00, 0x0c, 0xcd, 0xff, 0xfc, 0xda, 0xef, 0xff, 0xf2, 0x33, 0x00,
    0x00, 0x90, 0xff, 0xd5, 0x20, 0x00, 0x05, 0x8e, 0xff, 0xcf, 0x00,
    0x08, 0xf4, 0xff, 0x3a, 0x00, 0x00, 0x00, 0x04, 0xb5, 0xc0, 0x16,
    0x33, 0xff, 0xeb, 0x00, 0x00, 0x00, 0x00, 0x00, 0x00, 0x00, 0x00,
    0x46, 0xff, 0xd6, 0x00, 0x00, 0x00, 0x00, 0x00, 0x00, 0x00, 0x00,
    0x35, 0xff, 0xeb, 0x00, 0x00, 0x00, 0x00, 0x00, 0x00, 0x00, 0x00,
    0x09, 0xf6, 0xff, 0x37, 0x00, 0x00, 0x00, 0x06, 0xb7, 0xc0, 0x1a,
    0x00, 0x94, 0xff, 0xd4, 0x1f, 0x00, 0x05, 0x92, 0xff, 0xd2, 0x01,
    0x00, 0x0d, 0xcf, 0xff, 0xfc, 0xda, 0xef, 0xff, 0xf2, 0x33, 0x00,
    0x00, 0x00, 0x0c, 0x85, 0xdd, 0xfd, 0xed, 0xa4, 0x25, 0x00, 0x00,

    /* U+0064 "d" */
    0x00, 0x00, 0x00, 0x00, 0x00, 0x00, 0x00, 0x00, 0x98, 0xff, 0x7c,
    0x00, 0x00, 0x00, 0x00, 0x00, 0x00, 0x00, 0x00, 0x98, 0xff, 0x7c,
    0x00, 0x00, 0x00, 0x00, 0x00, 0x00, 0x00, 0x00, 0x98, 0xff, 0x7c,
    0x00, 0x00, 0x00, 0x00, 0x00, 0x00, 0x00, 0x00, 0x98, 0xff, 0x7c,
    0x00, 0x00, 0x1c, 0xa3, 0xee, 0xf9, 0xc6, 0x3a, 0x98, 0xff, 0x7c,
    0x00, 0x1a, 0xe4, 0xff, 0xfd, 0xdd, 0xf5, 0xf7, 0xc5, 0xff, 0x7c,
    0x00, 0xa4, 0xff, 0xd4, 0x20, 0x00, 0x09, 0x9a, 0xff, 0xff, 0x7c,
    0x0c, 0xf9, 0xff, 0x35, 0x00, 0x00, 0x00, 0x04, 0xdd, 0xff, 0x7c,
    0x37, 0xff, 0xea, 0x00, 0x00, 0x00, 0x00, 0x00, 0x94, 0xff, 0x7c,
    0x46, 0xff, 0xd6, 0x00, 0x00, 0x00, 0x00, 0x00, 0x7e, 0xff, 0x7c,
    0x37, 0xff, 0xeb, 0x00, 0x00, 0x00, 0x00, 0x00, 0x94, 0xff, 0x7c,
    0x0c, 0xf9, 0xff, 0x39, 0x00, 0x00, 0x00, 0x05, 0xdf, 0xff, 0x7c,
    0x00, 0xa5, 0xff, 0xd6, 0x22, 0x00, 0x0a, 0x9b, 0xff, 0xff, 0x7c,
    0x00, 0x1b, 0xe5, 0xff, 0xfd, 0xdd, 0xf5, 0xf7, 0xba, 0xff, 0x7c,
    0x00, 0x00, 0x1c, 0xa3, 0xee, 0xf9, 0xc2, 0x3a, 0x8c, 0xff, 0x7c,

    /* U+0065 "e" */
    0x00, 0x00, 0x0c, 0x88, 0xe0, 0xfc, 0xea, 0xa2, 0x21, 0x00, 0x00,
    0x00, 0x0c, 0xce, 0xff, 0xf3, 0xcc, 0xea, 0xff, 0xed, 0x28, 0x00,
    0x00, 0x90, 0xff, 0xb3, 0x0e, 0x00, 0x04, 0x89, 0xff, 0xc2, 0x00,
    0x08, 0xf4, 0xfa, 0x14, 0x00, 0x00, 0x00, 0x02, 0xdd, 0xff, 0x26,
    0x33, 0xff, 0xf3, 0xa0, 0xa0, 0xa0, 0xa0, 0xa0, 0xe4, 0xff, 0x59,
    0x46, 0xff, 0xff, 0xff, 0xff, 0xff, 0xff, 0xff, 0xff, 0xff, 0x67,
    0x35, 0xff, 0xd6, 0x00, 0x00, 0x00, 0x00, 0x00, 0x00, 0x00, 0x00,
    0x09, 0xf6, 0xfd, 0x1c, 0x00, 0x00, 0x00, 0x00, 0x54, 0x64, 0x13,
    0x00, 0x98, 0xff, 0xbc, 0x12, 0x00, 0x00, 0x5f, 0xff, 0xe8, 0x08,
    0x00, 0x10, 0xd4, 0xff, 0xf7, 0xcd, 0xe3, 0xff, 0xfa, 0x4b, 0x00,
    0x00, 0x00, 0x0e, 0x89, 0xdd, 0xfd, 0xef, 0xaf, 0x31, 0x00, 0x00,

    /* U+0066 "f" */
    0x00, 0x00, 0x15, 0xab, 0xf2, 0xff, 0x65,
    0x00, 0x00, 0xad, 0xff, 0xf2, 0xc9, 0x45,
    0x00, 0x00, 0xeb, 0xff, 0x40, 0x00, 0x00,
    0x00, 0x00, 0xf0, 0xff, 0x24, 0x00, 0x00,
    0xd4, 0xff, 0xff, 0xff, 0xff, 0xff, 0x50,
    0xa2, 0xc4, 0xfd, 0xff, 0xcd, 0xc4, 0x3d,
    0x00, 0x00, 0xf0, 0xff, 0x24, 0x00, 0x00,
    0x00, 0x00, 0xf0, 0xff, 0x24, 0x00, 0x00,
    0x00, 0x00, 0xf0, 0xff, 0x24, 0x00, 0x00,
    0x00, 0x00, 0xf0, 0xff, 0x24, 0x00, 0x00,
    0x00, 0x00, 0xf0, 0xff, 0x24, 0x00, 0x00,
    0x00, 0x00, 0xf0, 0xff, 0x24, 0x00, 0x00,
    0x00, 0x00, 0xf0, 0xff, 0x24, 0x00, 0x00,
    0x00, 0x00, 0xf0, 0xff, 0x24, 0x00, 0x00,
    0x00, 0x00, 0xf0, 0xff, 0x24, 0x00, 0x00,

    /* U+0067 "g" */
    0x00, 0x00, 0x1a, 0xa2, 0xee, 0xf9, 0xc6, 0x3c, 0x8c, 0xff, 0x7c,
    0x00, 0x17, 0xe2, 0xff, 0xfc, 0xd9, 0xf2, 0xf7, 0xba, 0xff, 0x7c,
    0x00, 0xa2, 0xff, 0xd5, 0x20, 0x00, 0x08, 0x98, 0xff, 0xff, 0x7c,
    0x0a, 0xf9, 0xff, 0x36, 0x00, 0x00, 0x00, 0x04, 0xdd, 0xff, 0x7c,
    0x36, 0xff, 0xea, 0x00, 0x00, 0x00, 0x00, 0x00, 0x90, 0xff, 0x7c,
    0x46, 0xff, 0xd6, 0x00, 0x00, 0x00, 0x00, 0x00, 0x7a, 0xff, 0x7c,
    0x37, 0xff, 0xea, 0x00, 0x00, 0x00, 0x00, 0x00, 0x90, 0xff, 0x7c,
    0x0c, 0xfa, 0xff, 0x34, 0x00, 0x00, 0x00, 0x03, 0xda, 0xff, 0x7c,
    0x00, 0xa5, 0xff, 0xd1, 0x1e, 0x00, 0x08, 0x95, 0xff, 0xff, 0x7c,
    0x00, 0x1a, 0xe4, 0xff, 0xfc, 0xd9, 0xf2, 0xf6, 0xc1, 0xff, 0x7c,
    0x00, 0x00, 0x1c, 0xa3, 0xee, 0xf9, 0xc6, 0x3a, 0x94, 0xff, 0x7b,
    0x00, 0x01, 0x16, 0x09, 0x00, 0x00, 0x00, 0x00, 0xaf, 0xff, 0x68,
    0x00, 0xa3, 0xff, 0xa4, 0x06, 0x00, 0x00, 0x44, 0xfa, 0xff, 0x29,
    0x00, 0x28, 0xef, 0xff, 0xee, 0xc5, 0xd7, 0xff, 0xff, 0x8e, 0x00,
    0x00, 0x00, 0x21, 0x9e, 0xe5, 0xfd, 0xf3, 0xc3, 0x5d, 0x01, 0x00,

    /* U+0068 "h" */
    0xc8, 0xff, 0x4c, 0x00, 0x00, 0x00, 0x00, 0x00, 0x00, 0x00,
    0xc8, 0xff, 0x4c, 0x00, 0x00, 0x00, 0x00, 0x00, 0x00, 0x00,
    0xc8, 0xff, 0x4c, 0x00, 0x00, 0x00, 0x00, 0x00, 0x00, 0x00,
    0xc8, 0xff, 0x4c, 0x00, 0x00, 0x00, 0x00, 0x00, 0x00, 0x00,
    0xc8, 0xff, 0x4c, 0x71, 0xe0, 0xfc, 0xd8, 0x64, 0x00, 0x00,
    0xc8, 0xff, 0xc1, 0xff, 0xf0, 0xfa, 0xff, 0xff, 0x67, 0x00,
    0xc8, 0xff, 0xf2, 0x43, 0x00, 0x0a, 0xa1, 0xff, 0xe5, 0x01,
    0xc8, 0xff, 0x83, 0x00, 0x00, 0x00, 0x12, 0xfe, 0xff, 0x1b,
    0xc8, 0xff, 0x54, 0x00, 0x00, 0x00, 0x00, 0xef, 0xff, 0x28,
    0xc8, 0xff, 0x50, 0x00, 0x00, 0x00, 0x00, 0xec, 0xff, 0x28,
    0xc8, 0xff, 0x50, 0x00, 0x00, 0x00, 0x00, 0xec, 0xff, 0x28,
    0xc8, 0xff, 0x50, 0x00, 0x00, 0x00, 0x00, 0xec, 0xff, 0x28,
    0xc8, 0xff, 0x50, 0x00, 0x00, 0x00, 0x00, 0xec, 0xff, 0x28,
    0xc8, 0xff, 0x50, 0x00, 0x00, 0x00, 0x00, 0xec, 0xff, 0x28,
    0xc8, 0xff, 0x50, 0x00, 0x00, 0x00, 0x00, 0xec, 0xff, 0x28,

    /* U+0069 "i" */
    0x00, 0xae, 0xf2, 0x46,
    0x06, 0xfa, 0xff, 0x88,
    0x00, 0x51, 0x8e, 0x16,
    0x00, 0x00, 0x00, 0x00,
    0x00, 0xc8, 0xff, 0x50,
    0x00, 0xc8, 0xff, 0x50,
    0x00, 0xc8, 0xff, 0x50,
    0x00, 0xc8, 0xff, 0x50,
    0x00, 0xc8, 0xff, 0x50,
    0x00, 0xc8, 0xff, 0x50,
    0x00, 0xc8, 0xff, 0x50,
    0x00, 0xc8, 0xff, 0x50,
    0x00, 0xc8, 0xff, 0x50,
    0x00, 0xc8, 0xff, 0x50,
    0x00, 0xc8, 0xff, 0x50,

    /* U+006A "j" */
    0x00, 0x00, 0xae, 0xf2, 0x46,
    0x00, 0x06, 0xfa, 0xff, 0x88,
    0x00, 0x00, 0x51, 0x8e, 0x16,
    0x00, 0x00, 0x00, 0x00, 0x00,
    0x00, 0x00, 0xc8, 0xff, 0x50,
    0x00, 0x00, 0xc8, 0xff, 0x50,
    0x00, 0x00, 0xc8, 0xff, 0x50,
    0x00, 0x00, 0xc8, 0xff, 0x50,
    0x00, 0x00, 0xc8, 0xff, 0x50,
    0x00, 0x00, 0xc8, 0xff, 0x50,
    0x00, 0x00, 0xc8, 0xff, 0x50,
    0x00, 0x00, 0xc8, 0xff, 0x50,
    0x00, 0x00, 0xc8, 0xff, 0x50,
    0x00, 0x00, 0xc8, 0xff, 0x50,
    0x00, 0x00, 0xc8, 0xff, 0x50,
    0x00, 0x00, 0xc8, 0xff, 0x50,
    0x00, 0x08, 0xe8, 0xff, 0x43,
    0x6f, 0xe8, 0xff, 0xec, 0x0c,
    0x88, 0xfc, 0xc9, 0x38, 0x00,

    /* U+006B "k" */
    0xc8, 0xff, 0x50, 0x00, 0x00, 0x00, 0x00, 0x00, 0x00, 0x00,
    0xc8, 0xff, 0x50, 0x00, 0x00, 0x00, 0x00, 0x00, 0x00, 0x00,
    0xc8, 0xff, 0x50, 0x00, 0x00, 0x00, 0x00, 0x00, 0x00, 0x00,
    0xc8, 0xff, 0x50, 0x00, 0x00, 0x00, 0x00, 0x00, 0x00, 0x00,
    0xc8, 0xff, 0x50, 0x00, 0x00, 0x04, 0xb1, 0xff, 0xcf, 0x0e,
    0xc8, 0xff, 0x50, 0x00, 0x01, 0x9c, 0xff, 0xde, 0x18, 0x00,
    0xc8, 0xff, 0x50, 0x00, 0x85, 0xff, 0xea, 0x24, 0x00, 0x00,
    0xc8, 0xff, 0x50, 0x70, 0xff, 0xf4, 0x34, 0x00, 0x00, 0x00,
    0xc8, 0xff, 0xa9, 0xfe, 0xff, 0x47, 0x00, 0x00, 0x00, 0x00,
    0xc8, 0xff, 0xff, 0xff, 0xff, 0x70, 0x00, 0x00, 0x00, 0x00,
    0xc8, 0xff, 0xe2, 0x80, 0xff, 0xfa, 0x37, 0x00, 0x00, 0x00,
    0xc8, 0xff, 0x59, 0x00, 0xa0, 0xff, 0xe2, 0x12, 0x00, 0x00,
    0xc8, 0xff, 0x50, 0x00, 0x09, 0xd3, 0xff, 0xb5, 0x01, 0x00,
    0xc8, 0xff, 0x50, 0x00, 0x00, 0x27, 0xf3, 0xff, 0x79, 0x00,
    0xc8, 0xff, 0x50, 0x00, 0x00, 0x00, 0x56, 0xff, 0xfc, 0x3f,

    /* U+006C "l" */
    0xc8, 0xff, 0x50,
    0xc8, 0xff, 0x50,
    0xc8, 0xff, 0x50,
    0xc8, 0xff, 0x50,
    0xc8, 0xff, 0x50,
    0xc8, 0xff, 0x50,
    0xc8, 0xff, 0x50,
    0xc8, 0xff, 0x50,
    0xc8, 0xff, 0x50,
    0xc8, 0xff, 0x50,
    0xc8, 0xff, 0x50,
    0xc8, 0xff, 0x50,
    0xc8, 0xff, 0x50,
    0xc8, 0xff, 0x50,
    0xc8, 0xff, 0x50,

    /* U+006D "m" */
    0xc8, 0xff, 0x3e, 0x7c, 0xe5, 0xfb, 0xc9, 0x38, 0x01, 0x6b, 0xda, 0xfc, 0xde, 0x6c, 0x00,
    0xc8, 0xff, 0xbe, 0xea, 0xb2, 0xe0, 0xff, 0xf2, 0x97, 0xf7, 0xb7, 0xc8, 0xff, 0xff, 0x67,
    0xc8, 0xff, 0xd6, 0x10, 0x00, 0x07, 0xc7, 0xff, 0xf9, 0x30, 0x00, 0x00, 0x7b, 0xff, 0xd4,
    0xc8, 0xff, 0x68, 0x00, 0x00, 0x00, 0x70, 0xff, 0xb5, 0x00, 0x00, 0x00, 0x1e, 0xff, 0xfb,
    0xc8, 0xff, 0x50, 0x00, 0x00, 0x00, 0x68, 0xff, 0xa4, 0x00, 0x00, 0x00, 0x14, 0xff, 0xff,
    0xc8, 0xff, 0x50, 0x00, 0x00, 0x00, 0x68, 0xff, 0xa4, 0x00, 0x00, 0x00, 0x14, 0xff, 0xff,
    0xc8, 0xff, 0x50, 0x00, 0x00, 0x00, 0x68, 0xff, 0xa4, 0x00, 0x00, 0x00, 0x14, 0xff, 0xff,
    0xc8, 0xff, 0x50, 0x00, 0x00, 0x00, 0x68, 0xff, 0xa4, 0x00, 0x00, 0x00, 0x14, 0xff, 0xff,
    0xc8, 0xff, 0x50, 0x00, 0x00, 0x00, 0x68, 0xff, 0xa4, 0x00, 0x00, 0x00, 0x14, 0xff, 0xff,
    0xc8, 0xff, 0x50, 0x00, 0x00, 0x00, 0x68, 0xff, 0xa4, 0x00, 0x00, 0x00, 0x14, 0xff, 0xff,
    0xc8, 0xff, 0x50, 0x00, 0x00, 0x00, 0x68, 0xff, 0xa4, 0x00, 0x00, 0x00, 0x14, 0xff, 0xff,

    /* U+006E "n" */
    0xc8, 0xff, 0x42, 0x7b, 0xe3, 0xfc, 0xd8, 0x64, 0x00, 0x00,
    0xc8, 0xff, 0xc9, 0xf5, 0xbc, 0xd1, 0xff, 0xff, 0x67, 0x00,
    0xc8, 0xff, 0xe4, 0x1d, 0x00, 0x00, 0x79, 0xff, 0xe5, 0x01,
    0xc8, 0xff, 0x77, 0x00, 0x00, 0x00, 0x09, 0xfc, 0xff, 0x1b,
    0xc8, 0xff, 0x53, 0x00, 0x00, 0x00, 0x00, 0xed, 0xff, 0x28,
    0xc8, 0xff, 0x50, 0x00, 0x00, 0x00, 0x00, 0xec, 0xff, 0x28,
    0xc8, 0xff, 0x50, 0x00, 0x00, 0x00, 0x00, 0xec, 0xff, 0x28,
    0xc8, 0xff, 0x50, 0x00, 0x00, 0x00, 0x00, 0xec, 0xff, 0x28,
    0xc8, 0xff, 0x50, 0x00, 0x00, 0x00, 0x00, 0xec, 0xff, 0x28,
    0xc8, 0xff, 0x50, 0x00, 0x00, 0x00, 0x00, 0xec, 0xff, 0x28,
    0xc8, 0xff, 0x50, 0x00, 0x00, 0x00, 0x00, 0xec, 0xff, 0x28,

    /* U+006F "o" */
    0x00, 0x00, 0x0b, 0x83, 0xdc, 0xfc, 0xed, 0xad, 0x2e, 0x00, 0x00,
    0x00, 0x0c, 0xcd, 0xff, 0xfd, 0xde, 0xf2, 0xff, 0xf8, 0x46, 0x00,
    0x00, 0x90, 0xff, 0xd6, 0x23, 0x00, 0x07, 0x90, 0xff, 0xe9, 0x0d,
    0x08, 0xf4, 0xff, 0x39, 0x00, 0x00, 0x00, 0x02, 0xd6, 0xff, 0x60,
    0x35, 0xff, 0xeb, 0x00, 0x00, 0x00, 0x00, 0x00, 0x88, 0xff, 0x99,
    0x46, 0xff, 0xd6, 0x00, 0x00, 0x00, 0x00, 0x00, 0x72, 0xff, 0xaa,
    0x35, 0xff, 0xeb, 0x00, 0x00, 0x00, 0x00, 0x00, 0x88, 0xff, 0x99,
    0x09, 0xf6, 0xff, 0x36, 0x00, 0x00, 0x00, 0x02, 0xd3, 0xff, 0x61,
    0x00, 0x94, 0xff, 0xd4, 0x1f, 0x00, 0x05, 0x8c, 0xff, 0xea, 0x0d,
    0x00, 0x0d, 0xcf, 0xff, 0xfc, 0xda, 0xef, 0xff, 0xf9, 0x48, 0x00,
    0x00, 0x00, 0x0b, 0x84, 0xdc, 0xfc, 0xee, 0xae, 0x30, 0x00, 0x00,

    /* U+0070 "p" */
    0xc8, 0xff, 0x47, 0x7b, 0xdf, 0xfa, 0xe0, 0x7f, 0x06, 0x00,
    0xc8, 0xff, 0xd4, 0xfa, 0xb7, 0xb1, 0xf5, 0xff, 0xb4, 0x02,
    0xc8, 0xff, 0xf3, 0x31, 0x00, 0x00, 0x21, 0xe8, 0xff, 0x5b,
    0xc8, 0xff, 0x86, 0x00, 0x00, 0x00, 0x00, 0x6e, 0xff, 0xbb,
    0xc8, 0xff, 0x42, 0x00, 0x00, 0x00, 0x00, 0x30, 0xff, 0xeb,
    0xc8, 0xff, 0x33, 0x00, 0x00, 0x00, 0x00, 0x23, 0xff, 0xfa,
    0xc8, 0xff, 0x4c, 0x00, 0x00, 0x00, 0x00, 0x3a, 0xff, 0xea,
    0xc8, 0xff, 0x9e, 0x00, 0x00, 0x00, 0x00, 0x87, 0xff, 0xba,
    0xc8, 0xff, 0xfd, 0x61, 0x01, 0x00, 0x4c, 0xf8, 0xff, 0x5a,
    0xc8, 0xff, 0xb6, 0xff, 0xea, 0xe5, 0xff, 0xff, 0xb4, 0x02,
    0xc8, 0xff, 0x50, 0x62, 0xdb, 0xfb, 0xe0, 0x80, 0x06, 0x00,
    0xc8, 0xff, 0x50, 0x00, 0x00, 0x00, 0x00, 0x00, 0x00, 0x00,
    0xc8, 0xff, 0x50, 0x00, 0x00, 0x00, 0x00, 0x00, 0x00, 0x00,
    0xc8, 0xff, 0x50, 0x00, 0x00, 0x00, 0x00, 0x00, 0x00, 0x00,
    0xc8, 0xff, 0x50, 0x00, 0x00, 0x00, 0x00, 0x00, 0x00, 0x00,

    /* U+0071 "q" */
    0x00, 0x00, 0x1c, 0xa3, 0xee, 0xf9, 0xc6, 0x3e, 0x8c, 0xff, 0x7c,
    0x00, 0x1a, 0xe4, 0xff, 0xfd, 0xdd, 0xf5, 0xf9, 0xc0, 0xff, 0x7c,
    0x00, 0xa4, 0xff, 0xd4, 0x20, 0x00, 0x09, 0x9a, 0xff, 0xff, 0x7c,
    0x0c, 0xf9, 0xff, 0x35, 0x00, 0x00, 0x00, 0x04, 0xdd, 0xff, 0x7c,
    0x37, 0xff, 0xea, 0x00, 0x00, 0x00, 0x00, 0x00, 0x94, 0xff, 0x7c,
    0x46, 0xff, 0xd6, 0x00, 0x00, 0x00, 0x00, 0x00, 0x7e, 0xff, 0x7c,
    0x37, 0xff, 0xeb, 0x00, 0x00, 0x00, 0x00, 0x00, 0x94, 0xff, 0x7c,
    0x0c, 0xf9, 0xff, 0x39, 0x00, 0x00, 0x00, 0x05, 0xdf, 0xff, 0x7c,
    0x00, 0xa5, 0xff, 0xd6, 0x22, 0x00, 0x0a, 0x9b, 0xff, 0xff, 0x7c,
    0x00, 0x1b, 0xe5, 0xff, 0xfd, 0xdd, 0xf5, 0xf3, 0xc0, 0xff, 0x7c,
    0x00, 0x00, 0x1c, 0xa3, 0xee, 0xf9, 0xc1, 0x34, 0x98, 0xff, 0x7c,
    0x00, 0x00, 0x00, 0x00, 0x00, 0x00, 0x00, 0x00, 0x98, 0xff, 0x7c,
    0x00, 0x00, 0x00, 0x00, 0x00, 0x00, 0x00, 0x00, 0x98, 0xff, 0x7c,
    0x00, 0x00, 0x00, 0x00, 0x00, 0x00, 0x00, 0x00, 0x98, 0xff, 0x7c,
    0x00, 0x00, 0x00, 0x00, 0x00, 0x00, 0x00, 0x00, 0x98, 0xff, 0x7c,

    /* U+0072 "r" */
    0xc8, 0xff, 0x49, 0xb0, 0xf8, 0x9f,
    0xc8, 0xff, 0xd4, 0xf9, 0xd4, 0x8b,
    0xc8, 0xff, 0xdf, 0x1d, 0x00, 0x00,
    0xc8, 0xff, 0x6f, 0x00, 0x00, 0x00,
    0xc8, 0xff, 0x51, 0x00, 0x00, 0x00,
    0xc8, 0xff, 0x50, 0x00, 0x00, 0x00,
    0xc8, 0xff, 0x50, 0x00, 0x00, 0x00,
    0xc8, 0xff, 0x50, 0x00, 0x00, 0x00,
    0xc8, 0xff, 0x50, 0x00, 0x00, 0x00,
    0xc8, 0xff, 0x50, 0x00, 0x00, 0x00,
    0xc8, 0xff, 0x50, 0x00, 0x00, 0x00,

    /* U+0073 "s" */
    0x00, 0x00, 0x5f, 0xcd, 0xf9, 0xf8, 0xc8, 0x54, 0x00, 0x00,
    0x00, 0x77, 0xff, 0xfd, 0xc5, 0xc2, 0xfc, 0xff, 0x61, 0x00,
    0x00, 0xed, 0xff, 0x4f, 0x00, 0x00, 0x42, 0xff, 0xe2, 0x00,
    0x01, 0xf9, 0xff, 0x2d, 0x00, 0x00, 0x00, 0x52, 0x58, 0x03,
    0x00, 0xa7, 0xff, 0xeb, 0x8d, 0x50, 0x16, 0x00, 0x00, 0x00,
    0x00, 0x0c, 0x97, 0xf7, 0xff, 0xff, 0xff, 0xc0, 0x2e, 0x00,
    0x00, 0x00, 0x00, 0x0b, 0x42, 0x7c, 0xd3, 0xff, 0xea, 0x0e,
    0x17, 0x60, 0x4f, 0x00, 0x00, 0x00, 0x06, 0xe5, 0xff, 0x44,
    0x17, 0xfc, 0xfb, 0x31, 0x00, 0x00, 0x21, 0xf2, 0xff, 0x31,
    0x00, 0x8b, 0xff, 0xfa, 0xc3, 0xbe, 0xf6, 0xff, 0xb6, 0x00,
    0x00, 0x01, 0x65, 0xcb, 0xf9, 0xfa, 0xd6, 0x7c, 0x08, 0x00,

    /* U+0074 "t" */
    0x00, 0x08, 0x80, 0x80, 0x02, 0x00, 0x00,
    0x00, 0x10, 0xff, 0xff, 0x04, 0x00, 0x00,
    0x00, 0x10, 0xff, 0xff, 0x04, 0x00, 0x00,
    0xd4, 0xff, 0xff, 0xff, 0xff, 0xff, 0x24,
    0xa2, 0xc8, 0xff, 0xff, 0xc5, 0xc4, 0x1c,
    0x00, 0x10, 0xff, 0xff, 0x04, 0x00, 0x00,
    0x00, 0x10, 0xff, 0xff, 0x04, 0x00, 0x00,
    0x00, 0x10, 0xff, 0xff, 0x04, 0x00, 0x00,
    0x00, 0x10, 0xff, 0xff, 0x04, 0x00, 0x00,
    0x00, 0x10, 0xff, 0xff, 0x04, 0x00, 0x00,
    0x00, 0x10, 0xff, 0xff, 0x04, 0x00, 0x00,
    0x00, 0x0d, 0xff, 0xff, 0x14, 0x00, 0x00,
    0x00, 0x00, 0xdc, 0xff, 0xe6, 0xc8, 0x1a,
    0x00, 0x00, 0x35, 0xc9, 0xfa, 0xff, 0x2c,

    /* U+0075 "u" */
    0xc8, 0xff, 0x50, 0x00, 0x00, 0x00, 0x00, 0xec, 0xff, 0x28,
    0xc8, 0xff, 0x50, 0x00, 0x00, 0x00, 0x00, 0xec, 0xff, 0x28,
    0xc8, 0xff, 0x50, 0x00, 0x00, 0x00, 0x00, 0xec, 0xff, 0x28,
    0xc8, 0xff, 0x50, 0x00, 0x00, 0x00, 0x00, 0xec, 0xff, 0x28,
    0xc8, 0xff, 0x50, 0x00, 0x00, 0x00, 0x00, 0xec, 0xff, 0x28,
    0xc8, 0xff, 0x50, 0x00, 0x00, 0x00, 0x00, 0xec, 0xff, 0x28,
    0xc8, 0xff, 0x51, 0x00, 0x00, 0x00, 0x00, 0xf0, 0xff, 0x28,
    0xbb, 0xff, 0x73, 0x00, 0x00, 0x00, 0x20, 0xff, 0xff, 0x28,
    0x86, 0xff, 0xe4, 0x2b, 0x00, 0x17, 0xbc, 0xff, 0xff, 0x28,
    0x1b, 0xee, 0xff, 0xff, 0xec, 0xfd, 0xd4, 0xe7, 0xff, 0x28,
    0x00, 0x2c, 0xb9, 0xf7, 0xf2, 0xa8, 0x19, 0xe0, 0xff, 0x28,

    /* U+0076 "v" */
    0x8a, 0xff, 0xaf, 0x00, 0x00, 0x00, 0x00, 0x03, 0xe9, 0xff, 0x45,
    0x2d, 0xff, 0xf9, 0x0f, 0x00, 0x00, 0x00, 0x42, 0xff, 0xe6, 0x03,
    0x00, 0xd0, 0xff, 0x5e, 0x00, 0x00, 0x00, 0x99, 0xff, 0x8c, 0x00,
    0x00, 0x74, 0xff, 0xb6, 0x00, 0x00, 0x04, 0xec, 0xff, 0x30, 0x00,
    0x00, 0x1a, 0xfd, 0xfb, 0x13, 0x00, 0x47, 0xff, 0xd3, 0x00, 0x00,
    0x00, 0x00, 0xbb, 0xff, 0x66, 0x00, 0x9d, 0xff, 0x76, 0x00, 0x00,
    0x00, 0x00, 0x5c, 0xff, 0xba, 0x03, 0xed, 0xfe, 0x1b, 0x00, 0x00,
    0x00, 0x00, 0x0c, 0xf4, 0xfa, 0x4d, 0xff, 0xbc, 0x00, 0x00, 0x00,
    0x00, 0x00, 0x00, 0xa4, 0xff, 0xd7, 0xff, 0x60, 0x00, 0x00, 0x00,
    0x00, 0x00, 0x00, 0x48, 0xff, 0xff, 0xf6, 0x0d, 0x00, 0x00, 0x00,
    0x00, 0x00, 0x00, 0x03, 0xe8, 0xff, 0xa6, 0x00, 0x00, 0x00, 0x00,

    /* U+0077 "w" */
    0x8f, 0xff, 0x9e, 0x00, 0x00, 0x00, 0x46, 0xff, 0xf8, 0x09, 0x00, 0x00, 0x01, 0xe9, 0xff, 0x47,
    0x43, 0xff, 0xe2, 0x00, 0x00, 0x00, 0x8a, 0xff, 0xff, 0x44, 0x00, 0x00, 0x2f, 0xff, 0xf5, 0x07,
    0x06, 0xf3, 0xff, 0x26, 0x00, 0x00, 0xcc, 0xfa, 0xff, 0x86, 0x00, 0x00, 0x73, 0xff, 0xb0, 0x00,
    0x00, 0xae, 0xff, 0x6b, 0x00, 0x12, 0xfe, 0xad, 0xee, 0xc8, 0x00, 0x00, 0xb6, 0xff, 0x66, 0x00,
    0x00, 0x62, 0xff, 0xaf, 0x00, 0x53, 0xff, 0x6c, 0xb2, 0xfc, 0x0f, 0x06, 0xf5, 0xff, 0x1b, 0x00,
    0x00, 0x19, 0xff, 0xed, 0x01, 0x94, 0xff, 0x2b, 0x71, 0xff, 0x4c, 0x3b, 0xff, 0xd0, 0x00, 0x00,
    0x00, 0x00, 0xcd, 0xff, 0x2a, 0xd4, 0xe6, 0x01, 0x2f, 0xff, 0x8b, 0x76, 0xff, 0x85, 0x00, 0x00,
    0x00, 0x00, 0x83, 0xff, 0x77, 0xff, 0x9e, 0x00, 0x01, 0xe9, 0xc5, 0xb2, 0xff, 0x3a, 0x00, 0x00,
    0x00, 0x00, 0x39, 0xff, 0xe5, 0xff, 0x58, 0x00, 0x00, 0xa3, 0xf9, 0xee, 0xec, 0x03, 0x00, 0x00,
    0x00, 0x00, 0x02, 0xea, 0xff, 0xfd, 0x13, 0x00, 0x00, 0x5e, 0xff, 0xff, 0xa4, 0x00, 0x00, 0x00,
    0x00, 0x00, 0x00, 0xa1, 0xff, 0xc7, 0x00, 0x00, 0x00, 0x18, 0xff, 0xff, 0x59, 0x00, 0x00, 0x00,

    /* U+0078 "x" */
    0x2c, 0xf9, 0xfe, 0x3a, 0x00, 0x00, 0x00, 0x9a, 0xff, 0xb5, 0x00,
    0x00, 0x7c, 0xff, 0xd3, 0x05, 0x00, 0x40, 0xff, 0xf0, 0x1b, 0x00,
    0x00, 0x04, 0xce, 0xff, 0x77, 0x06, 0xd8, 0xff, 0x60, 0x00, 0x00,
    0x00, 0x00, 0x2f, 0xfb, 0xf3, 0x90, 0xff, 0xb5, 0x00, 0x00, 0x00,
    0x00, 0x00, 0x00, 0x82, 0xff, 0xff, 0xf0, 0x1b, 0x00, 0x00, 0x00,
    0x00, 0x00, 0x00, 0x1b, 0xff, 0xff, 0xa6, 0x00, 0x00, 0x00, 0x00,
    0x00, 0x00, 0x00, 0xad, 0xff, 0xfd, 0xfe, 0x3d, 0x00, 0x00, 0x00,
    0x00, 0x00, 0x59, 0xff, 0xd8, 0x5e, 0xff, 0xdb, 0x0a, 0x00, 0x00,
    0x00, 0x18, 0xed, 0xff, 0x46, 0x00, 0xbe, 0xff, 0x90, 0x00, 0x00,
    0x00, 0xb0, 0xff, 0xa2, 0x00, 0x00, 0x25, 0xf7, 0xfe, 0x3d, 0x00,
    0x5e, 0xff, 0xe9, 0x13, 0x00, 0x00, 0x00, 0x78, 0xff, 0xda, 0x0a,

    /* U+0079 "y" */
    0x88, 0xff, 0xb0, 0x00, 0x00, 0x00, 0x00, 0x03, 0xe9, 0xff, 0x44,
    0x28, 0xff, 0xf9, 0x11, 0x00, 0x00, 0x00, 0x45, 0xff, 0xe2, 0x02,
    0x00, 0xc8, 0xff, 0x62, 0x00, 0x00, 0x00, 0x9e, 0xff, 0x84, 0x00,
    0x00, 0x68, 0xff, 0xbc, 0x00, 0x00, 0x07, 0xef, 0xff, 0x25, 0x00,
    0x00, 0x10, 0xf8, 0xfd, 0x18, 0x00, 0x4e, 0xff, 0xc4, 0x00, 0x00,
    0x00, 0x00, 0xa8, 0xff, 0x6e, 0x00, 0xa7, 0xff, 0x64, 0x00, 0x00,
    0x00, 0x00, 0x48, 0xff, 0xc4, 0x09, 0xf4, 0xf6, 0x0e, 0x00, 0x00,
    0x00, 0x00, 0x03, 0xe5, 0xfe, 0x6a, 0xff, 0xa4, 0x00, 0x00, 0x00,
    0x00, 0x00, 0x00, 0x87, 0xff, 0xef, 0xff, 0x44, 0x00, 0x00, 0x00,
    0x00, 0x00, 0x00, 0x28, 0xff, 0xff, 0xe2, 0x02, 0x00, 0x00, 0x00,
    0x00, 0x00, 0x00, 0x00, 0xcd, 0xff, 0x84, 0x00, 0x00, 0x00, 0x00,
    0x00, 0x00, 0x00, 0x07, 0xf0, 0xff, 0x25, 0x00, 0x00, 0x00, 0x00,
    0x00, 0x00, 0x00, 0x69, 0xff, 0xc4, 0x00, 0x00, 0x00, 0x00, 0x00,
    0x00, 0x7e, 0xd3, 0xfe, 0xff, 0x48, 0x00, 0x00, 0x00, 0x00, 0x00,
    0x00, 0xaa, 0xff, 0xe1, 0x5f, 0x00, 0x00, 0x00, 0x00, 0x00, 0x00,

    /* U+007A "z" */
    0x00, 0xf8, 0xff, 0xff, 0xff, 0xff, 0xff, 0xff, 0xff, 0x18,
    0x00, 0xd5, 0xdc, 0xdc, 0xdc, 0xdc, 0xef, 0xff, 0xfa, 0x11,
    0x00, 0x00, 0x00, 0x00, 0x00, 0x0e, 0xdd, 0xff, 0x76, 0x00,
    0x00, 0x00, 0x00, 0x00, 0x00, 0xa6, 0xff, 0xba, 0x02, 0x00,
    0x00, 0x00, 0x00, 0x00, 0x63, 0xff, 0xea, 0x18, 0x00, 0x00,
    0x00, 0x00, 0x00, 0x28, 0xf5, 0xff, 0x4a, 0x00, 0x00, 0x00,
    0x00, 0x00, 0x08, 0xd2, 0xff, 0x8e, 0x00, 0x00, 0x00, 0x00,
    0x00, 0x00, 0x94, 0xff, 0xce, 0x07, 0x00, 0x00, 0x00, 0x00,
    0x00, 0x50, 0xff, 0xf4, 0x26, 0x00, 0x00, 0x00, 0x00, 0x00,
    0x02, 0xed, 0xff, 0xf5, 0xdc, 0xdc, 0xdc, 0xdc, 0xdc, 0x26,
    0x04, 0xff, 0xff, 0xff, 0xff, 0xff, 0xff, 0xff, 0xff, 0x2c,

    /* U+007B "{" */
    0x00, 0x00, 0x00, 0x14, 0x7e, 0xb3, 0x4d,
    0x00, 0x00, 0x0f, 0xe0, 0xff, 0xff, 0x68,
    0x00, 0x00, 0x6e, 0xff, 0xcc, 0x20, 0x01,
    0x00, 0x00, 0x9f, 0xff, 0x66, 0x00, 0x00,
    0x00, 0x00, 0xac, 0xff, 0x55, 0x00, 0x00,
    0x00, 0x00, 0xac, 0xff, 0x54, 0x00, 0x00,
    0x00, 0x00, 0xad, 0xff, 0x54, 0x00, 0x00,
    0x00, 0x00, 0xc5, 0xff, 0x45, 0x00, 0x00,
    0x21, 0x63, 0xfd, 0xd7, 0x08, 0x00, 0x00,
    0xe8, 0xff, 0xd9, 0x1c, 0x00, 0x00, 0x00,
    0xe0, 0xff, 0xff, 0xd2, 0x06, 0x00, 0x00,
    0x07, 0x49, 0xf9, 0xff, 0x40, 0x00, 0x00,
    0x00, 0x00, 0xbb, 0xff, 0x54, 0x00, 0x00,
    0x00, 0x00, 0xac, 0xff, 0x54, 0x00, 0x00,
    0x00, 0x00, 0xac, 0xff, 0x54, 0x00, 0x00,
    0x00, 0x00, 0xa9, 0xff, 0x5f, 0x00, 0x00,
    0x00, 0x00, 0x8b, 0xff, 0xad, 0x01, 0x00,
    0x00, 0x00, 0x31, 0xfd, 0xff, 0xdf, 0x4f,
    0x00, 0x00, 0x00, 0x4b, 0xc5, 0xf3, 0x68,

    /* U+007C "|" */
    0x60, 0x80, 0x12,
    0xc0, 0xff, 0x24,
    0xc0, 0xff, 0x24,
    0xc0, 0xff, 0x24,
    0xc0, 0xff, 0x24,
    0xc0, 0xff, 0x24,
    0xc0, 0xff, 0x24,
    0xc0, 0xff, 0x24,
    0xc0, 0xff, 0x24,
    0xc0, 0xff, 0x24,
    0xc0, 0xff, 0x24,
    0xc0, 0xff, 0x24,
    0xc0, 0xff, 0x24,
    0xc0, 0xff, 0x24,
    0xc0, 0xff, 0x24,
    0xc0, 0xff, 0x24,
    0xc0, 0xff, 0x24,
    0xc0, 0xff, 0x24,
    0xc0, 0xff, 0x24,
    0xc0, 0xff, 0x24,
    0xc0, 0xff, 0x24,
    0xc0, 0xff, 0x24,
    0xc0, 0xff, 0x24,
    0xc0, 0xff, 0x24,
    0xc0, 0xff, 0x24,

    /* U+007D "}" */
    0x21, 0xb8, 0x8e, 0x2b, 0x00, 0x00, 0x00, 0x00,
    0x2c, 0xff, 0xff, 0xf7, 0x34, 0x00, 0x00, 0x00,
    0x00, 0x11, 0x9e, 0xff, 0xaa, 0x00, 0x00, 0x00,
    0x00, 0x00, 0x2a, 0xff, 0xdb, 0x00, 0x00, 0x00,
    0x00, 0x00, 0x19, 0xff, 0xe7, 0x00, 0x00, 0x00,
    0x00, 0x00, 0x18, 0xff, 0xe8, 0x00, 0x00, 0x00,
    0x00, 0x00, 0x18, 0xff, 0xe9, 0x00, 0x00, 0x00,
    0x00, 0x00, 0x0b, 0xfe, 0xfa, 0x07, 0x00, 0x00,
    0x00, 0x00, 0x00, 0xa6, 0xff, 0x91, 0x35, 0x02,
    0x00, 0x00, 0x00, 0x06, 0xb7, 0xff, 0xff, 0x1e,
    0x00, 0x00, 0x00, 0x9d, 0xff, 0xff, 0xff, 0x18,
    0x00, 0x00, 0x09, 0xfc, 0xff, 0x78, 0x0d, 0x00,
    0x00, 0x00, 0x18, 0xff, 0xf6, 0x02, 0x00, 0x00,
    0x00, 0x00, 0x18, 0xff, 0xe8, 0x00, 0x00, 0x00,
    0x00, 0x00, 0x18, 0xff, 0xe8, 0x00, 0x00, 0x00,
    0x00, 0x00, 0x23, 0xff, 0xe5, 0x00, 0x00, 0x00,
    0x00, 0x00, 0x73, 0xff, 0xc7, 0x00, 0x00, 0x00,
    0x21, 0xd2, 0xff, 0xff, 0x6a, 0x00, 0x00, 0x00,
    0x2c, 0xf9, 0xd4, 0x70, 0x01, 0x00, 0x00, 0x00,

    /* U+007E "~" */
    0x00, 0x5d, 0xe0, 0xfa, 0xb6, 0x23, 0x00, 0x00, 0x31, 0x9c, 0x4d,
    0x30, 0xfd, 0xff, 0xef, 0xff, 0xef, 0x48, 0x00, 0x8f, 0xff, 0x68,
    0x86, 0xff, 0x73, 0x01, 0x65, 0xfa, 0xff, 0xea, 0xff, 0xf6, 0x1b,
    0x60, 0xa0, 0x1f, 0x00, 0x00, 0x3a, 0xc9, 0xfc, 0xd7, 0x49, 0x00
};

/*---------------------
 *  GLYPH DESCRIPTION
 *--------------------*/

static const lv_font_fmt_txt_glyph_dsc_t glyph_dsc[] = {
    {.bitmap_index = 0, .adv_w = 0, .box_w = 0, .box_h = 0, .ofs_x = 0, .ofs_y = 0} /* id = 0 reserved */,
    {.bitmap_index = 0, .adv_w = 78, .box_w = 0, .box_h = 0, .ofs_x = 0, .ofs_y = 0},
    {.bitmap_index = 0, .adv_w = 79, .box_w = 3, .box_h = 15, .ofs_x = 1, .ofs_y = 0},
    {.bitmap_index = 45, .adv_w = 141, .box_w = 7, .box_h = 6, .ofs_x = 1, .ofs_y = 9},
    {.bitmap_index = 87, .adv_w = 197, .box_w = 13, .box_h = 15, .ofs_x = 0, .ofs_y = 0},
    {.bitmap_index = 282, .adv_w = 202, .box_w = 12, .box_h = 20, .ofs_x = 0, .ofs_y = -2},
    {.bitmap_index = 522, .adv_w = 288, .box_w = 16, .box_h = 15, .ofs_x = 1, .ofs_y = 0},
    {.bitmap_index = 762, .adv_w = 201, .box_w = 13, .box_h = 15, .ofs_x = 0, .ofs_y = 0},
    {.bitmap_index = 957, .adv_w = 87, .box_w = 3, .box_h = 6, .ofs_x = 1, .ofs_y = 9},
    {.bitmap_index = 975, .adv_w = 103, .box_w = 5, .box_h = 19, .ofs_x = 1, .ofs_y = -3},
    {.bitmap_index = 1070, .adv_w = 103, .box_w = 5, .box_h = 19, .ofs_x = 0, .ofs_y = -3},
    {.bitmap_index = 1165, .adv_w = 159, .box_w = 8, .box_h = 9, .ofs_x = 1, .ofs_y = 6},
    {.bitmap_index = 1237, .adv_w = 206, .box_w = 11, .box_h = 10, .ofs_x = 1, .ofs_y = 1},
    {.bitmap_index = 1347, .adv_w = 78, .box_w = 4, .box_h = 6, .ofs_x = 0, .ofs_y = -3},
    {.bitmap_index = 1371, .adv_w = 141, .box_w = 7, .box_h = 2, .ofs_x = 1, .ofs_y = 5},
    {.bitmap_index = 1385, .adv_w = 78, .box_w = 3, .box_h = 3, .ofs_x = 1, .ofs_y = 0},
    {.bitmap_index = 1394, .adv_w = 110, .box_w = 7, .box_h = 18, .ofs_x = 0, .ofs_y = -2},
    {.bitmap_index = 1520, .adv_w = 202, .box_w = 12, .box_h = 15, .ofs_x = 0, .ofs_y = 0},
    {.bitmap_index = 1700, .adv_w = 122, .box_w = 7, .box_h = 15, .ofs_x = 0, .ofs_y = 0},
    {.bitmap_index = 1805, .adv_w = 187, .box_w = 11, .box_h = 15, .ofs_x = 0, .ofs_y = 0},
    {.bitmap_index = 1970, .adv_w = 195, .box_w = 12, .box_h = 15, .ofs_x = 0, .ofs_y = 0},
    {.bitmap_index = 2150, .adv_w = 204, .box_w = 13, .box_h = 15, .ofs_x = 0, .ofs_y = 0},
    {.bitmap_index = 2345, .adv_w = 188, .box_w = 11, .box_h = 15, .ofs_x = 0, .ofs_y = 0},
    {.bitmap_index = 2510, .adv_w = 193, .box_w = 12, .box_h = 15, .ofs_x = 0, .ofs_y = 0},
    {.bitmap_index = 2690, .adv_w = 172, .box_w = 11, .box_h = 15, .ofs_x = 0, .ofs_y = 0},
    {.bitmap_index = 2855, .adv_w = 192, .box_w = 12, .box_h = 15, .ofs_x = 0, .ofs_y = 0},
    {.bitmap_index = 3035, .adv_w = 193, .box_w = 12, .box_h = 15, .ofs_x = 0, .ofs_y = 0},
    {.bitmap_index = 3215, .adv_w = 78, .box_w = 3, .box_h = 11, .ofs_x = 1, .ofs_y = 0},
    {.bitmap_index = 3248, .adv_w = 80, .box_w = 4, .box_h = 14, .ofs_x = 0, .ofs_y = -3},
    {.bitmap_index = 3304, .adv_w = 206, .box_w = 10, .box_h = 12, .ofs_x = 1, .ofs_y = 0},
    {.bitmap_index = 3424, .adv_w = 206, .box_w = 10, .box_h = 6, .ofs_x = 1, .ofs_y = 3},
    {.bitmap_index = 3484, .adv_w = 206, .box_w = 11, .box_h = 12, .ofs_x = 1, .ofs_y = 0},
    {.bitmap_index = 3616, .adv_w = 172, .box_w = 10, .box_h = 15, .ofs_x = 0, .ofs_y = 0},
    {.bitmap_index = 3766, .adv_w = 315, .box_w = 19, .box_h = 19, .ofs_x = 0, .ofs_y = -4},
    {.bitmap_index = 4127, .adv_w = 218, .box_w = 14, .box_h = 15, .ofs_x = 0, .ofs_y = 0},
    {.bitmap_index = 4337, .adv_w = 206, .box_w = 12, .box_h = 15, .ofs_x = 1, .ofs_y = 0},
    {.bitmap_index = 4517, .adv_w = 232, .box_w = 14, .box_h = 15, .ofs_x = 0, .ofs_y = 0},
    {.bitmap_index = 4727, .adv_w = 224, .box_w = 13, .box_h = 15, .ofs_x = 1, .ofs_y = 0},
    {.bitmap_index = 4922, .adv_w = 190, .box_w = 11, .box_h = 15, .ofs_x = 1, .ofs_y = 0},
    {.bitmap_index = 5087, .adv_w = 182, .box_w = 10, .box_h = 15, .ofs_x = 1, .ofs_y = 0},
    {.bitmap_index = 5237, .adv_w = 235, .box_w = 14, .box_h = 15, .ofs_x = 0, .ofs_y = 0},
    {.bitmap_index = 5447, .adv_w = 230, .box_w = 12, .box_h = 15, .ofs_x = 1, .ofs_y = 0},
    {.bitmap_index = 5627, .adv_w = 79, .box_w = 3, .box_h = 15, .ofs_x = 1, .ofs_y = 0},
    {.bitmap_index = 5672, .adv_w = 176, .box_w = 10, .box_h = 15, .ofs_x = 0, .ofs_y = 0},
    {.bitmap_index = 5822, .adv_w = 211, .box_w = 12, .box_h = 15, .ofs_x = 1, .ofs_y = 0},
    {.bitmap_index = 6002, .adv_w = 175, .box_w = 10, .box_h = 15, .ofs_x = 1, .ofs_y = 0},
    {.bitmap_index = 6152, .adv_w = 281, .box_w = 16, .box_h = 15, .ofs_x = 1, .ofs_y = 0},
    {.bitmap_index = 6392, .adv_w = 232, .box_w = 13, .box_h = 15, .ofs_x = 1, .ofs_y = 0},
    {.bitmap_index = 6587, .adv_w = 241, .box_w = 15, .box_h = 15, .ofs_x = 0, .ofs_y = 0},
    {.bitmap_index = 6812, .adv_w = 200, .box_w = 11, .box_h = 15, .ofs_x = 1, .ofs_y = 0},
    {.bitmap_index = 6977, .adv_w = 241, .box_w = 15, .box_h = 16, .ofs_x = 0, .ofs_y = -1},
    {.bitmap_index = 7217, .adv_w = 205, .box_w = 12, .box_h = 15, .ofs_x = 1, .ofs_y = 0},
    {.bitmap_index = 7397, .adv_w = 202, .box_w = 12, .box_h = 15, .ofs_x = 0, .ofs_y = 0},
    {.bitmap_index = 7577, .adv_w = 200, .box_w = 12, .box_h = 15, .ofs_x = 0, .ofs_y = 0},
    {.bitmap_index = 7757, .adv_w = 228, .box_w = 12, .box_h = 15, .ofs_x = 1, .ofs_y = 0},
    {.bitmap_index = 7937, .adv_w = 217, .box_w = 14, .box_h = 15, .ofs_x = 0, .ofs_y = 0},
    {.bitmap_index = 8147, .adv_w = 312, .box_w = 20, .box_h = 15, .ofs_x = 0, .ofs_y = 0},
    {.bitmap_index = 8447, .adv_w = 215, .box_w = 14, .box_h = 15, .ofs_x = 0, .ofs_y = 0},
    {.bitmap_index = 8657, .adv_w = 213, .box_w = 14, .box_h = 15, .ofs_x = 0, .ofs_y = 0},
    {.bitmap_index = 8867, .adv_w = 200, .box_w = 12, .box_h = 15, .ofs_x = 0, .ofs_y = 0},
    {.bitmap_index = 9047, .adv_w = 103, .box_w = 5, .box_h = 19, .ofs_x = 1, .ofs_y = -3},
    {.bitmap_index = 9142, .adv_w = 110, .box_w = 7, .box_h = 18, .ofs_x = 0, .ofs_y = -2},
    {.bitmap_index = 9268, .adv_w = 103, .box_w = 5, .box_h = 19, .ofs_x = 0, .ofs_y = -3},
    {.bitmap_index = 9363, .adv_w = 145, .box_w = 9, .box_h = 7, .ofs_x = 0, .ofs_y = 8},
    {.bitmap_index = 9426, .adv_w = 148, .box_w = 10, .box_h = 2, .ofs_x = 0, .ofs_y = -2},
    {.bitmap_index = 9446, .adv_w = 88, .box_w = 5, .box_h = 4, .ofs_x = 0, .ofs_y = 12},
    {.bitmap_index = 9466, .adv_w = 172, .box_w = 10, .box_h = 11, .ofs_x = 0, .ofs_y = 0},
    {.bitmap_index = 9576, .adv_w = 187, .box_w = 10, .box_h = 15, .ofs_x = 1, .ofs_y = 0},
    {.bitmap_index = 9726, .adv_w = 174, .box_w = 11, .box_h = 11, .ofs_x = 0, .ofs_y = 0},
    {.bitmap_index = 9847, .adv_w = 187, .box_w = 11, .box_h = 15, .ofs_x = 0, .ofs_y = 0},
    {.bitmap_index = 10012, .adv_w = 177, .box_w = 11, .box_h = 11, .ofs_x = 0, .ofs_y = 0},
    {.bitmap_index = 10133, .adv_w = 109, .box_w = 7, .box_h = 15, .ofs_x = 0, .ofs_y = 0},
    {.bitmap_index = 10238, .adv_w = 188, .box_w = 11, .box_h = 15, .ofs_x = 0, .ofs_y = -4},
    {.bitmap_index = 10403, .adv_w = 182, .box_w = 10, .box_h = 15, .ofs_x = 1, .ofs_y = 0},
    {.bitmap_index = 10553, .adv_w = 73, .box_w = 4, .box_h = 15, .ofs_x = 0, .ofs_y = 0},
    {.bitmap_index = 10613, .adv_w = 73, .box_w = 5, .box_h = 19, .ofs_x = -1, .ofs_y = -4},
    {.bitmap_index = 10708, .adv_w = 170, .box_w = 10, .box_h = 15, .ofs_x = 1, .ofs_y = 0},
    {.bitmap_index = 10858, .adv_w = 73, .box_w = 3, .box_h = 15, .ofs_x = 1, .ofs_y = 0},
    {.bitmap_index = 10903, .adv_w = 276, .box_w = 15, .box_h = 11, .ofs_x = 1, .ofs_y = 0},
    {.bitmap_index = 11068, .adv_w = 182, .box_w = 10, .box_h = 11, .ofs_x = 1, .ofs_y = 0},
    {.bitmap_index = 11178, .adv_w = 182, .box_w = 11, .box_h = 11, .ofs_x = 0, .ofs_y = 0},
    {.bitmap_index = 11299, .adv_w = 187, .box_w = 10, .box_h = 15, .ofs_x = 1, .ofs_y = -4},
    {.bitmap_index = 11449, .adv_w = 187, .box_w = 11, .box_h = 15, .ofs_x = 0, .ofs_y = -4},
    {.bitmap_index = 11614, .adv_w = 112, .box_w = 6, .box_h = 11, .ofs_x = 1, .ofs_y = 0},
    {.bitmap_index = 11680, .adv_w = 160, .box_w = 10, .box_h = 11, .ofs_x = 0, .ofs_y = 0},
    {.bitmap_index = 11790, .adv_w = 106, .box_w = 7, .box_h = 14, .ofs_x = 0, .ofs_y = 0},
    {.bitmap_index = 11888, .adv_w = 182, .box_w = 10, .box_h = 11, .ofs_x = 1, .ofs_y = 0},
    {.bitmap_index = 11998, .adv_w = 172, .box_w = 11, .box_h = 11, .ofs_x = 0, .ofs_y = 0},
    {.bitmap_index = 12119, .adv_w = 252, .box_w = 16, .box_h = 11, .ofs_x = 0, .ofs_y = 0},
    {.bitmap_index = 12295, .adv_w = 168, .box_w = 11, .box_h = 11, .ofs_x = 0, .ofs_y = 0},
    {.bitmap_index = 12416, .adv_w = 172, .box_w = 11, .box_h = 15, .ofs_x = 0, .ofs_y = -4},
    {.bitmap_index = 12581, .adv_w = 163, .box_w = 10, .box_h = 11, .ofs_x = 0, .ofs_y = 0},
    {.bitmap_index = 12691, .adv_w = 132, .box_w = 7, .box_h = 19, .ofs_x = 1, .ofs_y = -3},
    {.bitmap_index = 12824, .adv_w = 103, .box_w = 3, .box_h = 25, .ofs_x = 2, .ofs_y = -5},
    {.bitmap_index = 12899, .adv_w = 132, .box_w = 8, .box_h = 19, .ofs_x = 0, .ofs_y = -3},
    {.bitmap_index = 13051, .adv_w = 206, .box_w = 11, .box_h = 4, .ofs_x = 1, .ofs_y = 4}
};

/*---------------------
 *  CHARACTER MAPPING
 *--------------------*/



/*Collect the unicode lists and glyph_id offsets*/
static const lv_font_fmt_txt_cmap_t cmaps[] =
{
    {
        .range_start = 32, .range_length = 95, .glyph_id_start = 1,
        .unicode_list = NULL, .glyph_id_ofs_list = NULL, .list_length = 0, .type = LV_FONT_FMT_TXT_CMAP_FORMAT0_TINY
    }
};

/*-----------------
 *    KERNING
 *----------------*/

/*Map glyph_ids to kern left classes*/
static const uint8_t kern_left_class_mapping[] =
{
    0, 0, 0, 1, 0, 2, 0, 3,
    1, 4, 0, 5, 6, 7, 6, 7,
    8, 9, 10, 0, 11, 12, 13, 0,
    14, 11, 9, 15, 15, 0, 16, 17,
    18, 19, 20, 21, 22, 23, 0, 24,
    25, 26, 26, 27, 28, 29, 26, 26,
    23, 30, 23, 31, 32, 33, 27, 34,
    35, 36, 37, 38, 4, 39, 0, 5,
    40, 0, 41, 42, 42, 26, 42, 43,
    44, 41, 45, 45, 46, 26, 41, 41,
    42, 42, 44, 47, 48, 49, 50, 51,
    52, 53, 51, 54, 4, 10, 0, 55
};

/*Map glyph_ids to kern right classes*/
static const uint8_t kern_right_class_mapping[] =
{
    0, 0, 0, 1, 0, 2, 0, 3,
    1, 0, 4, 5, 6, 7, 8, 9,
    10, 11, 12, 0, 13, 14, 0, 11,
    15, 13, 0, 16, 16, 17, 18, 0,
    19, 20, 21, 22, 23, 22, 22, 22,
    23, 22, 22, 24, 22, 22, 22, 22,
    23, 22, 23, 22, 25, 26, 27, 28,
    29, 30, 31, 32, 0, 33, 4, 34,
    35, 0, 36, 22, 37, 37, 37, 38,
    37, 22, 39, 40, 22, 22, 41, 41,
    37, 41, 37, 41, 42, 43, 44, 45,
    46, 47, 45, 48, 0, 49, 4, 50
};

/*Kern values between classes*/
static const int8_t kern_class_values[] =
{
    0, 0, 0, 0, 0, 0, 0, 0,
    0, 0, 0, 0, 0, 0, 0, 0,
    0, 0, 0, 0, -25, 0, 0, -53,
    0, 0, 0, 0, 0, 0, 0, 0,
    0, 0, 0, 0, -12, 0, 0, 0,
    0, -8, 0, 0, 0, 0, 0, 0,
    0, 0, 0, 0, 0, 0, 0, 0,
    0, 0, 0, 0, 0, 0, 0, 0,
    0, 0, 0, 0, 0, 0, -2, 0,
    0, 0, 0, -4, 0, 0, 0, -5,
    0, 0, 0, 0, 0, 0, 0, 0,
    0, 0, 0, 0, 0, 0, 0, 0,
    0, 0, 0, 0, 0, 0, 0, 0,
    0, 0, 0, 0, 0, 0, 0, 0,
    0, 0, 0, 0, 0, 0, 0, 0,
    0, 0, 0, 0, 0, -18, 0, -20,
    -13, 0, -24, 0, 0, 0, 0, 0,
    0, 0, 0, 0, 0, 0, 0, 0,
    -11, -11, 0, 0, 0, 0, 0, 0,
    0, 0, 0, 0, 0, 0, 0, 0,
    0, 0, 0, 0, 0, 0, 0, 0,
    0, 0, 0, 0, 0, 0, 0, 0,
    0, 0, 0, 0, 0, 0, 0, 0,
    0, 0, -3, 0, 0, 8, 0, 0,
    0, 0, 0, 0, 0, 0, 0, 0,
    0, 0, 0, 0, 0, 0, 0, 0,
    0, 0, 0, 0, 0, 0, 0, 0,
    0, 0, 0, 0, -27, 0, -1, -31,
    0, 0, 0, 0, 0, 0, 0, 0,
    0, 0, 0, 0, 0, 0, 0, 0,
    0, 0, 0, 0, 0, 0, 0, 0,
    0, 0, 0, 0, 0, 0, 0, 0,
    0, 0, 0, 0, 0, 0, 0, 0,
    0, 0, 0, 0, 0, 0, -11, 0,
    0, -15, 0, -24, 0, -16, -15, -15,
    -24, 0, 0, 0, 0, 0, 0, 0,
    0, 0, 0, 0, 0, 0, -3, 0,
    -7, 0, 0, 0, 0, 0, 0, 0,
    0, 0, 0, 0, 0, 0, 0, 0,
    0, 0, 0, 0, 0, 0, 0, 0,
    0, 0, -14, 0, 0, -11, 0, 0,
    0, 0, -14, 0, 0, 0, 0, 0,
    0, 0, 0, 0, 0, 0, 0, 0,
    0, 0, 0, 0, 0, 0, 0, 0,
    0, 0, 0, 0, 0, 0, 0, 0,
    0, 0, 0, 0, 0, 0, 0, 0,
    0, 0, -11, 0, 0, -20, 0, 0,
    0, 1, 1, 0, 0, 0, 0, 0,
    0, 0, 0, 0, 0, 0, 0, 0,
    0, 0, 0, 0, 0, 0, 0, 0,
    0, 0, 0, 0, 0, 0, 0, 0,
    0, 0, 0, 0, 0, 0, 0, 0,
    0, 0, 0, 0, -7, 0, 0, 0,
    0, 0, 0, -8, 0, -12, -11, 0,
    0, 0, 0, 0, 0, 0, 0, 0,
    0, 0, 6, 0, 0, 0, 0, 0,
    0, 0, 0, 0, 0, 0, 0, 0,
    0, 0, 0, 0, 0, 0, 0, 0,
    0, 0, 0, 0, 0, 0, 0, 0,
    0, 0, 0, 0, 0, 0, 0, 0,
    0, 0, 0, 0, 0, 0, 0, 0,
    0, 0, 0, 0, 2, 0, 2, 0,
    0, 0, 0, 0, 0, 0, 0, 0,
    0, 0, 0, 0, 0, 0, 0, 0,
    0, 0, 0, 0, 0, 0, 0, 0,
    0, 0, 0, 0, 0, 0, 0, 0,
    0, -7, 0, 0, 0, 0, 0, 0,
    0, 0, 0, 0, 0, 0, 0, 0,
    0, 0, 0, 0, 0, 0, 0, 0,
    0, 0, 0, 0, 0, 0, 0, 0,
    0, 0, 0, 0, 0, 0, 0, 0,
    0, 0, 0, 0, 0, 0, 0, 0,
    0, 0, 0, 0, 0, 0, 0, 0,
    0, 0, 0, 0, 0, 0, 0, 0,
    -6, 0, 0, 0, 0, 0, 0, 0,
    0, 0, 0, 0, 0, 0, 0, 0,
    0, 0, 0, 0, 0, 0, 0, 0,
    0, 0, 0, 0, 0, 0, 0, 0,
    0, 0, 0, 0, 0, 0, 0, 0,
    0, 0, 0, 0, 0, 0, 0, 0,
    0, 0, -4, 0, 0, 0, 0, 0,
    0, 0, 0, 0, 0, 0, 0, 0,
    0, 0, 0, 0, 0, 0, 0, 0,
    0, 0, 0, 0, 0, 0, -35, 0,
    0, -31, 0, 0, 0, 0, 0, 0,
    0, 0, 0, 0, 0, -15, -16, 0,
    0, 0, -16, -18, 0, 0, 0, 0,
    0, 0, 0, 0, 0, 0, 0, 0,
    0, 0, 0, 0, 0, 0, 0, 0,
    0, 0, 0, 0, 0, 0, 0, 0,
    0, 0, 0, 0, 0, -11, 0, -20,
    0, 0, 0, 0, 0, 0, 0, 0,
    0, 0, 0, 0, 0, 0, 0, 0,
    0, 0, 0, 0, 0, 0, 0, 0,
    0, 0, 0, 0, 0, 0, 0, 0,
    0, 0, 0, 0, 0, 0, 0, 0,
    0, 0, -16, 0, 0, 0, 0, -15,
    0, -22, -20, -16, -31, 0, 0, 0,
    0, 0, 0, 0, 0, 0, 0, 0,
    0, 0, -13, 0, -11, 0, 0, 0,
    0, 0, 0, 0, 0, 0, 0, 0,
    0, 0, 0, 0, 0, 0, 0, 0,
    0, 0, 0, 0, -4, 0, 0, 0,
    0, -25, 0, -24, -24, -18, -29, -20,
    0, 0, 0, 0, 0, 0, 0, 0,
    0, 0, 0, 0, 0, 0, 0, 0,
    0, 0, 0, 0, 0, 0, 0, 0,
    0, 0, 0, 0, 0, 0, 0, 0,
    0, 0, 0, 0, 0, 0, -20, 0,
    0, 0, 0, 0, 0, 0, 0, 0,
    0, 0, 0, 0, 0, 0, 0, 0,
    0, 0, 0, 0, 0, 0, 0, 0,
    0, 0, 0, 0, 0, 0, 0, 0,
    0, 0, 0, 0, 0, 0, 0, 0,
    0, 0, 0, 0, 0, 0, 0, 0,
    -11, 0, 0, 0, 0, -13, 0, -12,
    -6, -18, -16, 0, 0, 0, 0, 0,
    0, 0, 0, 0, 0, 0, 0, 0,
    0, 0, 0, 0, 0, 0, -25, -2,
    0, 0, -27, -11, 0, -11, 0, 6,
    -7, -24, 0, 0, 0, 0, -4, -16,
    -20, -11, 4, 0, -11, 0, -2, -30,
    -12, -30, -21, 0, -32, 0, -30, -27,
    0, 0, -6, -2, 0, 0, 0, -1,
    -10, 0, -22, -22, 0, 0, 0, -11,
    0, 0, 0, 0, 0, 0, 0, 0,
    0, 0, 0, 0, 0, 0, 0, 0,
    0, 0, 0, 0, 0, 0, 0, 0,
    0, -13, 0, 0, 0, 0, 0, 0,
    0, 0, 0, 0, 0, 0, 0, 0,
    0, 0, 0, 0, 0, 0, 0, 0,
    0, 0, 0, 0, 0, 0, 0, 0,
    0, 0, 0, 0, 0, 0, 0, 0,
    0, 0, 0, 0, 0, 0, -6, 0,
    0, 0, 0, 0, 0, 0, 0, -3,
    0, 0, 0, 0, -13, 0, 0, 0,
    0, 0, 0, 0, 0, 0, 1, 0,
    0, 0, 0, 0, 0, 0, 0, 0,
    0, 0, -14, 0, -14, -13, 0, 0,
    0, 0, 0, 0, 0, 0, 0, 0,
    -11, 0, 0, 0, 0, -13, 0, -12,
    -6, -18, -16, 0, -12, 0, -13, 0,
    0, 0, 0, 0, 0, 0, 0, 0,
    0, 0, 0, 0, 0, 0, 0, 0,
    0, 0, 0, 0, -13, 0, -11, -4,
    0, 0, 0, 0, 0, 0, 0, 0,
    0, -2, -29, 0, -2, -22, 0, 0,
    0, 0, 0, 0, 0, 0, 0, 0,
    -11, -5, -5, 0, 0, 0, -5, 0,
    0, -11, -11, 0, 0, -11, 0, 0,
    0, 0, 0, 0, 0, 0, 0, 0,
    0, 0, 0, 0, 0, 0, 0, 0,
    0, 0, 0, 0, -8, 0, 0, 0,
    0, -10, 0, -7, 0, -3, -8, 0,
    -7, 0, 0, 0, 0, 0, 0, 0,
    0, 0, 0, 0, 0, 0, 0, 0,
    0, 0, 0, 0, 0, 0, 0, 0,
    0, 0, 0, 0, 0, 0, 0, 0,
    0, 0, 0, 0, 0, 0, 0, 0,
    0, 0, 0, 0, 0, 0, 0, 0,
    0, 0, 0, 0, 0, 0, 0, 0,
    0, 0, 0, 0, 2, 0, 2, 0,
    0, 0, 0, 0, 0, 0, 0, 0,
    0, 0, -11, 0, -11, -18, 0, 0,
    0, 0, 0, 0, 0, 0, 0, 0,
    -12, 0, 0, 0, 0, 0, 0, 0,
    0, 0, 0, 0, 0, 0, -16, 0,
    0, 0, 0, 0, 0, 0, 0, 0,
    0, 0, 0, 0, 0, 0, 0, -7,
    0, 0, 0, -31, 0, -31, 0, 0,
    0, 0, 0, 0, 0, 0, -22, -11,
    0, -13, 0, 0, -13, 0, -7, 0,
    0, 0, 0, 0, 0, 0, 0, 0,
    0, 0, -13, 0, 1, 0, 0, 0,
    0, -11, -13, -20, 0, 0, 0, -31,
    -29, 0, 0, 0, -13, -25, 0, -16,
    0, 0, 0, -15, 0, 0, 0, 0,
    0, 0, -16, -9, 0, 0, -9, 0,
    0, -30, 0, -23, -4, 0, -37, 0,
    -23, -42, 0, 0, 0, 0, 0, 0,
    0, 0, -7, 0, -22, 0, 0, 0,
    0, -13, 0, 0, -11, 0, 0, -12,
    -13, -12, -11, 0, 0, 0, 0, 0,
    0, 0, 0, 0, 0, 0, -25, 0,
    0, -31, 0, -2, 0, 0, 0, 0,
    0, 0, 0, 0, 0, -6, -7, 0,
    0, 0, -2, 0, 0, 0, 0, 0,
    0, 0, 0, -12, 0, 0, 0, 0,
    0, 0, 0, 0, 0, 0, 0, 0,
    0, 0, 0, 0, 0, 0, 0, 0,
    0, 0, 0, 0, 0, -5, 0, -6,
    0, 0, -8, 0, -6, 0, 0, -3,
    -6, 0, 0, 0, 0, 0, 0, 0,
    0, 0, 0, 0, 0, 0, 0, 0,
    0, 0, 0, 0, 0, 0, 0, 0,
    0, 0, 0, 0, -1, 0, 0, 0,
    0, 0, -2, 0, 0, 0, 0, -4,
    0, 0, 0, -5, 0, 0, 0, 0,
    0, 0, 0, 0, 0, 0, 0, 0,
    0, 0, 0, 0, 0, 0, 0, 0,
    0, -1, -11, 0, 0, -23, -11, -23,
    -11, -16, -11, 0, 0, -22, -25, -11,
    -25, -11, 0, -13, -30, 0, -13, -29,
    -1, 0, 0, 0, 0, 0, 1, 0,
    0, 0, -18, -33, -35, -3, 0, 0,
    -25, -31, -14, -29, -30, -29, -24, -26,
    0, -23, 0, 0, -16, 0, 0, -17,
    -31, -17, -31, -17, -8, 0, 0, -11,
    0, -20, -24, -20, 0, -11, -30, 0,
    -12, -31, 0, 0, 0, 7, 0, 0,
    0, 0, 7, 0, -25, -20, -22, 0,
    0, 0, -10, -15, 0, 0, 0, 0,
    0, 0, 0, -17, 0, -1, -16, 0,
    0, -15, -31, -15, -31, -3, 0, 0,
    0, -11, 0, -16, -24, -20, 0, -6,
    -21, 0, -6, -20, -1, 0, 0, 0,
    5, 0, 0, 0, 0, 0, 0, -17,
    -17, 0, 0, 0, -8, -11, 0, 0,
    0, 0, 0, 0, 0, -15, 0, -5,
    0, 0, 0, -15, 0, -15, 0, 0,
    -12, 0, -7, -13, 0, 0, -18, -16,
    0, -18, 0, 0, -18, 0, -5, -3,
    0, 0, 0, 0, 0, 0, 0, 0,
    0, -18, -9, 0, 0, 0, 0, 0,
    0, 0, 0, 0, 0, 0, 0, -11,
    0, 0, -20, 0, 0, -24, -14, -24,
    -14, 0, 0, 0, 0, -22, 0, -20,
    -33, -31, 0, -16, -32, 0, -16, -11,
    0, 1, 0, 0, 0, 0, 0, 0,
    0, 0, 0, -32, -32, 0, -8, 0,
    -20, -22, 0, -13, 0, 0, 0, 0,
    0, -24, 0, 0, 0, 0, 0, -12,
    0, -12, 0, 0, 0, 0, 0, 0,
    0, 0, -20, 0, 0, -11, 0, 0,
    -11, 0, 0, 0, 0, 0, 0, 0,
    0, 0, 0, 0, 0, 0, 0, 0,
    0, 0, 0, 0, 0, 0, 0, 0,
    0, 0, 0, -12, 0, 0, 0, 0,
    0, 0, 0, 0, 0, 0, 0, 0,
    0, 0, 0, 0, 0, 0, 0, 0,
    4, 0, -11, 0, -2, -13, -12, -17,
    -19, 0, -32, 0, 0, 0, 0, 0,
    -6, -2, 0, 0, 0, -1, -10, 0,
    -16, -22, 0, 0, 0, 0, 0, 0,
    0, 0, 0, 0, 0, 0, 0, 0,
    0, 0, 0, 0, 0, 0, 0, 0,
    0, 0, 0, 2, -13, 0, 0, -18,
    -13, -25, 0, 0, 0, 0, 0, 0,
    0, 0, 0, 0, 2, 31, 4, 0,
    0, 0, -25, 0, 0, 0, 0, 0,
    -12, 0, 0, 0, 0, 0, 0, 0,
    0, 0, 0, -13, 0, 0, 0, 0,
    0, 0, 0, 0, 0, 0, 0, 0,
    0, -29, 0, -16, -16, 0, -26, 0,
    -16, 0, 0, 0, 0, 0, 0, 0,
    0, 0, 0, 0, -7, 0, 0, 0,
    0, 0, -12, 0, 0, -4, 0, 0,
    0, 0, 0, 0, 0, -11, 0, 0,
    0, 0, 0, 0, 0, 0, -8, 0,
    0, 0, 0, -37, 0, -22, -17, -9,
    -33, 0, -22, 0, 0, 2, 0, 0,
    0, 0, 0, 0, 0, 0, -6, -5,
    -9, -5, 0, 0, 0, 0, 0, 0,
    0, -8, -18, -8, -18, -7, 0, 0,
    0, -20, 0, 0, 0, 0, 0, 0,
    -11, 0, 0, -20, 0, 0, 0, 0,
    0, 0, 3, 0, 0, 0, -5, -5,
    -4, -12, 0, 1, 0, -7, -12, 0,
    1, 8, 0, 0, 0, -8, 0, 0,
    0, 0, 0, 0, 0, 0, 0, 0,
    0, 0, 0, 0, 0, 0, 0, 0,
    0, 0, 0, 0, 0, 0, 0, -16,
    0, 0, 0, 0, 0, 0, 0, 0,
    0, 0, 0, 0, 0, 1, 0, 0,
    0, 0, 0, 0, 0, 0, 0, 0,
    0, 0, 0, 7, 0, 0, 0, 0,
    0, 0, 0, 0, 0, 0, 0, 0,
    0, 0, 0, 0, 0, 0, 0, 0,
    0, 0, 0, 0, 0, 0, 0, 0,
    0, 0, 0, 0, 0, 0, 0, 0,
    0, 0, 2, 0, 0, 0, 0, 0,
    0, 0, 0, 0, 0, 0, 0, -16,
    0, -16, 0, 0, 0, 0, 0, -15,
    0, 0, -27, 0, 0, 0, 0, 0,
    0, 0, 0, -18, 0, 0, 0, 0,
    0, 0, 0, 0, 0, 0, -7, 0,
    0, 0, 0, 0, 0, 0, 1, 0,
    0, 0, 0, -16, 0, 0, 0, 0,
    0, -11, -20, -11, -20, -10, 0, 0,
    0, 0, 0, 0, -11, 0, 0, 0,
    -13, 0, 0, -18, 0, -18, 0, 0,
    0, 0, 0, -11, 0, 0, 0, -3,
    -3, 5, 1, 2, 2, 0, 5, 0,
    4, 3, 2, 0, 0, -11, -7, 0,
    0, 0, 0, 0, 0, 0, 0, 0,
    0, 0, 0, 0, 0, 0, 0, 0,
    0, 0, 0, 0, 0, 0, 0, -24,
    0, -15, -11, 0, -24, 0, -15, 0,
    0, 0, 0, 0, 0, 0, 0, 0,
    3, 0, -3, 0, 0, 0, 0, 0,
    0, 0, 0, 0, 0, -6, 0, -6,
    0, 0, 0, 0, 0, -4, 0, 0,
    -9, 0, 0, 0, 0, 0, 0, 0,
    0, -11, 0, -2, -2, 0, -4, 0,
    -2, 0, 0, 4, -3, -7, 0, 3,
    0, -3, -9, 0, 8, 7, 0, 0,
    0, -6, 0, 0, 0, 0, 0, -12,
    0, -12, 0, -11, 0, 0, 0, 0,
    0, 0, -13, 0, 0, 0, 0, 0,
    0, 0, 0, -16, 0, 0, 0, 0,
    -18, 0, 0, 0, -11, 0, 0, 0,
    0, 0, 0, 0, 0, 0, 0, 0,
    0, 0, 0, -12, 0, 0, 0, 0,
    0, -6, -20, -6, -20, -18, 0, 0,
    0, 0, 0, 0, -11, -13, 0, 0,
    -22, 2, 0, -20, 0, -11, 0, 0,
    0, 0, -11, 0, 0, 0, -25, -4,
    -6, 6, 0, 0, 0, -2, 6, 0,
    0, 0, 0, 0, 2, -6, 0, 0,
    -11, 0, 0, 0, -24, 0, -24, 0,
    0, 0, 0, 0, 0, 0, 0, 0,
    0, 0, -22, 0, 0, -18, 0, -16,
    0, 0, 0, 0, 0, -11, 0, 0,
    0, -2, -5, 0, 0, 0, 0, 0,
    0, 0, 0, 0, 0, 0, 0, 0,
    0, 0, 0, 0, 0, -7, 0, -7,
    0, 0, 0, 0, 0, 0, 0, 0,
    0, -11, 0, 0, 0, 0, 0, 0,
    0, -17, 0, 0, 0, 0, 0, 0,
    0, 0, 0, -2, -9, 5, 0, 0,
    0, 0, 5, 0, 0, 0, 0, 0,
    0, -7, 0, 0, 0, 0, 0, 0,
    0, 0, 0, 0, 0, 0, 0, 0,
    0, 0, 0, 0, 0, 0, 0, 0,
    0, 0, 0, -11, 0, 0, 0, 0,
    0, 0, 0, 0, 0, 0, -5, 0,
    0, 0, 0, 0, 0, 0, 0, 0,
    0, 0, 0, 0, 0, 0, 0, 0,
    0, 0, 0, 0, 0, 0, 0, 0,
    0, 0, 0, 0, 0, 0, 0, 0,
    -11, 0, 0, -15, 0, -24, 0, -16,
    -15, -12, -24, 0, 0, 0, 0, 0,
    0, 0, 0, 0, 0, 0, 0, 0,
    -3, 0, -7, 0, 0, 0
};

/*Collect the kern class' data in one place*/
static const lv_font_fmt_txt_kern_classes_t kern_classes =
{
    .class_pair_values   = kern_class_values,
    .left_class_mapping  = kern_left_class_mapping,
    .right_class_mapping = kern_right_class_mapping,
    .left_class_cnt      = 55,
    .right_class_cnt     = 50,
};

/*--------------------
 *  ALL CUSTOM DATA
 *--------------------*/

#if LVGL_VERSION_MAJOR == 8
/*Store all the custom data of the font*/
static  lv_font_fmt_txt_glyph_cache_t cache;
#endif

#if LVGL_VERSION_MAJOR >= 8
static const lv_font_fmt_txt_dsc_t font_dsc = {
#else
static lv_font_fmt_txt_dsc_t font_dsc = {
#endif
    .glyph_bitmap = glyph_bitmap,
    .glyph_dsc = glyph_dsc,
    .cmaps = cmaps,
    .kern_dsc = &kern_classes,
    .kern_scale = 16,
    .cmap_num = 1,
    .bpp = 8,
    .kern_classes = 1,
    .bitmap_format = 0,
#if LVGL_VERSION_MAJOR == 8
    .cache = &cache
#endif
    .stride = 1
};



/*-----------------
 *  PUBLIC FONT
 *----------------*/

/*Initialize a public general font descriptor*/
#if LVGL_VERSION_MAJOR >= 8
const lv_font_t inter_medium_20 = {
#else
lv_font_t inter_medium_20 = {
#endif
    .get_glyph_dsc = lv_font_get_glyph_dsc_fmt_txt,    /*Function pointer to get glyph's data*/
    .get_glyph_bitmap = lv_font_get_bitmap_fmt_txt,    /*Function pointer to get glyph's bitmap*/
    .line_height = 25,          /*The maximum line height required by the font*/
    .base_line = 5,             /*Baseline measured from the bottom of the line*/
#if LV_VERSION_CHECK(9, 6, 0) || LVGL_VERSION_MAJOR >= 10
    .cap_height = 15,           /*Cap height of the font*/
    .x_height = 10,               /*x-height of the font*/
#endif
#if !(LVGL_VERSION_MAJOR == 6 && LVGL_VERSION_MINOR == 0)
    .subpx = LV_FONT_SUBPX_NONE,
#endif
#if LV_VERSION_CHECK(7, 4, 0) || LVGL_VERSION_MAJOR >= 8
    .underline_position = -2,
    .underline_thickness = 2,
#endif

#if LV_VERSION_CHECK(9, 3, 0)
    .static_bitmap = 1,    /*Bitmaps are stored as const so they are always static if not compressed */
#endif

    .dsc = &font_dsc,          /*The custom font data. Will be accessed by `get_glyph_bitmap/dsc` */
#if LV_VERSION_CHECK(8, 2, 0) || LVGL_VERSION_MAJOR >= 9
    .fallback = NULL,
#endif
    .user_data = NULL,
};



#endif /*#if INTER_MEDIUM_20*/
